title,url,source,published_at,snippet,link_verified,fetch_timestamp
A photonic integrated long-distance quantum communication network,https://www.nature.com/articles/s41566-026-01944-w,Nature.com,2026-06-19T00:00:00Z,A four-user quantum spine-leaf network over up to 540-km fibre is demonstrated using a twin-field quantum key distribution protocol. It allows the full connections between any two user pairs and is operated at a 1.25 GHz clock rate with a secret key rate of 9…,True,2026-06-20T01:51:05.924442
EssilorLuxottica and Applied Materials Partner on AR Optics Platforms for Next-Gen Smart Glasses,http://mobile.visionmonday.com/business/article/essilorluxottica-and-applied-materials-partner-on-ar-optics-platforms-for-nextgen-smart-glasses/,Visionmonday.com,2026-06-18T23:14:26Z,"PARIS and SANTA CLARA, Calif.—EssilorLuxottica (ESLX.PA) and Applied Materials, Inc. (NASDAQ: AMAT) have announced a long-term joint development agreement in which they aim to accelerate the commercialization of next-generation intelligent optical systems for…",True,2026-06-20T01:51:05.924454
HyperLight Announces $80 Million Series C to Accelerate TFLN Deployment for AI Infrastructure,https://financialpost.com/pmn/business-wire-news-releases-pmn/hyperlight-announces-80-million-series-c-to-accelerate-tfln-deployment-for-ai-infrastructure,Financial Post,2026-06-18T15:38:28Z,"CAMBRIDGE, Mass. — HyperLight Corporation (“HyperLight”), a leader in thin-film lithium niobate (TFLN) photonics, today announced the closing of an $80 million Series C financing round led by MediaTek. The round includes participation from UMC Capital, Jabil,…",False,2026-06-20T01:51:05.924456
Ultraviolet (UV) Sensor Market Accelerates as UV-C Monitoring and Safety Regulations Drive Adoption | US$21.6 billion by 2033 | Persistence Market,https://www.prnewswire.com/news-releases/ultraviolet-uv-sensor-market-accelerates-as-uv-c-monitoring-and-safety-regulations-drive-adoption--us21-6-billion-by-2033--persistence-market-302804435.html,PRNewswire,2026-06-18T13:52:00Z,"LONDON, June 18, 2026 /PRNewswire/ -- The global UV sensor market is growing rapidly, expected to be valued at around US$5.2 billion in 2026 and projected to reach US$21.6 billion by 2033, with a CAGR of 22.6% in the coming years. This expansion is fueled by …",True,2026-06-20T01:51:05.924458
All In FutureTech Alliance Inc. Provides Strategic Implementation Update: Aivolution Venture Fund and Co-Intelligence Academy to Be Fully Integrated into the AIFA Public Company Platform,https://financialpost.com/globe-newswire/all-in-futuretech-alliance-inc-provides-strategic-implementation-update-aivolution-venture-fund-and-co-intelligence-academy-to-be-fully-integrated-into-the-aifa-public-company-platform,Financial Post,2026-06-18T13:07:06Z,"NEW YORK, June 18, 2026 (GLOBE NEWSWIRE) — All In FutureTech Alliance Inc. (Nasdaq: AIFA) (the “Company” or “AIFA”) today provided a strategic implementation update. Under the leadership of newly appointed Chairman Li Shanglong (Michael Li) and newly appointe…",False,2026-06-20T01:51:05.924460
Tower Semiconductor ships 5 million coherent photonic circuits to Marvell for AI data centers,https://cryptobriefing.com/tower-semiconductor-photonic-circuits-marvell-ai/,Crypto Briefing,2026-06-18T11:57:24Z,"Tower's milestone in photonic circuits enhances AI data center efficiency, signaling a shift towards integrated, high-bandwidth optical solutions.
The post Tower Semiconductor ships 5 million coherent photonic circuits to Marvell for AI data centers appeared …",True,2026-06-20T01:51:05.924462
MBRYONICS Chooses Pilot Photonics' Laser for Space Optical Communication Transceivers,https://www.prnewswire.com/news-releases/mbryonics-chooses-pilot-photonics-laser-for-space-optical-communication-transceivers-302804201.html,PRNewswire,2026-06-18T11:00:00Z,"DUBLIN, June 18, 2026 /PRNewswire/ -- MBRYONICS, the laser communications company building the internet in space, have chosen Pilot Photonics' ultra-fast tunable lasers for their terabit-per-second transceivers for optical communication. Responding to the inc…",True,2026-06-20T01:51:05.924463
汎銓指光損定位成矽光子、CPO 良率關鍵，籲請同業尊重智慧財產權,https://finance.technews.tw/2026/06/18/panquan-refers-to-the-key-to-optical-loss-localization-in-silicon-photonics-and-cpo-yield/,Technews.tw,2026-06-18T10:15:28Z,先進製程材料分析與矽光子檢測服務廠汎銓科技18日針對同業公開說明將積極布局矽光子檢測市場，並有市場消息指出此同業的相關光損檢測設備可能涉及向目前遭汎銓提起專利侵權訴訟之廠商採購，基於維護台灣整體科技產業價值與重要性，以及保護公司長期研發投入所累積之競爭優勢，汎銓已責成法務團隊與外部律師進一步了解相關...,False,2026-06-20T01:51:05.924589
Tower Semiconductor and Marvell Ship Over Five Million Coherent Photonic ICs,https://www.globenewswire.com/news-release/2026/06/18/3313991/0/en/Tower-Semiconductor-and-Marvell-Ship-Over-Five-Million-Coherent-Photonic-ICs.html,GlobeNewswire,2026-06-18T09:30:00Z,"Tower’s advanced silicon photonics platform enables high-bandwidth, energy-efficient data center connectivity   MIGDAL HAEMEK, Israel, June 18, 2026 -...",True,2026-06-20T01:51:05.924593
"BESI raises long-term revenue and margin targets ahead of investor day, citing AI data center demand",https://cryptobriefing.com/besi-raises-revenue-margin-targets-ai-demand/,Crypto Briefing,2026-06-18T09:24:13Z,"BESI's revised targets highlight a transformative shift in semiconductor packaging, driven by AI demands, potentially reshaping industry norms.
The post BESI raises long-term revenue and margin targets ahead of investor day, citing AI data center demand appea…",True,2026-06-20T01:51:05.924595
"Milano riunisce ricerca, industria e istituzioni sulla sfida delle tecnologie strategiche",https://www.ilsole24ore.com/art/milano-riunisce-ricerca-industria-e-istituzioni-sfida-tecnologie-strategiche-AIzXv3kD,Il Sole 24 Ore,2026-06-18T21:11:32Z,"Milano prova a occupare uno spazio preciso nella nuova mappa della competizione globale: quello delle tecnologie strategiche. Dal quantum computing all’intelligenza artificiale, passando per il supercalcolo e la cybersicurezza, il...",True,2026-06-20T01:51:06.159470
Algorand plans quantum computing readiness by end of 2027,https://cryptobriefing.com/algorand-quantum-computing-readiness-2027/,Crypto Briefing,2026-06-18T21:00:00Z,"Algorand's proactive quantum readiness strategy could set a new security benchmark, influencing blockchain innovation and investor confidence.
The post Algorand plans quantum computing readiness by end of 2027 appeared first on Crypto Briefing.",True,2026-06-20T01:51:06.159479
Algorand Plans to Be Ready for Quantum Computing Threat by End of 2027,https://decrypt.co/371581/algorand-plans-ready-quantum-computing-threat-end-2027,Decrypt,2026-06-18T20:52:47Z,"Quantum computing threatens the blockchain ecosystem, from Bitcoin to Ethereum and beyond, and Algorand has a plan to be prepared.",True,2026-06-20T01:51:06.159482
The Hardware Powering Modern Quantum Computers Explained,https://www.geeky-gadgets.com/the-hardware-powering-modern-quantum-computers-explained/,Geeky Gadgets,2026-06-18T20:52:15Z,"Quantum computers aren’t just physics experiments tucked away in university basements anymore. They’re becoming real engineering projects, deployed by companies that care as much about wiring and refrigeration as they do about qubit counts. While early headli…",False,2026-06-20T01:51:06.159483
BTQ TECHNOLOGIES ANNOUNCES AT-THE-MARKET EQUITY PROGRAM,https://www.prnewswire.com/news-releases/btq-technologies-announces-at-the-market-equity-program-302804891.html,PRNewswire,2026-06-18T20:42:00Z,"VANCOUVER, BC, June 18, 2026 /PRNewswire/ - BTQ Technologies Corp. (""BTQ"" or the ""Company"") (Nasdaq: BTQ) (CBOE CA: BTQ), a global quantum technology company focused on securing mission-critical networks, today announced its at-the-market equity program (the …",True,2026-06-20T01:51:06.159485
"Quantum Leap Acquisition Corp Announces Separate Trading of Class A Ordinary Shares and Warrants Commencing June 23, 2026",https://www.globenewswire.com/news-release/2026/06/18/3314528/0/en/Quantum-Leap-Acquisition-Corp-Announces-Separate-Trading-of-Class-A-Ordinary-Shares-and-Warrants-Commencing-June-23-2026.html,GlobeNewswire,2026-06-18T20:26:00Z,"MENLO PARK, Calif, June 18, 2026 (GLOBE NEWSWIRE) --  Quantum Leap Acquisition Corp (the ""Company"") (NYSE: QLEPU) announced today that the separate trading of the Class A ordinary shares and warrants comprising the units sold in the Company's initial public o…",True,2026-06-20T01:51:06.159486
"US C5ISR Funding Reaches $42.7 Billion as AI, Open Architectures, and Next-Generation Technologies Reshape Defense Modernization",https://www.prnewswire.com/news-releases/us-c5isr-funding-reaches-42-7-billion-as-ai-open-architectures-and-next-generation-technologies-reshape-defense-modernization-302804766.html,PRNewswire,2026-06-18T20:11:00Z,"Frost & Sullivan identifies significant growth opportunities across quantum technologies, edge integration, and the Internet of Battlefield Things SILICON VALLEY, Calif., June 18, 2026 /PRNewswire/ -- Frost & Sullivan's latest analysis, C5ISR Industry, United…",True,2026-06-20T01:51:06.159487
BIRD Stock Surges as Allbirds Rebrands to Smartbird in AI Pivot,https://biztoc.com/x/33c01e3fc8ffd122,Biztoc.com,2026-06-18T19:15:22Z,"stock is soaring on Thursday morning after the company rebranded as Smartbird, officially transforming into an artificial intelligence (AI) infrastructure services firm.
To spearhead this transition, BIRD has also named Nadia Carlsten, former quantum computin…",True,2026-06-20T01:51:06.159489
Tech bills of the week: Managing biological data; Evaluating quantum computing’s impact on national security; and more,https://www.nextgov.com/policy/2026/06/tech-bills-week-managing-biological-data-evaluating-quantum-computings-impact-national-security-and-more/414280/,Nextgov,2026-06-18T18:53:00Z,"The latest tech legislation looks to create a database that can aid biotechnology development, understand how quantum computing could affect national security and give the U.S. public a share in the biggest AI companies.",True,2026-06-20T01:51:06.159490
Bitcoin’s biggest quantum risk may not be wallet keys. An early investor fears something bigger,https://www.activistpost.com/bitcoins-biggest-quantum-risk-may-not-be-wallet-keys-an-early-investor-fears-something-bigger/,Activistpost.com,2026-06-18T18:00:00Z,"Andrew Gault, the venture capitalist who funded the quantum hardware labs now threatening bitcoin, says the industry is looking in the wrong place. Google’s own security team moved in the same direction in March. Aventure capitalist who has spent a decade bac…",True,2026-06-20T01:51:06.159492
cascaqit 0.1.9,https://pypi.org/project/cascaqit/0.1.9/,Pypi.org,2026-06-18T17:23:05Z,CAS Cold Atom Quantum Computing SDK for Neutral Atom Quantum Computers,True,2026-06-20T01:51:06.159494
Xanadu Quantum vs. IonQ: The Better Quantum Computing Stock Buy for 2026,https://biztoc.com/x/42e4ca92f1e93aa2,Biztoc.com,2026-06-18T17:00:50Z,"Artificial intelligence stocks have been hot, and the next big investment opportunity could be in quantum computing. A number of pure-play quantum companies have gone public in the past few years, capitalizing on investor interest in the technology.
One of th…",True,2026-06-20T01:51:06.159495
"Bernie Sanders pushes 50%t public stake in AI giants, $1,000 dividend payout to every American",https://economictimes.indiatimes.com/markets/us-stocks/news/bernie-sanders-pushes-50-percent-public-stake-in-ai-giants/articleshow/131836774.cms,The Times of India,2026-06-18T16:43:44Z,"Senator Bernie Sanders has introduced legislation proposing a 50% public ownership stake in major US AI companies through a one-time stock tax. This plan aims to redistribute the industry's wealth, with an estimated $7 trillion fund potentially distributing o…",True,2026-06-20T01:51:06.159497
The Quantum Threat to Encryption Is Coming. France Just Set a 2027 Deadline,https://gizmodo.com/the-quantum-threat-to-encryption-is-coming-france-just-set-a-2027-deadline-2000773650,Gizmodo.com,2026-06-18T16:05:26Z,It's an aggressive move that'll effectively force operators of critical French infrastructure to move away from traditional cryptographic systems.,False,2026-06-20T01:51:06.159498
tensorcircuit-nightly 1.7.0.dev20260618,https://pypi.org/project/tensorcircuit-nightly/1.7.0.dev20260618/,Pypi.org,2026-06-18T15:38:43Z,High performance unified quantum computing framework for the NISQ era,True,2026-06-20T01:51:06.159500
laboneq 26.7.0b4,https://pypi.org/project/laboneq/26.7.0b4/,Pypi.org,2026-06-18T15:36:39Z,Zurich Instruments LabOne Q software framework for quantum computing control,True,2026-06-20T01:51:06.159501
cascaqit-compat added to PyPI,https://pypi.org/project/cascaqit-compat/,Pypi.org,2026-06-18T14:55:55Z,Atom Quantum Computing SDK Compatibility Layer — runs on top of CASCAQit,True,2026-06-20T01:51:06.159502
South African scientists make breakthrough in decoding cancer’s most effective survival strategy,https://theconversation.com/south-african-scientists-make-breakthrough-in-decoding-cancers-most-effective-survival-strategy-283545,The Conversation Africa,2026-06-18T14:38:06Z,Scientists are making major strides to decode and defeat one of cancer’s most effective survival strategies.,True,2026-06-20T01:51:06.159503
cascaqit 0.1.7,https://pypi.org/project/cascaqit/0.1.7/,Pypi.org,2026-06-18T14:32:35Z,CAS Cold Atom Quantum Computing SDK for Neutral Atom Quantum Computers,True,2026-06-20T01:51:06.159505
Kuantum Teknolojileri Farkındalık Programı öğrenci ve öğretmenleri kuantum teknolojileriyle buluşturdu,https://www.aa.com.tr/tr/bilim-teknoloji/kuantum-teknolojileri-farkindalik-programi-ogrenci-ve-ogretmenleri-kuantum-teknolojileriyle-bulusturdu/3971041,Anadolu Agency,2026-06-18T14:15:57Z,Kuantum Teknolojileri Farkındalık Programı ile 3 bin 500'den fazla öğrenci ve öğretmen kuantum teknolojileriyle tanıştı.,False,2026-06-20T01:51:06.159506
llm4free added to PyPI,https://pypi.org/project/llm4free/,Pypi.org,2026-06-18T13:54:04Z,"Search for anything using Google, DuckDuckGo, phind.com, Contains AI models, can transcribe yt videos, temporary email and phone number generation, has TTS support, webai (terminal gpt and open interpreter) and offline LLMs and more",True,2026-06-20T01:51:06.159508
Scientists just found quantum entanglement in a crystal you can see with the naked eye,https://economictimes.indiatimes.com/news/international/us/scientists-just-found-quantum-entanglement-in-a-crystal-you-can-see-with-the-naked-eye/articleshow/131830287.cms,The Times of India,2026-06-18T13:51:08Z,"Quantum entanglement is often described as one of nature’s strangest secrets. Now, scientists have found it inside a crystal large enough to see without a microscope. The discovery shows that quantum connections can exist on a much bigger scale than previousl…",True,2026-06-20T01:51:06.159509
Will Bitcoin Price Ever Go Back Up To $100K? Analysts Say The Next BTC Breakout Could Be Closer Than Expected,https://bitcoinfoundation.org/news/bitcoin/will-bitcoin-ever-go-back-up-to-100k/,Bitcoinfoundation.org,2026-06-18T13:10:12Z,"Bitcoin might hit $100 grand again sooner than people think, some watchers believe. Not everyone agrees, yet certain signs point to a possible surge ahead....
The post Will Bitcoin Price Ever Go Back Up To $100K? Analysts Say The Next BTC Breakout Could Be Cl…",True,2026-06-20T01:51:06.159511
Hexaware to invest Rs 310 crore to expand UK operations,https://economictimes.indiatimes.com/tech/information-tech/hexaware-to-invest-rs-310-crore-to-expand-uk-operations/articleshow/131831556.cms,The Times of India,2026-06-18T13:07:04Z,"The move is expected to create around 1,200 jobs in AI, digital services, and quantum computing alongside new research and development (R&D) centers in across Manchester, Leeds, and Birmingham over the next three to five years.",True,2026-06-20T01:51:06.159515
"Hexaware to Invest £25 Million in UK Expansion, Creating 1,200 Jobs in AI, Digital Services, and Quantum Computing",https://www.thehindubusinessline.com/brandhub/pr-release/hexaware-to-invest-25-million-in-uk-expansion-creating-1200-jobs-in-ai-digital-services-and-quantum-computing/article71117174.ece,BusinessLine,2026-06-18T12:45:01Z,"Hexaware to Invest £25 Million in UK Expansion, Creating 1,200 Jobs in AI, Digital Services, and Quantum Computing",True,2026-06-20T01:51:06.159516
Quantum X Labs Launches Integrated Quantum Computing Program Combining Its Clinical Trials Data Analysis Quantum Algorithm and Its Quantum Error Correction Decoder,https://www.globenewswire.com/news-release/2026/06/18/3314183/0/en/Quantum-X-Labs-Launches-Integrated-Quantum-Computing-Program-Combining-Its-Clinical-Trials-Data-Analysis-Quantum-Algorithm-and-Its-Quantum-Error-Correction-Decoder.html,GlobeNewswire,2026-06-18T12:32:00Z,"Strategic initiative to accelerate practical quantum computing through cross-platform execution to reach fault-tolerant performance optimization  Tel Aviv,...",True,2026-06-20T01:51:06.159518
Quantum Computing Inc. Announces Framework Agreement with Planck Dynamics to Deploy NeuraWave Photonic Reservoir Computer As A Foundational Platform For Next-Generation AI Applications,https://www.prnewswire.com/news-releases/quantum-computing-inc-announces-framework-agreement-with-planck-dynamics-to-deploy-neurawave-photonic-reservoir-computer-as-a-foundational-platform-for-next-generation-ai-applications-302804008.html,PRNewswire,2026-06-18T12:30:00Z,"Initial commercial commitment establishes a pathway for deployment of up to 100 NeuraWave systems, representing potential value in excess of $10 million HOBOKEN, N.J., June 18, 2026 /PRNewswire/ -- Quantum Computing Inc. (""QCi"" or the ""Company"") (Nasdaq: QUBT…",True,2026-06-20T01:51:06.159519
Amazon Sees Quantum Computing Getting Closer,https://biztoc.com/x/8cff965ec8246a3b,Biztoc.com,2026-06-18T12:12:27Z,"This article first appeared on GuruFocus.
Amazon (NASDAQ:AMZN) believes commercially useful quantum computing may be closer than many investors think, with a top executive predicting the technology could begin delivering real-world value within the next 5 to …",True,2026-06-20T01:51:06.159521
Aztec Connect Hacked Again in One Week — Attacker Drains Another $2.2 Million Via ‘Escape Hatch’,https://bitcoinfoundation.org/news/crimes-and-fraud-news/aztec-hacked/,Bitcoinfoundation.org,2026-06-18T12:09:11Z,"The abandoned protocol has been hit twice in seven days. We break down what happened to the DeFi protocol and who was affected by the...
The post Aztec Connect Hacked Again in One Week — Attacker Drains Another $2.2 Million Via ‘Escape Hatch’ appeared first o…",True,2026-06-20T01:51:06.159522
"ZenaTech Unveils Zoo Office™, an AI-Powered Enterprise Productivity Platform Positioned to Capitalize on the Rapidly Growing Agentic AI Market",https://financialpost.com/globe-newswire/zenatech-unveils-zoo-office-an-ai-powered-enterprise-productivity-platform-positioned-to-capitalize-on-the-rapidly-growing-agentic-ai-market,Financial Post,2026-06-18T12:04:23Z,"Targeting Expansion of Company’s Enterprise SaaS Segment by Leveraging Agentic AI Growing at Nearly 50% Annually VANCOUVER, British Columbia, June 18, 2026 (GLOBE NEWSWIRE) — ZenaTech, Inc. (Nasdaq: ZENA) (FSE: 49Q) (BMV: ZENA) (“ZenaTech”), a technology solu…",False,2026-06-20T01:51:06.159524
WISeKey’s WISe.ART Subsidiary Becomes the World’s First Hardware-Authenticated Art Platform as SEALSQ Subsidiary Secures European Patent for ‘Back-to-Physical’ NFT Technology,https://www.globenewswire.com/news-release/2026/06/18/3314096/0/en/WISeKey-s-WISe-ART-Subsidiary-Becomes-the-World-s-First-Hardware-Authenticated-Art-Platform-as-SEALSQ-Subsidiary-Secures-European-Patent-for-Back-to-Physical-NFT-Technology.html,GlobeNewswire,2026-06-18T12:00:00Z,WISeKey’s WISe.ART Subsidiary Becomes the World’s First Hardware-Authenticated Art Platform as SEALSQ Subsidiary Secures European Patent for ‘Back-to-Physical’ NFT Technology,True,2026-06-20T01:51:06.159525
QTREX Expands into Quantum Processor Interface with Single-Build Cryogenic Chip Carrier,https://www.globenewswire.com/news-release/2026/06/18/3314085/0/en/QTREX-Expands-into-Quantum-Processor-Interface-with-Single-Build-Cryogenic-Chip-Carrier.html,GlobeNewswire,2026-06-18T11:30:00Z,"Based on a design supplied by a major U.S.-based technology company active in quantum computing, the milestone extends QTREX's AME platform into the processor-interface layer, expanding its role within future quantum computing architectures Based on a design …",True,2026-06-20T01:51:06.159526
QuEra sbaraglia tutte le previsioni e promette computer quantistici con correzione degli errori già nel 2028,https://edge9.hwupgrade.it/news/innovazione/quera-sbaraglia-tutte-le-previsioni-e-promette-computer-quantistici-con-correzione-degli-errori-gia-nel-2028_154978.html,Hwupgrade.it,2026-06-18T11:11:01Z,QuEra ha annunciato che porterà sul mercato il primo computer quantistico con correzione degli errori al mondo nel 2028: si chiamerà Libra e promette una vera rivoluzione nel campo,True,2026-06-20T01:51:06.159528
Finnish spy agency warns of hidden security threats from data centres,https://yle.fi/a/74-20232314,YLE News,2026-06-18T10:22:55Z,"According to Finland's Security and Intelligence Service (Supo), data centres may be used as tools by authoritarian states.",True,2026-06-20T01:51:06.159529
Delta Gold Extends University of Toronto Quantum Computing Partnership Following Patent Milestone,https://consent.yahoo.com/v2/collectConsent?sessionId=1_cc-session_f3adcff7-4a5b-474c-8e48-4d7c3e93bdd9,Yahoo Entertainment,2026-06-18T09:57:09Z,,False,2026-06-20T01:51:06.159530
D-Wave launches world’s first gate-model quantum computing simulator with error-aware programming,https://cryptobriefing.com/d-wave-gate-model-quantum-simulator/,Crypto Briefing,2026-06-18T09:26:42Z,"D-Wave's error-aware quantum simulator could accelerate practical quantum computing applications, impacting finance and cryptography sectors.
The post D-Wave launches world’s first gate-model quantum computing simulator with error-aware programming appeared f…",True,2026-06-20T01:51:06.159532
ING appoints Bob Bakker as head of Investor Relations,https://www.globenewswire.com/news-release/2026/06/18/3313979/0/en/ING-appoints-Bob-Bakker-as-head-of-Investor-Relations.html,GlobeNewswire,2026-06-18T09:00:00Z,ING appoints Bob Bakker as head of Investor Relations  ING today announced the appointment of Bob Bakker as head of Investor Relations. He succeeds Sjoerd...,True,2026-06-20T01:51:06.159533
"New Industry Study Finds Quantum Computing Has Entered a Capability Era, With Early Movers Building an Advantage Later Entrants Will Struggle to Close",https://financialpost.com/pmn/business-wire-news-releases-pmn/new-industry-study-finds-quantum-computing-has-entered-a-capability-era-with-early-movers-building-an-advantage-later-entrants-will-struggle-to-close,Financial Post,2026-06-18T07:00:26Z,"State of Quantum 2026, based on tracked transaction data, a survey of 107 practitioners, and 19 interviews, finds 89% of enterprises surveyed are now hands-on with quantum but only 3% have reached scaled deployment, as the market shifts from accessing quantum…",False,2026-06-20T01:51:06.159534
quri-sdk 0.26.2,https://pypi.org/project/quri-sdk/0.26.2/,Pypi.org,2026-06-18T06:45:40Z,Platform-independent quantum computing software development kit,True,2026-06-20T01:51:06.159536
quri-parts-core 0.26.2,https://pypi.org/project/quri-parts-core/0.26.2/,Pypi.org,2026-06-18T06:45:23Z,A platform-independent library for quantum computing,True,2026-06-20T01:51:06.159537
Andhra Pradesh govt to launch Amaravati quantum and AI innovation centre,https://economictimes.indiatimes.com/tech/information-tech/andhra-pradesh-govt-to-launch-amaravati-quantum-and-ai-innovation-centre/articleshow/131818944.cms,The Times of India,2026-06-18T05:46:00Z,Andhra Pradesh is launching the Amaravati quantum and AI innovation Centre with IBM. This initiative aims to create India's largest quantum problem-solving force. The centre will connect industry challenges with academic talent and global technology expertise…,True,2026-06-20T01:51:06.159538
AWS與QuEra攜手 力拚2028年量子糾錯電腦 挑戰加密貨幣安全,https://tw.stock.yahoo.com/news/aws%E8%88%87quera%E6%94%9C%E6%89%8B-%E5%8A%9B%E6%8B%9A2028%E5%B9%B4%E9%87%8F%E5%AD%90%E7%B3%BE%E9%8C%AF%E9%9B%BB%E8%85%A6-%E6%8C%91%E6%88%B0%E5%8A%A0%E5%AF%86%E8%B2%A8%E5%B9%A3%E5%AE%89%E5%85%A8-041100609.html,Yahoo Entertainment,2026-06-18T04:11:00Z,圖／示意圖商傳媒｜方承業／綜合外電報導量子運算產業正朝向實用化邁出重要一步。美國雲端服務龍頭 Amazon Web Services 與量子運算新創 QuEra Computing 日前宣布擴大合作，計畫於2028年前在Amazon Braket平台推出首款具備容錯能力（Fault-Tolerant）的量子電腦「Libra」，目標達成256個糾錯邏輯量子位元（Logical Qubits），並將運算錯誤率降低至百萬分之一等級。這項計畫被視為量子運算發展的重要里程碑。長期以來...,False,2026-06-20T01:51:06.159540
France to stop certifying products lacking quantum-resistant encryption,https://cointelegraph.com/news/france-to-stop-certifying-products-lacking-quantum-resistant-encryption,Cointelegraph,2026-06-18T04:06:56Z,"France’s cybersecurity agency plans to block certification of products without quantum-resistant encryption starting in 2027, with full adoption targeted for 2030.",True,2026-06-20T01:51:06.159541
China advances quantum autonomy with mass production of ultra-pure silicon-28,https://cryptobriefing.com/china-quantum-silicon-28-mass-production/,Crypto Briefing,2026-06-18T03:55:25Z,"China's silicon-28 mass production enhances its quantum tech autonomy, intensifying the US-China tech rivalry and impacting global supply chains.
The post China advances quantum autonomy with mass production of ultra-pure silicon-28 appeared first on Crypto B…",True,2026-06-20T01:51:06.159542
The Fundamental Limit Of Quantum Computing (Experimental proposal),https://community.wolfram.com/groups/-/m/t/3735742,Wolfram.com,2026-06-18T03:20:52Z,"In work [A Discrete-Spacetime Bound on Phase Precision in Quantum Computation][1]
proposes a new category of limitation on quantum computation distinct from decoherence, control error, and algorithmic complexity arising from the discreteness of an underlying…",True,2026-06-20T01:51:06.159544
アイディーテックエックス株式会社『先端半導体パッケージング』で用いられる材料とプロセスについて、技術トレンド ・ 有力企業・ 10年間の市場予測を掲載した最新版の調査レポートをIDTechExがリリースしました。,https://japan.cnet.com/release/31179869/,CNET,2026-06-19T00:00:00Z,2026年6月19日アイディーテックエックス株式会社IDTechEx（先進技術調査会社: 本社英国 ケンブリッジ）は、「先端半導体パッケージング材料とプロセス 2027-2037年」と題した調査レポートを発行し、2026年6月12日より、日本法人のアイディーテックエックス株式会社(東京都千代田区)での販売を開始しました。◆調査レポー...,True,2026-06-20T01:51:06.406583
"SK Hynix’s Former CEO Returns to Intel After Years Away, Taking Charge as EVP of Foundry Business & Advanced Packaging Technologies",https://wccftech.com/sk-hynix-former-ceo-returns-to-intel-taking-charge-as-evp-of-foundry-business-advanced-packaging-technologies/,Wccftech,2026-06-18T22:10:09Z,"Intel has hired Seok-Hee Lee as EVP of its Foundry's Advanced Packaging & Back-End Technology, bringing years of experience from SK Hynix, where he served as President and CEO. Intel Foundry Gets SK Hynix's Ex-CEO, Seok-Hee Lee, Bringing Years of Experience I…",True,2026-06-20T01:51:06.406594
Intel taps industry veteran Seok-Hee Lee to lead foundry packaging push,https://www.channelnewsasia.com/business/intel-taps-industry-veteran-seok-hee-lee-lead-foundry-packaging-push-6194346,CNA,2026-06-18T22:00:52Z,June 18 : Intel on Thursday named Seok-Hee Lee executive vice president of its contract chip-manufacturing division as it sharpens focus on its advanced packaging business.The American chipmaker has been trying to reinvigorate its manufacturing business under…,True,2026-06-20T01:51:06.406596
We Review the Neewer Q120 Outdoor Strobe Flash,https://fstoppers.com/gear/review-neewer-q120-outdoor-strobe-flash-902808,Fstoppers,2026-06-18T21:21:18Z,"The Neewer Q120 is a compact 120 Ws TTL pocket strobe aimed at photographers who want more power than a speedlight without carrying a full-size studio flash. After using it for outdoor portraits and location shoots, I found it surprisingly capable for its siz…",True,2026-06-20T01:51:06.406598
The Western Conference may not be as scary as everyone thinks,https://www.brightsideofthesun.com/suns-analysis/106133/western-conference-offseason-outlook-apron-rules-roster-decisions-free-agency-draft-analysis,Bright Side of the Sun,2026-06-18T21:00:00Z,"﻿Before free agency begins, every Western contender faces important questions.",False,2026-06-20T01:51:06.406600
"[Latest] Polymeric Biomaterials Market Size Expected to Reach USD 267.25 Billion by 2034, With 15.86% CAGR; Increasing Focus on Regenerative Medicine to Propel Market Growth",https://www.globenewswire.com/news-release/2026/06/18/3314439/0/en/Latest-Polymeric-Biomaterials-Market-Size-Expected-to-Reach-USD-267-25-Billion-by-2034-With-15-86-CAGR-Increasing-Focus-on-Regenerative-Medicine-to-Propel-Market-Growth.html,GlobeNewswire,2026-06-18T16:55:00Z,"The polymeric biomaterials market size is projected to reach USD 267.25 billion by 2034 from its value of USD 69.55 billion in 2024, at a CAGR of 15.86%...",True,2026-06-20T01:51:06.406602
"Underwater Concrete Foam Market to Reach USD 2.18 Billion by 2033, Expanding at 9.5% CAGR Amid Rising Marine Infrastructure Demand, Reports Verified Market Research®",https://www.prnewswire.com/news-releases/underwater-concrete-foam-market-to-reach-usd-2-18-billion-by-2033--expanding-at-9-5-cagr-amid-rising-marine-infrastructure-demand-reports-verified-market-research-302804547.html,PRNewswire,2026-06-18T16:50:00Z,"The global Underwater Concrete Foam Market is gaining momentum as marine construction, hydraulic structures, bridge piers and foundations, and ports and harbors projects increasingly turn to engineered foam-based concrete systems for reliable underwater place…",True,2026-06-20T01:51:06.406603
Brewer Science to Acquire Semiconductor Chemical Business Line from Heraeus Epurio,https://www.prnewswire.com/news-releases/brewer-science-to-acquire-semiconductor-chemical-business-line-from-heraeus-epurio-302804538.html,PRNewswire,2026-06-18T15:30:00Z,"ROLLA, Mo., June 18, 2026 /PRNewswire/ -- Brewer Science, Inc., a global leader in advanced materials and processes for the fabrication of cutting-edge microdevices, today announced it has entered into an agreement to acquire the semiconductor chemicals busin…",True,2026-06-20T01:51:06.406605
Flexible Packaging Market to Hit USD 320.57 Billion by 2031 as 90% of Consumers Demand Sustainable Packaging - Arizton,https://www.prnewswire.com/news-releases/flexible-packaging-market-to-hit-usd-320-57-billion-by-2031-as-90-of-consumers-demand-sustainable-packaging--arizton-302804268.html,PRNewswire,2026-06-18T15:03:00Z,"Flexible Packaging Market size, regional outlook, growth drivers, and competitive landscape: 2026–2031 forecast. CHICAGO, June 18, 2026 /PRNewswire/ -- According to recent research by Arizton, the global flexible packaging market is expected to reach USD 320.…",True,2026-06-20T01:51:06.406606
Organic Yogurt Market to Reach USD 22.30 Billion by 2033 as Demand for Cleaner-Label Dairy and Plant-Based Alternatives Accelerates Worldwide: Verified Market Research®,https://www.globenewswire.com/news-release/2026/06/18/3314343/0/en/Organic-Yogurt-Market-to-Reach-USD-22-30-Billion-by-2033-as-Demand-for-Cleaner-Label-Dairy-and-Plant-Based-Alternatives-Accelerates-Worldwide-Verified-Market-Research.html,GlobeNewswire,2026-06-18T14:51:00Z,"Rising consumer preference for ingredient transparency, functional nutrition, organic certification, and improved cold-chain distribution continues to strengthen long-term growth prospects across the Global Organic Yogurt Market Rising consumer preference for…",True,2026-06-20T01:51:06.406607
Clarins' newly opened Longevity Research Center translates 30 years of skin science into lasting beauty,https://www.prnewswire.com/news-releases/clarins-newly-opened-longevity-research-center-translates-30-years-of-skin-science-into-lasting-beauty-302804511.html,PRNewswire,2026-06-18T14:37:00Z,"PARIS, June 18, 2026 /PRNewswire/ -- Clarins has created the Dr Olivier Courtin Clarins Longevity Research Center to shape the future of longevity science. For 30 years, through sustained investment in longevity research and innovation, Clarins has converted …",True,2026-06-20T01:51:06.406609
"Pressure Sensor Market to Reach USD 18.6 Billion by 2031, Growing at 6.4% CAGR, Says Wissen Research",https://www.prnewswire.com/news-releases/pressure-sensor-market-to-reach-usd-18-6-billion-by-2031--growing-at-6-4-cagr-says-wissen-research-302804505.html,PRNewswire,2026-06-18T14:34:00Z,"SHERIDAN, Wyo., June 18, 2026 /PRNewswire/ -- The global pressure sensor market is projected to grow from USD 12.8 billion in 2025 to USD 18.6 billion by 2031, registering a CAGR of 6.4% during the forecast period (2026–2031), according to a new study by Wiss…",True,2026-06-20T01:51:06.406610
Semiconductor Industry to Hit USD 1.01 Trillion by 2031 with Integrated Circuits Holding 78.33% Market Share Amid Rising AI & Automotive Demand - Reports Mordor Intelligence,https://www.prnewswire.com/news-releases/semiconductor-industry-to-hit-usd-1-01-trillion-by-2031-with-integrated-circuits-holding-78-33-market-share-amid-rising-ai--automotive-demand--reports-mordor-intelligence-302804434.html,PRNewswire,2026-06-18T14:01:00Z,"HYDERABAD, India, June 18, 2026 /PRNewswire/ -- Mordor Intelligence has published its latest analysis of the semiconductor industry, highlighting sustained expansion driven by artificial intelligence infrastructure, electric vehicle adoption, advanced packagi…",True,2026-06-20T01:51:06.406611
Argonaute 2 drives resistance to immune checkpoint inhibitors in immunorefractory non-small cell lung cancer,https://journals.plos.org/plosbiology/article?id=10.1371/journal.pbio.3003860,Plos.org,2026-06-18T14:00:00Z,"Immune checkpoint inhibitors are used to treat advanced non-small cell lung cancer to activate an antitumor immune response, however they fail in many patients due to resistance. This study shows that Argonaute 2 suppresses immune infiltration in lung tumors …",True,2026-06-20T01:51:06.406613
"TSMC, Amkor sign 10-year deal to boost advanced chip packaging in US",https://economictimes.indiatimes.com/tech/technology/tsmc-amkor-sign-10-year-deal-to-boost-advanced-chip-packaging-in-us/articleshow/131832933.cms,The Times of India,2026-06-18T13:48:12Z,Taiwan Semiconductor Manufacturing Company and Amkor Technology have inked a decade-long deal. This partnership will boost advanced chip packaging and testing capabilities within the United States. The collaboration aims to strengthen the semiconductor supply…,True,2026-06-20T01:51:06.406614
Edible Garden Announces Adjournment of Annual Meeting to Facilitate Additional Shareholder Participation,https://www.globenewswire.com/news-release/2026/06/18/3314271/0/en/Edible-Garden-Announces-Adjournment-of-Annual-Meeting-to-Facilitate-Additional-Shareholder-Participation.html,GlobeNewswire,2026-06-18T13:29:00Z,"Annual Meeting Reconvened for June 25, 2026; No Changes to Proposals and Previously Submitted Proxies Remain Valid  Company Encourages Shareholders Who...",True,2026-06-20T01:51:06.406615
Resilience Announces Relocation of West Coast Headquarters to Ohio and Expansion of Sterile Manufacturing Capabilities,https://www.globenewswire.com/news-release/2026/06/18/3314256/0/en/Resilience-Announces-Relocation-of-West-Coast-Headquarters-to-Ohio-and-Expansion-of-Sterile-Manufacturing-Capabilities.html,GlobeNewswire,2026-06-18T13:05:00Z,"BLUE ASH, Ohio, June 18, 2026 (GLOBE NEWSWIRE) -- Resilience, along with Ohio Governor Mike DeWine, JobsOhio, the City of Blue Ash, and REDI Cincinnati, today announced the relocation of Resilience’s corporate headquarters from San Diego, California to Blue A…",True,2026-06-20T01:51:06.406616
"Trump Spills The Beans, Declares “Apple Has Agreed To Work With Intel” On America-Made Chips",https://wccftech.com/trump-spills-the-beans-declares-apple-has-agreed-to-work-with-intel-on-america-made-chips/,Wccftech,2026-06-18T12:41:21Z,"In a late-night Truth Social post that all but confirms persistent supply chain-sourced rumors and tidbits, President Trump has spilled the beans on Apple's chip fabrication deal with Intel, setting off a speculative storm as to what's next for the now-ascend…",True,2026-06-20T01:51:06.406618
AI Bust: The Trillion-Dollar AI Question Nobody's Asking,https://www.prnewswire.com/news-releases/ai-bust-the-trillion-dollar-ai-question-nobodys-asking-302803754.html,PRNewswire,2026-06-18T12:00:00Z,"FN Media Group Presents Oilprice.com Market Commentary NEW YORK, June 18, 2026 /PRNewswire/ -- Every AI boom forecast being published right now — every bull case, Big Tech earnings call, and valuation model — seems to be making the same assumption. The electr…",True,2026-06-20T01:51:06.406619
Apple CEO Tim Cook warns AI-driven price increases are unavoidable — says company is trying its best but 'the situation has become unsustainable',https://www.tomshardware.com/laptops/apple-ceo-tim-cook-warns-ai-driven-price-increases-are-unavoidable-says-company-is-trying-its-best-but-the-situation-has-become-unsustainable,Tom's Hardware UK,2026-06-18T11:45:06Z,Apple's Tim Cook says that Apple can no longer 'shield' its customers from increased prices of DRAM and NAND memory.,True,2026-06-20T01:51:06.406622
Aehr Test Systems (AEHR) Stock Spikes on New Production Order,https://www.barchart.com/story/news/2533682/aehr-test-systems-aehr-stock-spikes-on-new-production-order,Barchart.com,2026-06-18T11:36:03Z,AEHR stock rallies as management announces a new production order. Here’s how you should play Aehr shares at current levels.,False,2026-06-20T01:51:06.406623
Duty tweaking required to boost domestic aluminium-based manufacturing: GTRI,https://www.thehindubusinessline.com/economy/duty-tweaking-required-to-boost-domestic-aluminium-based-manufacturing-gtri/article71117461.ece,BusinessLine,2026-06-18T11:30:14Z,"It said that India’s tariff policies have created some major distortions in the aluminium value chain - encouraging metal exports, inflating raw material costs for manufacturers and increasing dependence on imported finished products",True,2026-06-20T01:51:06.406624
Duty tweaking required to boost domestic aluminium-based manufacturing: GTRI,https://economictimes.indiatimes.com/industry/indl-goods/svs/metals-mining/duty-tweaking-required-to-boost-domestic-aluminium-based-manufacturing-gtri/articleshow/131827916.cms,The Times of India,2026-06-18T11:04:27Z,India's aluminium sector faces policy distortions. A think tank proposes removing import duties on raw aluminium and adding export duties on the metal. This aims to encourage domestic production of higher-value aluminium products. The goal is to reduce relian…,True,2026-06-20T01:51:06.406626
Coating Resins Market worth $64.24 billion by 2031 - Exclusive Report by MarketsandMarkets™,https://www.prnewswire.com/news-releases/coating-resins-market-worth-64-24-billion-by-2031---exclusive-report-by-marketsandmarkets-302804111.html,PRNewswire,2026-06-18T10:40:00Z,"DELRAY BEACH, Fla., June 18, 2026 /PRNewswire/ -- According to MarketsandMarkets™, ""Coating Resins Market by Resin Type (Acrylic, Alkyd, Polyurethane, Epoxy, Vinyl), Technology (Waterborne, Solventborne, Powder), Application (Architectural Coatings, General I…",True,2026-06-20T01:51:06.406627
9 Stocks To Buy Now For July 2026,https://www.forbes.com/sites/investor-hub/article/best-stocks-buy-now-july-2026/,Forbes,2026-06-18T10:30:00Z,Looking for the latest stock opportunities in July 2026? We have you covered. Click to read our top stock picks to consider adding to your portfolio now.,True,2026-06-20T01:51:06.406628
"Global IV Bag Market Architecture (2026-2036): Capital Migration, Material Science Shifts, and Regulatory Realignment in Parenteral Delivery Systems",https://www.prnewswire.com/news-releases/global-iv-bag-market-architecture-20262036-capital-migration-material-science-shifts-and-regulatory-realignment-in-parenteral-delivery-systems-302804219.html,PRNewswire,2026-06-18T10:10:00Z,"Driven by Strict EU MDR Mandates and a 30% Decrease in Medication Errors via Ready-to-Administer Formats, the Global Industry is Poised to Scale Beyond USD 3.8 Billion by 2036, Reports Future Market Insights NEWARK, Del., June 18, 2026 /PRNewswire/ -- Accordi…",True,2026-06-20T01:51:06.406630
"SK hynix ships 12-layer HBM4E samples to major customers, accelerating AI memory race",https://cryptobriefing.com/sk-hynix-ships-hbm4e-samples/,Crypto Briefing,2026-06-18T09:07:13Z,"The accelerated HBM4E development by SK hynix could reshape AI hardware dynamics, influencing market competition and technological advancements.
The post SK hynix ships 12-layer HBM4E samples to major customers, accelerating AI memory race appeared first on C…",True,2026-06-20T01:51:06.406634
Health and Wellness Market Size to Hit $12.9 Trillion by 2031 Growing at a CAGR of 10.9%: Allied Market Research,https://www.prnewswire.com/news-releases/health-and-wellness-market-size-to-hit-12-9-trillion-by-2031-growing-at-a-cagr-of-10-9-allied-market-research-302804139.html,PRNewswire,2026-06-18T08:14:00Z,"Prevention and Curing Conditions On The Rise, Strong Demand for Beauty & Personal Care Products, Booming Wellness Tourism and Digital Health Nowadays to Accelerate the Growth of Global Health & Wellness Market PORTLAND, Ore., June 18, 2026 /PRNewswire/ -- As …",True,2026-06-20T01:51:06.406635
SK Hynix ships first 12-layer HBM4E samples to AI customers,https://thenextweb.com/news/sk-hynix-ships-first-12-layer-hbm4e-samples-to-ai-customers/,The Next Web,2026-06-18T08:07:35Z,"SK Hynix said on Thursday that it had begun shipping samples of HBM4E, its next generation of high-bandwidth memory for AI, to major customers. The number that matters is the one the chipmaker is leading with: a 12-layer stack reaching 48GB of capacity, runni…",True,2026-06-20T01:51:06.406637
"BESI raises long-term revenue, margin targets as demand increases",https://www.channelnewsasia.com/business/besi-raises-long-term-revenue-margin-targets-demand-increases-6192536,CNA,2026-06-18T07:21:29Z,"June 18 : Dutch semiconductor equipment maker BE Semiconductor Industries (BESI) on Thursday raised its long-term revenue and operating margin targets, citing improved order momentum and stronger demand for data centre and photonics applications.BESI stock ha…",True,2026-06-20T01:51:06.406639
Intel запустила производство 18A-P — самого продвинутого техпроцесса компании на фоне переговоров с Apple и попыток вернуть позиции на рынке,https://www.ixbt.com/news/2026/06/18/intel-18a-p-apple.html,Ixbt.com,2026-06-18T07:08:00Z,Компания перевела новый узел 18A-P в стадию риск-производства и заявила о приросте производительности до 9% и снижении энергопотребления до 18% по сравнению с 18A,True,2026-06-20T01:51:06.406640
PCB Technologies Awarded Approximately EUR 8.6 million Orders from a Semiconductor Industry Customer,https://www.prnewswire.com/news-releases/pcb-technologies-awarded-approximately-eur-8-6-million-orders-from-a-semiconductor-industry-customer-302804062.html,PRNewswire,2026-06-18T07:00:00Z,"MIGDAL HAEMEK, Israel, June 18, 2026 /PRNewswire/ -- PCB Technologies (TASE: PCBT), a global leader in advanced electronic and PCB manufacturing solutions, is pleased to report that during the past two weeks, until June 12, 2026, several orders have been plac…",True,2026-06-20T01:51:06.406641
Flip-phone - Commodore,https://commodore.net/callback/,Commodore.net,2026-06-18T05:47:01Z,,True,2026-06-20T01:51:06.406643
"India-UK FTA: United Spirits, Tilaknagar, other liquor stocks rise up to 3%; JPMorgan bullish on USL",https://www.moneycontrol.com/news/business/markets/india-uk-fta-united-spirits-tilaknagar-other-liquor-stocks-rise-up-to-3-jpmorgan-bullish-on-usl-13952707.html,Moneycontrol,2026-06-18T05:09:31Z,"Sentiment around United Spirits was further aided by a positive note from JPMorgan, which maintained an ‘Overweight’ rating on the stock with a target price of Rs 1,510.",True,2026-06-20T01:51:06.406644
Inside Europe’s most innovative companies,https://fortune.com/2026/06/18/inside-fortune-europes-most-innovative-companies-2026/,Fortune,2026-06-18T04:15:00Z,"From semiconductors powering the AI boom to 360-year-old manufacturers adapting to the green economy,  here are the organizations driving the European economy forward.",True,2026-06-20T01:51:06.406645
KI-Infrastruktur: Nokia baut ATP-Kapazitäten aus,https://www.computerbase.de/news/wirtschaft/ki-infrastruktur-nokia-baut-atp-kapazitaeten-aus.97961/,ComputerBase,2026-06-18T02:59:00Z,"Nokia will seinen Standort in Allentown im US-Bundesstaat Pennsylvania deutlich ausbauen. Der Konzern erhöht dort die Kapazitäten für Advanced Test and Packaging photonischer Chips, die in optischen Modulen für KI- und Telekom-Infrastruktur eingesetzt werden.",True,2026-06-20T01:51:06.406666
Thermal Grizzly DeltaMate CPU Block: un waterblock che costa quanto un intero impianto,https://www.hwupgrade.it/news/periferiche/thermal-grizzly-deltamate-cpu-block-un-waterblock-che-costa-quanto-un-intero-impianto_155044.html,Hwupgrade.it,2026-06-18T14:59:55Z,"Thermal Grizzly ha annunciato il DeltaMate CPU Block MPII, un nuovo waterblock per impianti a liquido custom compatibile con le piattaforme AMD e Intel più recenti. Il dispositivo sfoggia una qualità costruttiva e un'estetica di livello elevatissimo, che sfoc…",True,2026-06-20T01:51:06.614924
Besi verhoogt de omzetdoelstelling naar €2 miljard in 2030,https://www.emerce.nl/wire/besi-verhoogt-omzetdoelstelling-2-miljard-2030,Emerce.nl,2026-06-18T14:00:01Z,Besi verhoogt de omzetdoelstelling naar €2 miljard in 2030 Geschreven door eToro-marktanalist Jean-Paul van Oudheusden • Omzetdoel voor 2030 verhoogd […],True,2026-06-20T01:51:06.614927
"AMD confirms next-gen Threadripper with Zen 6 cores, PCIe 6.0, and new TR6 socket",https://www.techspot.com/news/112810-amd-confirms-next-gen-threadripper-zen-6-cores.html,TechSpot,2026-06-18T12:48:00Z,"Details of the next Threadripper series were discovered in AMD's technical documentation portal by InstLatX64. It lists the AMD Ryzen Threadripper TR6 desktop processors under document ID UG1866, with screenshots revealing some key details: Family 1Ah Model A…",False,2026-06-20T01:51:06.614928
aika-research-mcp added to PyPI,https://pypi.org/project/aika-research-mcp/,Pypi.org,2026-06-18T08:49:28Z,Evidence-driven AI compute industry-chain research MCP server and local SQLite CLI.,True,2026-06-20T01:51:06.614931
"[기고] 에이전틱 AI, CPU와 GPU의 공식을 바꾼다",https://zdnet.co.kr/view/?no=20260618101749,Zdnet.co.kr,2026-06-19T01:39:19Z,"[지디넷코리아]최근 많은 기업의 AI 인프라 전략 회의에서는 비슷한 질문이 나온다.""에이전틱 AI가 확산되면 CPU와 GPU 비율이 바뀐다는데, GPU 서버에 CPU를 조금 더 추가하면 되는 것 아닌가?""얼핏 합리적으로 들리지만, 바로 이 지점에서 많은 기업들이 중요한 부분을 놓치고 있다.에이전틱 AI가 가져오는 변화는 단순히 GPU 서버에 CPU를 추가하는 수준이 아니다. 이는 데이터센터 아키텍처의 구조적 변화에 가깝다. 기업 IT 의사결정자들이 이해해야 할…",True,2026-06-20T01:51:06.982920
El plan de Apple era romper para siempre con Intel. Trump los volvió a unir para fabricar chips en Estados Unidos,https://www.xataka.com.mx/empresas-y-economia/plan-apple-era-romper-para-siempre-intel-trump-volvio-a-unir-para-fabricar-chips-estados-unidos,Xataka.com.mx,2026-06-19T01:30:17Z,"Hace apenas 10 días, Apple reveló el nombre de macOS 27 (Golden Gate) y presentó al mundo la primera versión de macOS que funciona exclusivamente con Apple silicon. El macOS Tahoe del año pasado (macOS 26) fue la última versión compatible con Macs basados en …",True,2026-06-20T01:51:06.982930
hugpy 0.1.37,https://pypi.org/project/hugpy/0.1.37/,Pypi.org,2026-06-19T01:28:51Z,"Self-hosted LLM console: model registry & downloads, streaming chat, OpenAI-compatible /v1 API with on-site keys, GPU worker fleet with cross-machine RPC sharding",True,2026-06-20T01:51:06.982934
hugpy 0.1.36,https://pypi.org/project/hugpy/0.1.36/,Pypi.org,2026-06-19T01:27:17Z,"Self-hosted LLM console: model registry & downloads, streaming chat, OpenAI-compatible /v1 API with on-site keys, GPU worker fleet with cross-machine RPC sharding",True,2026-06-20T01:51:06.982935
원플러스 패드 3 프로 발표… 13.2인치 LCD·스냅드래곤 8 엘리트 탑재,https://kbench.com/?q=node/279708,Kbench.com,2026-06-19T01:22:48Z,"출처: 원플러스
 원플러스가 중국 시장에서 새로운 플래그십 태블릿 '원플러스 
패드 3 프로(OnePlus Pad 3 Pro)'를 공개했다.
원플러스 패드 3 프로는 최근 출시된 원플러스 패드 4를 기반으로 
한 상위 모델이다. 7:5 화면비의 13.2인치 LCD 디스플레이를 탑재했으며, 3392×2400 
해상도와 144Hz 주사율, 540Hz 터치 샘플링 레이트를 지원한다. 최대 밝기는 1000니트이며 
돌비 비전(Dolby Vision)과 HDR 비비드(…",False,2026-06-20T01:51:06.982937
"""엔비디아 빈자리 노린다""…바이트댄스 덕에 中 AI칩 2선 '급부상'",https://zdnet.co.kr/view/?no=20260619095650,Zdnet.co.kr,2026-06-19T01:02:27Z,[지디넷코리아]'틱톡' 모회사 바이트댄스가 인공지능(AI) 인프라 투자를 확대하면서 중국 중소 AI 반도체 스타트업들이 새 성장 기회를 맞고 있다. 미·중 갈등 속 엔비디아 AI 칩 도입이 불확실해진 가운데 바이트댄스가 국산 반도체 채택을 늘리며 중국 내 '2선급' AI 칩 업체들의 공급망 진입 가능성이 커졌다는 관측이 제기됐다.18일(현지시간) 홍콩 사우스차이나모닝포스트(SCMP)에 따르면 바이트댄스는 AI 워크로드용 클라우드 인프라에 중국산 반도체를 확대 …,True,2026-06-20T01:51:06.982938
uni-db-metal 2.2.3,https://pypi.org/project/uni-db-metal/2.2.3/,Pypi.org,2026-06-19T00:52:25Z,Python bindings for Uni Graph Database (all 11 providers + Apple GPU/ANE),True,2026-06-20T01:51:06.982940
vastai 1.1.1,https://pypi.org/project/vastai/1.1.1/,Pypi.org,2026-06-19T00:31:29Z,CLI and SDK for Vast.ai GPU Cloud Service,True,2026-06-20T01:51:06.982941
Lenovo built an AI-ready Mac mini rival for $440… and it’s only available in China,https://www.yankodesign.com/2026/06/18/lenovo-built-an-ai-ready-mac-mini-rival-for-440-and-its-only-available-in-china/,Yanko Design,2026-06-19T00:30:01Z,"Lenovo built an AI-ready Mac mini rival for $440… and it’s only available in ChinaFor the past two years, on-device AI has been a hardware arms race, a contest to see whose NPU could post the most TOPS before...",True,2026-06-20T01:51:06.982943
This tiny AMD PC just ran a massive 397B AI Model that required a server room full of GPUs a year ago,https://www.techradar.com/pro/this-tiny-amd-pc-just-ran-a-massive-397b-ai-model-that-required-a-server-room-full-of-gpus-a-year-ago,TechRadar,2026-06-19T00:20:00Z,Longsys shows how far edge AI computing has come by running a mammoth 397-billion-parameter model on a customized AMD Ryzen AI Max+ 395-based PC with 128GB of RAM.,True,2026-06-20T01:51:06.982947
早报｜追觅组织调整，取消未落地业务/DeepSeek识图模式上线/《GTA6》预购时间官宣,https://www.ifanr.com/1669442,Ifanr.com,2026-06-19T00:08:37Z,"· Counterpoint：第 20 周全球手机销量同比下降 8%，华为逆势增长 23%
· 曹操出行宣布 RoboX 战略，2030 年部署 10 万辆 Robotaxi
· ChatGPT 推出定时任务功能#欢迎关注爱范儿官方微信公众号：爱范儿（微信号：ifanr），更多精彩内容第一时间为您奉上。",True,2026-06-20T01:51:06.982948
sdasim added to PyPI,https://pypi.org/project/sdasim/,Pypi.org,2026-06-19T00:08:24Z,Speed-optimized differentiable satellite scene simulator,True,2026-06-20T01:51:06.982950
12V-2x6電源コネクタ用モニタリングアダプタ「Thermal Grizzly WireView Pro II GPU」が入荷、計4モデル,https://akiba-pc.watch.impress.co.jp/docs/news/news/2118381.html,Impress.co.jp,2026-06-19T00:05:00Z,GPUの12V-2x6電源コネクタ各ピンの電力モニタリング機能を搭載したアダプタ「Thermal Grizzly WireView Pro II GPU」がオリオスペックに入荷。,True,2026-06-20T01:51:06.982951
"Forget Critical Metals, Electricity is The Real Bottleneck for Artificial Intell",https://oilprice.com/Energy/Energy-General/Forget-Critical-Metals-Electricity-is-The-Real-Bottleneck-for-Artificial-Intell.html,OilPrice.com,2026-06-19T00:00:00Z,"The U.S. dollar is cracking—and the market knows it. After years of monetary excess, swelling deficits, and policy uncertainty, the world’s reserve currency is losing its grip as a store of value. Capital is fleeing paper promises and piling into hard assets …",True,2026-06-20T01:51:06.982952
Project “Myna”: Speech To Text for Ubuntu、Ubuntu 26.10（Stonking）の開発; dbus-brokerへのマイグレーション,https://gihyo.jp/admin/clip/01/ubuntu-topics/202606/19,Gihyo.jp,2026-06-19T00:00:00Z,Stonking以降のUbuntuで提供される、Speech To Text（音声入力）プロジェクトが開始されました。,True,2026-06-20T01:51:06.982954
"[단독] 하정우, 국가AI전략위로…李정부 AI 삼각축 재편 마무리",https://zdnet.co.kr/view/?no=20260619080711,Zdnet.co.kr,2026-06-18T23:32:12Z,"[지디넷코리아]하정우 전 청와대 인공지능(AI)미래기획수석이 임문영 전 국가AI전략위원회 상근 부위원장 후임으로 내정된 것으로 알려졌다. 이기혁 아마존웹서비스(AWS) 한국 스타트업 생태계 총괄이 청와대 AI미래기획수석에 내정된 데 이어 하 전 수석까지 전략위로 복귀하면서 이재명 정부의 AI 3강(G3) 전략은 배경훈 과학기술정보통신부 부총리 겸 장관, 이기혁 AI수석, 하정우 전략위 상근 부위원장 3각축으로 재편되는 분위기다.19일 업계와 정치권에 따르면 하…",True,2026-06-20T01:51:06.982955
Monitor and debug generative AI inference with SageMaker detailed metrics and Insights dashboard on CloudWatch,https://aws.amazon.com/blogs/machine-learning/monitor-and-debug-generative-ai-inference-with-sagemaker-detailed-metrics-and-insights-dashboard-on-cloudwatch/,Amazon.com,2026-06-18T23:31:58Z,"Amazon SageMaker AI provides fully managed real-time inference hosting for machine learning models. You deploy a model to a SageMaker endpoint backed by one or more compute instances, and SageMaker handles provisioning and scaling. SageMaker supports multiple…",True,2026-06-20T01:51:06.982956
(アキバ取材班) AI開発向けの超大型ケース。最大30基のファンを搭載できる CPS「SR700」,https://www.gdm.or.jp/crew/2026/0619/639993,Gdm.or.jp,2026-06-18T23:30:44Z,"ATX電源2基や最大460mm GPUに対応するワークステーション向けモデル PC COOLER（CPS）からワークステーション向けフルタワーPCケース「SR700」が発売された。価格は税込169,800円。オリオスペッ […]",False,2026-06-20T01:51:06.982958
abstract-hugpy-dev 0.1.42,https://pypi.org/project/abstract-hugpy-dev/0.1.42/,Pypi.org,2026-06-18T23:23:48Z,"Self-hosted LLM console: model registry & downloads, streaming chat, OpenAI-compatible /v1 API with on-site keys, GPU worker fleet with cross-machine RPC sharding",True,2026-06-20T01:51:06.982959
Merge tag 'pmdomain-v7.2' of git://git.kernel.org/pub/scm/linux/kernel/git/ulfh/linux-pm,https://git.kernel.org/pub/scm/linux/kernel/git/torvalds/linux.git/commit/?id=7849ce38717e64213bf9cbb166d1cda14e05143f,Kernel.org,2026-06-18T23:18:33Z,,False,2026-06-20T01:51:06.982960
Repair channel buys ASUS RTX 4090 for $222 and finds plastic die with fake NVIDIA markings,https://www.tweaktown.com/news/112267/repair-channel-buys-asus-rtx-4090-for-dollars222-and-finds-plastic-die-with-fake-nvidia-markings/index.html,TweakTown,2026-06-18T23:18:06Z,"The card looked real until the thermal paste came off, revealing a plastic block with etched markings and a PCB full of non-functional scrap memory.Continue reading at TweakTown",False,2026-06-20T01:51:06.982962
AI 技术日报 - 2026-06-19 - iTech,https://www.cnblogs.com/itech/p/20644011,Cnblogs.com,2026-06-18T23:13:00Z,AI 技术日报 - 2026-06-19 Top 10 AI 技术要闻 Leakproof：为 AI 编程助手打造的本地秘密出口防火墙 Leakproof 是一款专为 Claude Code、Cursor、aider 等 AI 编程助手设计的本地秘密防火墙。它在数据离开本机之前扫描并自动脱敏敏感信息,True,2026-06-20T01:51:06.982963
Best early Prime Day tech deals on Amazon: Top expert-curated picks,https://www.pcworld.com/article/2832281/best-amazon-prime-day-tech-deals-expert-picks.html,PCWorld,2026-06-18T23:12:05Z,"Another summer, another Amazon Prime Day. This year’s sales event, which officially runs from June 23 to June 26, can be an opportune time to pick up some new gear at a good price. 




The sales have already started, so there’s no need to wait. You’ll need …",True,2026-06-20T01:51:06.982964
微软携手Adobe提升Photoshop在Windows平台的性能表现,https://www.cnbeta.com.tw/articles/tech/1566202.htm,Cnbeta.com.tw,2026-06-18T23:06:01Z,"在生成式人工智能服务迅速崛起的当下，传统图像处理工具依然在创意行业中占据核心地位，其中就包括广泛应用于专业工作流的 Adobe Photoshop。 为了在 Windows 平台上进一步挖掘这款旗舰应用的性能潜力，微软与 Adobe 展开了深度技术合作，通过编译器层面的优化显著加速了多项关键操作。
Photoshop 是一款体量庞大、以 C++ 编写的原生桌面应用程序，在 Windows 上依赖微软自家的 Visual C++（MSVC）编译器进行构建。 微软方面表示，本次合作聚焦真实用户场景中高度依赖 CPU…",True,2026-06-20T01:51:06.982966
"Nvidia's real gaming move isn't faster GPUs, it's the software that lets you skip buying one",https://www.xda-developers.com/nvidia-real-move-not-faster-gpus-its-software-to-skip-upgrade/,XDA Developers,2026-06-18T23:00:01Z,"Nvidia isn't just making faster GPUs anymore, and that's exactly the point.",True,2026-06-20T01:51:06.982967
abstract-hugpy-dev 0.1.41,https://pypi.org/project/abstract-hugpy-dev/0.1.41/,Pypi.org,2026-06-18T22:54:42Z,"Self-hosted LLM console: model registry & downloads, streaming chat, OpenAI-compatible /v1 API with on-site keys, GPU worker fleet with cross-machine RPC sharding",True,2026-06-20T01:51:06.982968
llm-spendguard added to PyPI,https://pypi.org/project/llm-spendguard/,Pypi.org,2026-06-18T22:53:10Z,"A pre-spend GATE + learning advisor for LLM API cost: caps every call, prices from a verified table, and learns the cheapest config that keeps quality.",True,2026-06-20T01:51:06.982969
Galaxy A27 leak reveal Samsung's budget phone is finally getting a modern look,https://www.androidpolice.com/galaxy-a27-5g-renders/,Android Police,2026-06-18T22:39:53Z,Notch be gone,True,2026-06-20T01:51:06.982971
[VAMS] NVIDIA Isaac Lab のトレーニング機能で SO-ARM101 の Reach を強化学習させてみました,https://dev.classmethod.jp/articles/vams-nvidia-isaac-lab-so-arm101-training/,Classmethod.jp,2026-06-18T22:39:00Z,VAMSのIsaac Labパイプラインにカスタムロボット環境を持ち込み、SO-ARM101のReachタスクを学習させる方法を紹介します。つまずいた点や実装の工夫もまとめました。,True,2026-06-20T01:51:06.982972
radical.orbit 0.2.0,https://pypi.org/project/radical.orbit/,Pypi.org,2026-06-18T22:12:35Z,ORBIT connects external RCT applications with HPC resources,True,2026-06-20T01:51:06.982973
Boston Dynamics’ Atlas robot lifts and carries full fridge autonomously,https://cryptobriefing.com/boston-dynamics-atlas-robot-carries-fridge/,Crypto Briefing,2026-06-18T22:08:43Z,"Atlas's autonomous capabilities could revolutionize industrial automation, enhancing efficiency and safety in handling heavy objects.
The post Boston Dynamics’ Atlas robot lifts and carries full fridge autonomously appeared first on Crypto Briefing.",True,2026-06-20T01:51:06.982975
gitm-labs 0.0.5,https://pypi.org/project/gitm-labs/0.0.5/,Pypi.org,2026-06-18T21:45:30Z,Autonomous GPU kernel optimizer,True,2026-06-20T01:51:06.982976
"2,000 retired Google Pixel phones get a second life as a private cloud",https://www.theregister.com/on-prem/2026/06/18/2000-retired-google-pixel-phones-get-a-second-life-as-a-private-cloud/5258035,Theregister.com,2026-06-18T21:39:28Z,You might say the system packs two kilapixels of compute,True,2026-06-20T01:51:06.982977
China’s Z.AI Releases GLM-5.2: A Model That Rivals Claude Opus—Using Zero Nvidia Chips,https://decrypt.co/371613/china-z-ai-glm-5-2-model-rivals-claude-opus,Decrypt,2026-06-18T21:26:34Z,"Z.ai's GLM-5.2 sits within 1% of Claude Opus 4.8 on long-horizon coding benchmarks, runs entirely on Huawei silicon, and undercuts Western frontier models by up to 82% per token.",True,2026-06-20T01:51:06.982979
Announcing Amazon EC2 G7 instances accelerated by NVIDIA RTX PRO 4500 Blackwell Server Edition GPUs,https://aws.amazon.com/blogs/aws/announcing-amazon-ec2-g7-instances-accelerated-by-nvidia-rtx-pro-4500-blackwell-server-edition-gpus/,Amazon.com,2026-06-18T21:22:10Z,"Announcing the general availability of Amazon Elastic Compute Cloud (Amazon EC2) G7 instances, delivering high performance GPU acceleration for AI inference, graphics, and data analytics workloads.",True,2026-06-20T01:51:06.982980
turboquant-ml added to PyPI,https://pypi.org/project/turboquant-ml/,Pypi.org,2026-06-18T21:18:11Z,TurboQuant — model quantization and optimization toolkit for edge and resource-constrained deployment.,True,2026-06-20T01:51:06.982981
NVIDIA GeForce GTX 1650 modded with 8GB of GDDR6 memory doubles performance in God of War and Unigine Superposition,https://www.tweaktown.com/news/112227/nvidia-geforce-gtx-1650-modded-with-8gb-of-gddr6-memory-doubles-performance-in-god-of-war-and-unigine-superposition/index.html,TweakTown,2026-06-18T21:17:06Z,"Modders install an extra 4GB of GDDR6 memory on a TU106-variant of the GTX 1650, catapulting its performance in memory-bound games and benchmarks.Continue reading at TweakTown",False,2026-06-20T01:51:06.982983
"KubeCon + CloudNativeCon, OpenInfra Summit and PyTorch Conference Unite in China to Scale AI",https://www.prnewswire.com/news-releases/kubecon--cloudnativecon-openinfra-summit-and-pytorch-conference-unite-in-china-to-scale-ai-302804908.html,PRNewswire,2026-06-18T21:12:00Z,"Schedule highlights global communities bridging cloud native infrastructure with AI stacks Key Highlights Full schedule released for the inaugural co-location of KubeCon + CloudNativeCon, OpenInfra Summit, and PyTorch Conference China 2026. Uniting cloud nati…",True,2026-06-20T01:51:06.982985
lift-pdf added to PyPI,https://pypi.org/project/lift-pdf/,Pypi.org,2026-06-18T21:08:36Z,Extract structured data from PDFs and images by passing a schema.,True,2026-06-20T01:51:06.982986
Amazon EC2 G7 instances are now generally available,https://aws.amazon.com/about-aws/whats-new/2026/06/amazon-ec2-g7-generally-available,Amazon.com,2026-06-18T20:59:00Z,"Today, AWS announces the general availability of Amazon Elastic Compute Cloud (Amazon EC2) G7 instances, accelerated by NVIDIA RTX PRO 4500 Blackwell Server Edition GPUs. G7 instances deliver up to 4.6x AI inference performance and up to 2.1x graphics perform…",True,2026-06-20T01:51:06.982987
HIVE Digital Technologies targets $200M ARR in GPU AI cloud revenue by Q4 2026,https://cryptobriefing.com/hive-digital-200m-gpu-ai-cloud-revenue/,Crypto Briefing,2026-06-18T20:45:21Z,"HIVE's ambitious revenue target highlights a strategic pivot towards AI, potentially reshaping its market position and investor expectations.
The post HIVE Digital Technologies targets $200M ARR in GPU AI cloud revenue by Q4 2026 appeared first on Crypto Brie…",True,2026-06-20T01:51:06.982988
What to expect during the ‘Scaling the Agentic Era’ event: Join theCUBE on June 30,https://siliconangle.com/2026/06/18/what-to-expect-scaling-the-agentic-era-thecube-coreweaveverarubin/,SiliconANGLE News,2026-06-18T20:32:13Z,CoreWeave Inc. wants to step in before the infrastructure stack buckles under the weight of agentic artificial intelligence. The company recently announced the industry’s first validation of Nvidia Vera Rubin NVL72 on CoreWeave Cloud. This suggests that AI in…,True,2026-06-20T01:51:06.982990
aria-transcribe added to PyPI,https://pypi.org/project/aria-transcribe/,Pypi.org,2026-06-18T20:27:48Z,"Drop-in CLI transcription. Groq by default, local Whisper opt-in.",True,2026-06-20T01:51:06.982991
OnePlus Pad 3 Pro Official: A New Flagship Tablet Challenger,https://www.ubergizmo.com/2026/06/oneplus-pad-3-pro-official-a-new-flagship-tablet-challenger/,Ubergizmo,2026-06-18T20:27:27Z,"OnePlus has officially introduced the OnePlus Pad 3 Pro in China, a premium tablet closely derived from the OnePlus Pad 4 but tailored with minor adjustments for the domestic market. This new release features significant upgrades in display, processing power,…",True,2026-06-20T01:51:06.982992
tirx-kernels 0.1.1,https://pypi.org/project/tirx-kernels/0.1.1/,Pypi.org,2026-06-18T20:26:18Z,High-performance GPU kernels (GEMM + FlashAttention4) written in TIRx,True,2026-06-20T01:51:06.982994
gaff-gpu added to PyPI,https://pypi.org/project/gaff-gpu/,Pypi.org,2026-06-18T20:18:21Z,Automatically detects your GPU and installs the correct version of PyTorch for your environment,True,2026-06-20T01:51:06.982995
tirx-kernels 0.1.0,https://pypi.org/project/tirx-kernels/0.1.0/,Pypi.org,2026-06-18T20:14:37Z,High-performance GPU kernels (GEMM + FlashAttention4) written in TIRx,True,2026-06-20T01:51:06.982996
tirx-kernels added to PyPI,https://pypi.org/project/tirx-kernels/,Pypi.org,2026-06-18T20:14:35Z,High-performance GPU kernels (GEMM + FlashAttention4) written in TIRx,True,2026-06-20T01:51:06.982997
tirx-kernels 0.0.0,https://pypi.org/project/tirx-kernels/0.0.0/,Pypi.org,2026-06-18T20:14:35Z,High-performance GPU kernels (GEMM + FlashAttention4) written in TIRx,True,2026-06-20T01:51:06.982999
Motorola Edge 2026: smartphone premium com brindes grátis que valem quase $400,https://www.edivaldobrito.com.br/motorola-edge-2026-smartphone-premium-com-brindes-gratis-que-valem-quase-400/,Edivaldobrito.com.br,2026-06-18T20:12:25Z,"Conheça o Motorola Edge 2026, um smartphone premium com brindes valiosos que tornam a compra irresistível.
O post Motorola Edge 2026: smartphone premium com brindes grátis que valem quase $400 apareceu primeiro em Blog do Edivaldo - Informações e Notícias sob…",True,2026-06-20T01:51:06.983000
g-ocr 0.1.0,https://pypi.org/project/g-ocr/0.1.0/,Pypi.org,2026-06-18T20:04:02Z,"GOCR — schnelle, kleine deutsche OCR-/Vision-Schicht für Dokumente (CPU, kein GPU): ganzes Dokument → Text + Position (bbox) als JSON. Bilder + PDF.",True,2026-06-20T01:51:06.983001
g-ocr added to PyPI,https://pypi.org/project/g-ocr/,Pypi.org,2026-06-18T20:03:56Z,"GOCR — schnelle, kleine deutsche OCR-/Vision-Schicht für Dokumente (CPU, kein GPU): ganzes Dokument → Text + Position (bbox) als JSON. Bilder + PDF.",True,2026-06-20T01:51:06.983003
007 First Light promosso con riserve su PC da Digital Foundry,https://multiplayer.it/notizie/007-first-light-promosso-con-riserva-pc-da-digital-foundry.html,Multiplayer.it,2026-06-18T20:01:23Z,"La versione PC di 007 First Light è stata analizzata da Digital Foundry dopo l'ultimo aggiornamento, offrendo un quadro più chiaro sullo stato del port e sulle aree in cui il gioco può ancora migliorare.",True,2026-06-20T01:51:06.983004
"1,1 Milliarden Nutzer bei ChatGPT – doch die Konkurrenz wächst",https://www.chip.de/news/kuenstliche-intelligenz/1-1-milliarden-nutzer-bei-chatgpt-doch-die-konkurrenz-waechst_21e185b6-c82b-48c3-b7f8-ca0cdd70a204.html,CHIP Online Deutschland,2026-06-18T19:55:00Z,ChatGPT hat erstmals seine Dominanz im Markt für KI-Assistenten verloren und ordentlich Marktanteil abgegeben.,True,2026-06-20T01:51:06.983006
IaC Isn’t Dying. AI Makes it More Important,https://devops.com/iac-isnt-dying-ai-makes-it-more-important/,DevOps.com,2026-06-18T19:51:56Z,"AI-generated infrastructure code is arriving faster than most organizations can absorb it. The organizations that invested in platform quality first are the ones pulling ahead. Every few years, someone declares that Infrastructure as Code is dead. The argumen…",True,2026-06-20T01:51:06.983007
Asus releases new 16-inch gaming laptop with 160 W GPU and 64 GB RAM,https://www.notebookcheck.net/Asus-releases-new-16-inch-gaming-laptop-with-160-W-GPU-and-64-GB-RAM.1324367.0.html,Notebookcheck.net,2026-06-18T19:42:00Z,"Asus has finally released a more powerful version of its latest 16-inch gaming laptop in the US. Equipped with 64 GB of RAM and an Intel Panther Lake processor, the ROG Zephyrus G16 can boost its Nvidia GeForce RTX 5080 laptop GPU to 160 W this year, too.",True,2026-06-20T01:51:06.983008
Best early Prime Day laptop deals,https://www.pcworld.com/article/2923815/best-laptop-prime-day-deals.html,PCWorld,2026-06-18T19:32:53Z,"I’ve been spending the past few months digging into laptop pricing, and one thing is incredibly obvious here. Laptops are getting wildly expensive, thanks in part to the rising cost of RAM. With Amazon Prime Day peeking around the corner (June 23nd to the 26t…",True,2026-06-20T01:51:06.983009
"PR Roundup: Tylenol Tops Trust Rankings, Local Journalism Hits a New Low and Allbirds Becomes Smartbird",https://www.prnewsonline.com/pr-roundup-tylenol-tops-trust-rankings-local-journalism-hits-a-new-low-and-allbirds-becomes-smartbird/,Prnewsonline.com,2026-06-18T19:31:29Z,"This week's PR Roundup examines what it takes to build—and keep—consumer trust in uncertain times. 
The post PR Roundup: Tylenol Tops Trust Rankings, Local Journalism Hits a New Low and Allbirds Becomes Smartbird appeared first on PRNEWS.",True,2026-06-20T01:51:06.983011
pystatistics 3.15.3,https://pypi.org/project/pystatistics/3.15.3/,Pypi.org,2026-06-18T19:28:42Z,GPU-accelerated statistical computing for Python,True,2026-06-20T01:51:06.983013
Crusoe AI puts energy first to power sustainable AI infrastructure at scale,https://siliconangle.com/2026/06/18/crusoe-ai-puts-energy-first-power-sustainable-ai-infrastructure-scale-pureaccelerate/,SiliconANGLE News,2026-06-18T19:26:10Z,"For Crusoe AI, sustainable AI infrastructure has always been the founding premise, a welcome alternative amidst a surge of antipathy for data centers in local communities. The company takes a vertically integrated, energy-first approach to building AI infrast…",True,2026-06-20T01:51:06.983014
Integer Quantization: Deep Dive,https://hello-fri-end.github.io/2026/06/integer-quantization-deep-dive/,Github.io,2026-06-18T19:25:46Z,"Article URL: https://hello-fri-end.github.io/2026/06/integer-quantization-deep-dive/
Comments URL: https://news.ycombinator.com/item?id=48590280
Points: 4
# Comments: 1",True,2026-06-20T01:51:06.983016
Get a good look at the latest Galaxy A27 5G renders,https://www.androidauthority.com/samsung-galaxy-a27-5g-renders-3679103/,Android Authority,2026-06-18T19:20:44Z,"A new leak has come for the Samsung Galaxy A27 5G, revealing what appears to be press images of the handset.",True,2026-06-20T01:51:06.983017
"The Top-Tier Skytech Gaming PC With AMD Ryzen 9 9950X3D CPU and 5090 GPU Drops Below $5,000",https://www.ign.com/articles/skytech-rtx-5090-gaming-pc-early-amazon-prime-day-sale,IGN,2026-06-18T19:10:00Z,It's also equipped with 64GB of DDR5-6000MHz RAM and a generous 4TB SSD.,False,2026-06-20T01:51:06.983018
HIVE Stock Spikes as Bitcoin Miner Lands $220M AI Infra Deal,https://decrypt.co/371570/hives-220m-ai-deal-bitcoin-mining,Decrypt,2026-06-18T19:05:59Z,The crypto miner has signed a landmark three-year GPU contract with Bell Canada and Cohere—as Canada races to build AI systems it actually owns.,True,2026-06-20T01:51:06.983020
Unreal Engine 5.8: Epic schließt UE5-Phase ab und blickt auf Unreal Engine 6,https://www.computerbase.de/news/gaming/unreal-engine-5-8-epic-schliesst-ue5-phase-ab-und-blickt-auf-unreal-engine-6.97980/,ComputerBase,2026-06-18T19:00:00Z,"Epic hat Unreal Engine 5.8 veröffentlicht und gibt zugleich einen Ausblick auf Unreal Engine 6. Der aktuelle UE5-Zweig erhält damit voraussichtlich sein letztes großes Update, während Epic an der Zusammenführung von Unreal Engine 5 und Unreal Editor for Fortn…",True,2026-06-20T01:51:06.983021
Valve releases SteamOS 3.8 — and it comes with the biggest hint yet that the Steam Machine is about to arrive,https://www.techradar.com/gaming/consoles-pc/valve-releases-steamos-3-8-and-it-comes-with-the-biggest-hint-yet-that-the-steam-machine-is-about-to-arrive,TechRadar,2026-06-18T19:00:00Z,"The evidence that the Steam Machine is imminent is piling up, as a new version of SteamOS officially prepares the ground for Valve's gaming PC.",True,2026-06-20T01:51:06.983022
Core AI Announced,https://mjtsai.com/blog/2026/06/18/core-ai-announced/,Mjtsai.com,2026-06-18T18:55:50Z,"Meet Core AI: Discover Core AI, Apple’s new framework for on-device AI model deployment. Tour the ecosystem, from Python libraries for converting, authoring, and optimizing models, to a Swift API for simple plug-and-play inference and advanced use cases with …",True,2026-06-20T01:51:06.983023
Microsoft and Adobe teamed up to make Photoshop 20% faster on Windows,https://www.techspot.com/news/112815-microsoft-worked-adobe-improve-photoshop-performance-windows.html,TechSpot,2026-06-18T18:41:00Z,"Thanks to a close collaboration with Adobe, Microsoft engineers have significantly improved performance in certain Photoshop operations. Photoshop is a large, native desktop application written in C++ and compiled with Microsoft's Visual C++ compiler on Windo…",False,2026-06-20T01:51:06.983025
Jefferies projects IREN’s AI cloud business to outperform data center leasing with 30% upside,https://cryptobriefing.com/jefferies-iren-ai-cloud-30-percent-upside/,Crypto Briefing,2026-06-18T18:23:45Z,"IREN's strategic pivot to AI cloud services could significantly enhance profitability, but execution risks and competition remain critical factors.
The post Jefferies projects IREN’s AI cloud business to outperform data center leasing with 30% upside appeared…",True,2026-06-20T01:51:06.983026
News: Nvidia ENPIRE - Die KI braucht euch nicht baldmehr: Sie kann ihre Grafikkarte jetzt selbst einbauen,"https://www.gamestar.de/artikel/nvidia-enpire-ki-agenten-roboter-gpu-einbau,3454880.html",GameStar,2026-06-18T18:20:00Z,Nvidias ENPIRE-Framework lässt KI-Coding-Agenten Roboter ohne menschliche Aufsicht trainieren. Beim GPU-Einbau führte das zu einer 99-prozentigen Erfolgsquote.,True,2026-06-20T01:51:06.983027
"Nvidia adopts OpenBao, open source fork of HashiCorp's Vault",https://www.techtarget.com/searchitoperations/news/366644831/Nvidia-adopts-OpenBao-open-source-fork-of-HashiCorps-Vault,Techtarget.com,2026-06-18T18:04:00Z,"Nvidia's adoption is among the signs of growing interest in the OpenSSF-governed Vault alternative, amid mounting digital sovereignty worries globally.",True,2026-06-20T01:51:06.983029
ASUS trae a Colombia sus nuevos computadores con doble pantalla OLED e IA: precios y características,https://www.enter.co/chips-bits/computadores/asus-trae-a-colombia-sus-nuevos-computadores-con-doble-pantalla-oled-e-ia-precios-y-caracteristicas/,Enter.co,2026-06-18T18:00:33Z,"La apuesta de ASUS por las laptops con doble pantalla da un nuevo paso en Colombia. La compañía anunció la llegada de las nuevas ASUS Zenbook DUO y ROG Zephyrus DUO, dos equipos que buscan resolver un problema común tanto para profesionales como para gamers: …",True,2026-06-20T01:51:06.983030
Amazon in talks to sell custom AI chips in bid to cut Nvidia’s dominance,https://economictimes.indiatimes.com/tech/technology/amazon-in-talks-to-sell-custom-ai-chips-in-bid-to-cut-nvidias-dominance/articleshow/131838620.cms,The Times of India,2026-06-18T17:56:04Z,Amazon is planning to sell its custom artificial intelligence chips to other companies. This move aims to compete with Nvidia's strong hold in the market. Amazon's AI chief confirmed discussions are underway. The company sees a growing demand for AI infrastru…,True,2026-06-20T01:51:06.983031
HIVE secures $220M AI infrastructure contract with Bell and Cohere,https://cointelegraph.com/news/hive-secures-220m-ai-infrastructure-contract-with-bell-and-cohere,Cointelegraph,2026-06-18T17:54:57Z,"HIVE Digital will deploy 2,304 Nvidia Grace Blackwell GPUs under a three-year, $220 million AI infrastructure agreement supporting Cohere's enterprise and government AI services.",True,2026-06-20T01:51:06.983033
Le processeur de la Steam Machine moins rapide que l'A18 Pro du MacBook Neo selon les premiers essais,https://www.macg.co/ailleurs/2026/06/le-processeur-de-la-steam-machine-moins-rapide-que-la18-pro-du-macbook-neo-selon-les-premiers-essais-309277,MacGeneration,2026-06-18T17:54:08Z,"Annoncée un peu avant le début de la RAMpocalypse, à la fin de l'année 2025, la Steam Machine de Valve devrait débarquer très rapidement dans les chaumières, selon des rumeurs. Un des points qui valident les rumeurs en question vient du fait que les benchmark…",True,2026-06-20T01:51:06.983034
Kioxia CD9P-R Review: Read-Intensive Gen5 Up to 61.44TB,https://www.storagereview.com/review/kioxia-cd9p-r-review-read-intensive-gen5-up-to-61-44tb,Storagereview.com,2026-06-18T17:36:14Z,"The Kioxia CD9P-R is the read-intensive arm of the company’s new data center NVMe SSD generation, and the first CD-series drive built on BiCS FLASH generation 8 TLC. The series pairs Kioxia’s own controller and firmware with PCIe 5.0 and NVMe 2.0, with rated …",True,2026-06-20T01:51:06.983035
HIVE Digital acquires 32 MW data center in Sweden after 8 years as tenant,https://cryptobriefing.com/hive-digital-acquires-sweden-data-center/,Crypto Briefing,2026-06-18T17:30:50Z,"HIVE's acquisition and AI pivot could significantly boost its revenue growth and position it as a key player in the AI infrastructure market.
The post HIVE Digital acquires 32 MW data center in Sweden after 8 years as tenant appeared first on Crypto Briefing.",True,2026-06-20T01:51:06.983036
Special: Handhelds - Jetzt will es Acer richtig wissen: Der neue Handheld kommt mit einem überraschenden Upgrade – meine ersten Eindrücke mit dem Predator Atlas 8,"https://www.gamestar.de/artikel/acer-predator-atlas-8-hands-on-erster-eindruck,3454881.html",GameStar,2026-06-18T17:30:00Z,"Hier sind meine ersten Eindrücke vom Acer Predator Atlas 8 – ein Handheld, der ein echter Geheimtipp werden könnte.",True,2026-06-20T01:51:06.983038
IREN faces $21B funding gap to transition to AI infrastructure,https://cryptobriefing.com/iren-21b-funding-gap-ai-infrastructure/,Crypto Briefing,2026-06-18T17:26:12Z,"IREN's AI infrastructure pivot highlights the industry's shift from crypto mining, raising concerns about execution risks and shareholder value.
The post IREN faces $21B funding gap to transition to AI infrastructure appeared first on Crypto Briefing.",True,2026-06-20T01:51:06.983039
Amazon desafía a NVIDIA: comenzará a vender sus chips Trainium para inteligencia artificial,https://hipertextual.com/economia-empresas/amazon-trainium-venta-chips-vs-nvidia/,Hipertextual,2026-06-18T17:20:40Z,Amazon quiere vender sus chips de inteligencia artificial a empresas externas para competir con NVIDIA. La compañía confirmó que ya hay conversaciones con algunos clientes para comercializar los chips Trainium que utilizan en la plataforma EC2. Amazon seguirá…,True,2026-06-20T01:51:06.983040
iBUYPOWER - Slate Gaming Desktop PC Intel Core Ultra 5 225F 2025 INTEL Arc B570 10GB 16GB DDR5 RGB 1TB NVMe SSD Storage - Black $899.99 (1 replies),https://slickdeals.net/f/19644906-ibuypower-slate-gaming-desktop-pc-intel-core-ultra-5-225f-2025-intel-arc-b570-10gb-16gb-ddr5-rgb-1tb-nvme-ssd-storage-black-899-99,Slickdeals.net,2026-06-18T17:14:31Z,"Brand: iBUYPOWER
CPU: Intel Core Ultra 5 Series 2 (225F)
GPU: Intel Arc B570 10GB
RAM: 16GB DDR5
SSD: 1TB
Motherboard: B860
Power Supply: 600W
1 year warranty

----------------------------------------",True,2026-06-20T01:51:06.983042
تبلت جدید وان‌پلاس به تراشه قدرتمند کوالکام مجهز است و نمایشگر ۱۴۴ هرتزی دارد,https://www.zoomit.ir/tablet/461572-oneplus-pad-3-pro-launch-specs/,Zoomit.ir,2026-06-18T17:10:00Z,وان‌پلاس تبلت پد ۳ پرو را رونمایی کرد؛ دستگاهی با تراشه‌ی قدرتمند و باتری پرظرفیت.,True,2026-06-20T01:51:06.983043
Latest official SteamOS update paves the way for Steam Machine with a bunch of new display features and faster patches,https://www.rockpapershotgun.com/latest-official-steamos-update-paves-the-way-for-steam-machine-with-a-bunch-of-new-display-features-and-faster-patches,Rock Paper Shotgun,2026-06-18T17:07:43Z,"Following the customary beta tests, Valve have released a new SteamOS update that adds ""initial"" support for the forthcoming Steam Machine, that unconscionable hybrid of desktop computer and videogame console, feared by man and god alike. It's one, small step…",True,2026-06-20T01:51:06.983044
Bernstein sees something in AMD beyond Nvidia’s shadow,https://www.thestreet.com/investing/stocks/bernstein-sees-something-in-amd-beyond-nvidias-shadow,TheStreet,2026-06-18T17:07:00Z,"Advanced Micro Devices (AMD)’s AI story might be getting a lot bigger in a place investors haven’t been watching closely enough. According to TheFly, Bernste...",False,2026-06-20T01:51:06.983046
skmetal 1.0.0,https://pypi.org/project/skmetal/1.0.0/,Pypi.org,2026-06-18T17:01:58Z,GPU-accelerated scikit-learn via Apple Metal,True,2026-06-20T01:51:06.983047
SteamOS 3.8 esce dalla beta: supporto preliminare alle future Steam Machine e tanto altro,https://www.hwupgrade.it/news/sistemi-operativi/steamos-38-esce-dalla-beta-supporto-preliminare-alle-future-steam-machine-e-tanto-altro_155047.html,Hwupgrade.it,2026-06-18T17:01:01Z,"Valve ha pubblicato la versione stabile di SteamOS 3.8.10, introducendo il supporto preliminare alle future Steam Machine, il passaggio a Wayland come ambiente desktop predefinito e numerosi miglioramenti per Steam Deck e console portatili di terze parti. Agg…",True,2026-06-20T01:51:06.983048
Modders fazem Bloodborne rodar no PS5 com suporte a 120 FPS e resoluções altíssimas,https://br.ign.com/bloodborne/153993/modders-fazem-bloodborne-rodar-no-ps5-com-suporte-a-120-fps-e-resolucoes-altissimas,IGN,2026-06-18T16:56:25Z,“É um mundo à parte da experiência original a 30 FPS”,True,2026-06-20T01:51:06.983049
(PR) GMKtec Launches EVO-X3 Compact AI Mini PC Workstation,https://www.techpowerup.com/350092/gmktec-launches-evo-x3-compact-ai-mini-pc-workstation,Techpowerup.com,2026-06-18T16:54:55Z,"GMKtec today announces that early access registration for the upcoming EVO-X3 will officially open on June 22, giving users the first opportunity to secure early access benefits ahead of global launch. EVO-X3 is a next-generation compact AI workstation design…",False,2026-06-20T01:51:06.983051
"DEADLINE ALERT for BTGO, ERAS, NNOX, and MSFT: The Law Offices of Frank R. Cruz Reminds Investors of Class Actions on Behalf of Shareholders",https://www.globenewswire.com/news-release/2026/06/18/3314436/0/en/DEADLINE-ALERT-for-BTGO-ERAS-NNOX-and-MSFT-The-Law-Offices-of-Frank-R-Cruz-Reminds-Investors-of-Class-Actions-on-Behalf-of-Shareholders.html,GlobeNewswire,2026-06-18T16:53:00Z,"LOS ANGELES, June 18, 2026 (GLOBE NEWSWIRE) -- The Law Offices of Frank R. Cruz reminds investors that class action lawsuits have been filed on behalf of shareholders of the following publicly-traded companies. Investors have until the deadlines listed below …",True,2026-06-20T01:51:06.983052
FortiBleed Is A Bad One For You And A Lot Of The Companies You Depend On,https://pcper.com/2026/06/fortibleed-is-a-bad-one-for-you-and-a-lot-of-the-companies-you-depend-on/,PC Perspective,2026-06-18T16:45:44Z,Welcome to yet another day in the security horror show that has become our lives.  Today reveals not just a successful hack of Fortinet VPN appliances but pretty much the biggest one…,True,2026-06-20T01:51:06.983053
qjax added to PyPI,https://pypi.org/project/qjax/,Pypi.org,2026-06-18T16:43:20Z,"Tsallis statistics for artificial intelligence, built on JAX.",True,2026-06-20T01:51:06.983054
autoanalyst added to PyPI,https://pypi.org/project/autoanalyst/,Pypi.org,2026-06-18T16:39:06Z,An agentic data analyst that writes and runs its own pandas/matplotlib code to answer questions about your data.,True,2026-06-20T01:51:06.983056
Zurich Sees Data Center Boom Spurring Insurance Securitization,https://www.insurancejournal.com/news/international/2026/06/18/874314.htm,Insurance Journal,2026-06-18T16:37:43Z,"The level of investment into data centers globally may soon make it necessary for insurers involved to begin selling securitization products to spread the risk among a broader pool of investors, according to Zurich Insurance Group AG. “I do anticipate …",True,2026-06-20T01:51:06.983057
axon-quant added to PyPI,https://pypi.org/project/axon-quant/,Pypi.org,2026-06-18T16:30:52Z,AXON - 量化交易回测与强化学习框架,True,2026-06-20T01:51:06.983058
Intel Arc Graphics Driver 32.0.101.6313 for Windows 11 S,https://drivers.softpedia.com/get/GRAPHICS-BOARD/INTEL/Intel-Arc-Graphics-Driver-32-0-101-6313-for-Windows-11-S.shtml,Softpedia.com,2026-06-18T16:29:35Z,"The package provides the installation files for Intel Arc Graphics Driver version 32.0.101.6313 .If the driver is already installed on your system, updating (overwrite-installing) may fix various issues, add new functions, or just upgrade to the available ver…",False,2026-06-20T01:51:06.983060
Intel Arc Graphics Driver 32.0.101.6313 for Windows 10 S 64-bit,https://drivers.softpedia.com/get/GRAPHICS-BOARD/INTEL/Intel-Arc-Graphics-Driver-32-0-101-6313-for-Windows-10-S-64-bit.shtml,Softpedia.com,2026-06-18T16:29:08Z,"The package provides the installation files for Intel Arc Graphics Driver version 32.0.101.6313 .If the driver is already installed on your system, updating (overwrite-installing) may fix various issues, add new functions, or just upgrade to the available ver…",False,2026-06-20T01:51:06.983061
Intel Arc Graphics Driver 32.0.101.6313 for Windows 10 version 1903 64-bit,https://drivers.softpedia.com/get/GRAPHICS-BOARD/INTEL/Intel-Arc-Graphics-Driver-32-0-101-6313-for-Windows-10-version-1903-64-bit.shtml,Softpedia.com,2026-06-18T16:28:42Z,"The package provides the installation files for Intel Arc Graphics Driver version 32.0.101.6313 .If the driver is already installed on your system, updating (overwrite-installing) may fix various issues, add new functions, or just upgrade to the available ver…",False,2026-06-20T01:51:06.983062
Intel Arc Graphics Driver 32.0.101.6313 for Windows 10 version 21H2 64-bit,https://drivers.softpedia.com/get/GRAPHICS-BOARD/INTEL/Intel-Arc-Graphics-Driver-32-0-101-6313-for-Windows-10-version-21H2-64-bit.shtml,Softpedia.com,2026-06-18T16:28:15Z,"The package provides the installation files for Intel Arc Graphics Driver version 32.0.101.6313 .If the driver is already installed on your system, updating (overwrite-installing) may fix various issues, add new functions, or just upgrade to the available ver…",False,2026-06-20T01:51:06.983064
Intel Arc Graphics Driver 32.0.101.6313 for Windows 10 64-bit,https://drivers.softpedia.com/get/GRAPHICS-BOARD/INTEL/Intel-Arc-Graphics-Driver-32-0-101-6313-for-Windows-10-64-bit.shtml,Softpedia.com,2026-06-18T16:27:37Z,"The package provides the installation files for Intel Arc Graphics Driver version 32.0.101.6313 .If the driver is already installed on your system, updating (overwrite-installing) may fix various issues, add new functions, or just upgrade to the available ver…",False,2026-06-20T01:51:06.983065
modal-gpu-retry 0.0.3,https://pypi.org/project/modal-gpu-retry/0.0.3/,Pypi.org,2026-06-18T16:26:18Z,Lightweight Modal wrapper for automatic GPU escalation upon job failures.,True,2026-06-20T01:51:06.983066
‘Nigerian marketers import Dangote fuel via Lome hub’,https://punchng.com/nigerian-marketers-import-dangote-fuel-via-lome-hub/,The Punch,2026-06-19T00:27:37Z,"Nigerian fuel marketers are importing refined petroleum products from Dangote Refinery via the Lome offshore hub, highlighting pricing disparities. Learn m

Read More: https://punchng.com/nigerian-marketers-import-dangote-fuel-via-lome-hub/",True,2026-06-20T01:51:07.198080
AI data centers just got a government-mandated fast lane to the grid,https://biztoc.com/x/13ccfd4bdc0eafdc,Biztoc.com,2026-06-18T23:32:23Z,"The Federal Energy Regulatory Commission (FERC) told grid operators on Thursday to fast track interconnection requests from data centers and other large electricity users.
Under the orders, six major grid operators have to show that data centers are “able to …",True,2026-06-20T01:51:07.198091
Industry Leaders Commend FERC for Action on Large Load Interconnection and Grid Flexibility,https://www.prnewswire.com/news-releases/industry-leaders-commend-ferc-for-action-on-large-load-interconnection-and-grid-flexibility-302804982.html,PRNewswire,2026-06-18T23:04:00Z,"WASHINGTON, June 18, 2026 /PRNewswire/ -- Today, Utilize Coalition, an industry-led energy affordability nonprofit backed by some of America's leading grid flexibility providers and consumers commended the Federal Energy Regulatory Commission (FERC) for its a…",True,2026-06-20T01:51:07.198093
Texas regulators approve framework for managing data centers’ power demands,https://cryptobriefing.com/texas-data-center-power-framework/,Crypto Briefing,2026-06-18T22:47:29Z,"Texas' new framework for data center power demands could reshape energy allocation, impacting infrastructure costs and investment strategies.
The post Texas regulators approve framework for managing data centers’ power demands appeared first on Crypto Briefin…",True,2026-06-20T01:51:07.198095
A Federal Regulator Wants to Fast-Track AI Data Centers Onto the Power Grid,https://gizmodo.com/a-federal-regulator-wants-to-fast-track-ai-data-centers-onto-the-power-grid-2000773803,Gizmodo.com,2026-06-18T21:15:18Z,The Federal Energy Regulatory Commission is pushing grid operators to update rules for connecting massive power users.,False,2026-06-20T01:51:07.198096
BlockchAIn Announces Full Exercise of Underwriter’s Option to Purchase Additional Shares of Common Stock,https://www.globenewswire.com/news-release/2026/06/18/3314516/0/en/BlockchAIn-Announces-Full-Exercise-of-Underwriter-s-Option-to-Purchase-Additional-Shares-of-Common-Stock.html,GlobeNewswire,2026-06-18T20:05:00Z,BlockchAIn Announces Full Exercise of Underwriter’s Option to Purchase Additional Shares of Common Stock...,True,2026-06-20T01:51:07.198098
"How FERC’s Large-Load Interconnection Actions Help Address Grid Stress, Improve Affordability",https://blogs.nvidia.com/blog/ferc-large-load-interconnection/,Nvidia.com,2026-06-18T20:00:27Z,"In a consequential grid infrastructure decision, the Federal Energy Regulatory Commission (FERC) today issued a major milestone on large-load interconnection impacting how those building AI factories, semiconductor fabrication support systems and advanced man…",True,2026-06-20T01:51:07.198099
"FERC orders a fast lane for data centre grid connections, but the electricity to fill them is another matter",https://thenextweb.com/news/ferc-data-centre-grid-fast-lane-ai/,The Next Web,2026-06-18T18:36:48Z,"The Federal Energy Regulatory Commission on Thursday ordered six major grid operators to fast-track interconnection requests from data centres and other large electricity users. Under the directive, approved unanimously, grid operators must demonstrate that d…",True,2026-06-20T01:51:07.198100
AI data centers just got a government-mandated fast lane to the grid,https://biztoc.com/x/b2382731a4f4cafb,Biztoc.com,2026-06-18T17:59:10Z,"The Federal Energy Regulatory Commission (FERC) told grid operators on Thursday to fast track interconnection requests from data centers and other large electricity users.
Under the orders, six major grid operators have to show that data centers are “able to …",True,2026-06-20T01:51:07.198102
AI data centers just got a government-mandated fast lane to the grid | TechCrunch,https://techcrunch.com/2026/06/18/ai-data-centers-just-got-a-government-mandated-fast-lane-to-the-grid/,TechCrunch,2026-06-18T17:53:44Z,"FERC told grid operators to give data centers a fast lane for interconnections, but it failed to address electricity supply shortages.",True,2026-06-20T01:51:07.198103
US Acts to Accelerate Power Grid Hook-Ups for AI Data Centers,https://financialpost.com/pmn/business-pmn/us-acts-to-accelerate-power-grid-hook-ups-for-ai-data-centers,Financial Post,2026-06-18T17:17:01Z,US regulators have taken their biggest step yet to speed the connection of data centers to the country’s grids while simultaneously attempting to slow surging utility bills that have angered Americans.,False,2026-06-20T01:51:07.198105
Public Utility Commission of Texas to vote on large load policy July 9,https://cryptobriefing.com/texas-puct-large-load-policy-vote/,Crypto Briefing,2026-06-18T17:01:47Z,"The decision could streamline Texas's grid connection process, impacting energy access for tech industries and influencing market dynamics.
The post Public Utility Commission of Texas to vote on large load policy July 9 appeared first on Crypto Briefing.",True,2026-06-20T01:51:07.198106
Nvidia-backed Verse raises $54M to help AI data centres skip the power queue,https://thenextweb.com/news/verse-54m-series-b-ai-data-centre-power/,The Next Web,2026-06-18T16:35:05Z,"For years, the scarce resource in AI was chips. Now it is power. Verse Enterprises wants to unblock that bottleneck. The San Francisco startup has raised an oversubscribed $54mn Series B. Bessemer Venture Partners led the round. GV, Nvidia and Norrsken VC als…",True,2026-06-20T01:51:07.198108
Federal regulators back Trump's plan to speed power to energy-hungry AI data centers,https://www.cnbc.com/2026/06/18/federal-regulators-trump-plan-ai-data-centers.html,CNBC,2026-06-18T16:27:41Z,"As tech companies and developers welcome faster power supply connections, states and operators worry that the plan would dim their authority.",False,2026-06-20T01:51:07.198109
Federal regulators back Trump's plan to speed power to energy-hungry AI data centers,https://www.ksat.com/business/2026/06/18/federal-regulators-back-trumps-plan-to-speed-power-to-energy-hungry-ai-data-centers/,KSAT San Antonio,2026-06-18T15:54:05Z,Federal regulators have ordered regional grid operators to help large energy users connect more quickly to the nation’s inefficient and aging electric transmission system.,True,2026-06-20T01:51:07.198110
Federal regulators back Trump's plan to speed power to energy-hungry AI data centers,https://www.news4jax.com/business/2026/06/18/federal-regulators-back-trumps-plan-to-speed-power-to-energy-hungry-ai-data-centers/,WJXT News4JAX,2026-06-18T15:32:35Z,Federal regulators have ordered regional grid operators to help large energy users connect more quickly to the nation’s inefficient and aging electric transmission system.,True,2026-06-20T01:51:07.198112
Regulators back Trump plan to speed power to energy-hungry AI data centers,https://apnews.com/article/power-electricity-ai-plants-data-centers-grid-506e3d206871111f15c3c62fc5368be5,Associated Press,2026-06-18T15:30:24Z,Federal regulators have agreed to let large energy users connect more quickly to the nation’s inefficient and electric transmission system to accommodate surging demand from power-hungry artificial intelligence data centers. Energy Secretary Chris Wright had …,True,2026-06-20T01:51:07.198113
US government to fast-track grid connections for AI data centers,https://cryptobriefing.com/us-fast-track-grid-ai-data-centers/,Crypto Briefing,2026-06-18T15:21:28Z,"Accelerated grid connections for AI data centers could reshape energy markets, impacting cloud computing, crypto mining, and digital infrastructure.
The post US government to fast-track grid connections for AI data centers appeared first on Crypto Briefing.",True,2026-06-20T01:51:07.198114
A Nasdaq Company Just Reinvented Itself as a Power Company — and Bet It All on the AI Energy Crunch,https://financialpost.com/globe-newswire/a-nasdaq-company-just-reinvented-itself-as-a-power-company-and-bet-it-all-on-the-ai-energy-crunch,Financial Post,2026-06-18T15:12:37Z,"Issued on behalf of LIXTE Biotechnology Holdings, Inc. Having entered into definitive documents to combine with NOMAD, LIXTE is set to become NOMAD Power Solutions — a pure-play deployable-power company aimed squarely at the bottleneck throttling the AI boom.…",False,2026-06-20T01:51:07.198116
A Nasdaq Company Just Reinvented Itself as a Power Company — and Bet It All on the AI Energy Crunch,https://www.globenewswire.com/news-release/2026/06/18/3314363/0/en/A-Nasdaq-Company-Just-Reinvented-Itself-as-a-Power-Company-and-Bet-It-All-on-the-AI-Energy-Crunch.html,GlobeNewswire,2026-06-18T15:10:00Z,"Issued on behalf of LIXTE Biotechnology Holdings, Inc.    Having entered into definitive documents to combine with NOMAD, LIXTE is set to become NOMAD...",True,2026-06-20T01:51:07.198117
"What’s up with… Ericsson, Kyivstar, Telecom Argentina",https://www.telecomtv.com/content/5g/what-s-up-with-ericsson-kyivstar-telecom-argentina-55726/,TelecomTV,2026-06-18T14:25:01Z,Ericsson appoints new head of networksVeon’s Kyivstar adds key apps to its D2D serviceRegulator places heavy conditions on Telefonica’s Argentine unit sale,True,2026-06-20T01:51:07.198118
Analysis of molecular targets and mechanisms of Bisphenol F (BPF)-induced non-alcoholic fatty liver disease (NAFLD) based on network toxicology and molecular dynamics,https://journals.plos.org/plosone/article?id=10.1371/journal.pone.0351730,Plos.org,2026-06-18T14:00:00Z,"Bisphenol F (BPF), a primary substitute for bisphenol A (BPA), is widely utilized in industrial production and daily life. However, its widespread environmental presence has raised concerns regarding potential health risks. This study aims to investigate the …",True,2026-06-20T01:51:07.198119
The AI Boom’s Real Bottleneck Is Power — and One Nasdaq Company Is Reinventing Itself to Solve It,https://www.globenewswire.com/news-release/2026/06/18/3314267/0/en/The-AI-Boom-s-Real-Bottleneck-Is-Power-and-One-Nasdaq-Company-Is-Reinventing-Itself-to-Solve-It.html,GlobeNewswire,2026-06-18T13:15:00Z,"Issued on behalf of LIXTE Biotechnology Holdings, Inc.    Having entered into definitive documents to combine with NOMAD, LIXTE is set to become NOMAD...",True,2026-06-20T01:51:07.198122
ELEMENTL POWER DEVELOPING UTILITY-SCALE ADVANCED NUCLEAR POWER PROJECT IN SOUTHEAST OHIO,https://www.prnewswire.com/news-releases/elementl-power-developing-utility-scale-advanced-nuclear-power-project-in-southeast-ohio-302804339.html,PRNewswire,2026-06-18T12:02:00Z,"Independent nuclear developer selects GE Vernova Hitachi Nuclear Energy's BWRX-300 small modular reactors LETART TOWNSHIP, Ohio, June 18, 2026 /PRNewswire/ -- Elementl Power, an independent developer of utility-scale nuclear power projects, announced today th…",True,2026-06-20T01:51:07.198124
$242.3 Million USD in Total Construction Value; PowerBank Confirms Safe Harbor of 23 Distributed Solar and Energy Storage Projects,https://www.prnewswire.com/news-releases/242-3-million-usd-in-total-construction-value-powerbank-confirms-safe-harbor-of-23-distributed-solar-and-energy-storage-projects-302803628.html,PRNewswire,2026-06-18T11:07:00Z,"$94.7 Million USD Estimated Combined Value of Potential Tax Credits 97 MW DC of Solar and 42 MWh of Energy Storage Across New York and Pennsylvania Projects Expected to Power Equivalent of 11,000 Homes TORONTO, June 18, 2026 /PRNewswire/ - PowerBank Corporati…",True,2026-06-20T01:51:07.198127
"Roma Green Finance to Receive Right of First Offer to Provide Project-Level Funding for Up to 500 Megawatts of Distributed Behind-the-Meter Data Centre Capacity in Alberta, Canada",https://www.globenewswire.com/news-release/2026/06/18/3314035/0/en/Roma-Green-Finance-to-Receive-Right-of-First-Offer-to-Provide-Project-Level-Funding-for-Up-to-500-Megawatts-of-Distributed-Behind-the-Meter-Data-Centre-Capacity-in-Alberta-Canada.html,GlobeNewswire,2026-06-18T11:00:00Z,"Under a Contemplated Master LOI Between BlueFlare and Bloc3 Energy LLC, in Partnership with ZAJA LLC, ROMA Would Be Granted a Non-Exclusive Right of First Offer on Site-Level Financing Across a Portfolio of 1- to 10-MW BTM Data Centres Targeting Up to 500 MW …",True,2026-06-20T01:51:07.198128
Startup proposes battery and solar solutions to expedite data center connections,https://cryptobriefing.com/tar-battery-solar-data-center-power/,Crypto Briefing,2026-06-18T10:36:15Z,"Innovative energy solutions could significantly reduce data center deployment times, potentially accelerating technological advancements and AI growth.
The post Startup proposes battery and solar solutions to expedite data center connections appeared first on…",True,2026-06-20T01:51:07.198129
Symposium on the 1951 Refugee Convention at 75: Its Enduring Role in Human Rights Protection,http://opiniojuris.org/2026/06/18/symposium-on-the-1951-refugee-convention-at-75-its-enduring-role-in-human-rights-protection/,Opiniojuris.org,2026-06-18T08:00:17Z,"[Matthew Gillett is the Chair of the Platform of Independence Experts on Refugee Rights, a member of the UN Working Group on Arbitrary Detention and a Senior Lecturer at Essex Law School (UK)] Introduction This year we commemorate 75 years since the adoption …",True,2026-06-20T01:51:07.198130
Hydro-Québec powers up New York exports amid tightening energy reserves,https://www.cbc.ca/news/canada/montreal/hydro-quebec-transmission-lines-new-york-9.7238106,CBC News,2026-06-18T08:00:00Z,"Hydro-Québec has begun exporting electricity to New York City under a long-term contract that critics say comes at an awkward time, as Quebec grapples with growing demand at home and lower-than-usual reservoir levels.",False,2026-06-20T01:51:07.198132
"Jelly Roll's wife Bunnie Xo breaks silence on divorce, gets emotional about final fight",https://www.foxnews.com/entertainment/jelly-rolls-wife-bunnie-xo-breaks-silence-divorce-gets-emotional-about-final-fight,Fox News,2026-06-19T01:41:48Z,"Bunnie Xo reveals on her podcast that a Mother's Day argument led Jelly Roll to file divorce papers, dispelling rumors of infidelity on both sides.",True,2026-06-20T01:51:07.395243
781-Mile 2023 Ferrari SF90 Stradale,https://bringatrailer.com/listing/2023-ferrari-sf90-stradale-23/,Bringatrailer.com,2026-06-18T23:59:58Z,"This 2023 Ferrari SF90 Stradale has 781 miles and was specified with a two-layer Blue Elettrico exterior finish as well as a Nero leather-trimmed interior, which houses Daytona-style carbon-fiber racing seats. Power comes from a twin-turbocharged 4.0-liter V8…",True,2026-06-20T01:51:07.395254
"Fox’s new digital IP division is giving creators cash, ads, and distribution to make their next hit series",https://www.tubefilter.com/2026/06/18/fox-creator-studios-new-creator-slate-billy-parks/,Tubefilter,2026-06-18T22:53:28Z,"There's been a lot of chatter lately about the increasing interweave of the creator industry and legacy entertainment. Often this chatter can pit the two ""The long and short of it is we want to invest in creator IP,"" Parks said. ""We all know the creator econo…",False,2026-06-20T01:51:07.395256
2013 Viper Diamondback at No Reserve,https://bringatrailer.com/listing/2013-viper-diamondback/,Bringatrailer.com,2026-06-18T22:44:55Z,This 2013 Viper Diamondback is a pro-street-style motorcycle that is powered by a 152ci Viper/Ilmor V-twin mounted in an oil-in-frame chassis with an on-the-fly-adjustable air ride rear suspension system and a 240-width rear tire. It features carbon-fiber bod…,True,2026-06-20T01:51:07.395257
2015 Mercedes-Benz GL550 4MATIC at No Reserve,https://bringatrailer.com/listing/2015-mercedes-benz-gl550-10-2/,Bringatrailer.com,2026-06-18T22:38:42Z,This 2015 Mercedes-Benz GL550 is finished in Diamond White Metallic over brown leather and is powered by a twin-turbocharged 4.6-liter V8 linked with a seven-speed automatic transmission and a 4MATIC all-wheel-drive system. Equipment includes a panoramic sunr…,True,2026-06-20T01:51:07.395259
2006 Mini Cooper S Checkmate Edition 6-Speed at No Reserve,https://bringatrailer.com/listing/2006-mini-cooper-s-145/,Bringatrailer.com,2026-06-18T22:36:03Z,"This 2006 Mini Cooper S is a Checkmate Edition that is equipped with the John Cooper Works tuning kit, which includes an upgraded cylinder head, supercharger pulley, air intake, and fuel injectors for the supercharged 1.6-liter inline-four. The car is finishe…",True,2026-06-20T01:51:07.395260
38k-Mile 2011 Mercedes-Benz CL63 AMG,https://bringatrailer.com/listing/2011-mercedes-benz-cl63-amg-16/,Bringatrailer.com,2026-06-18T22:24:22Z,"This 2011 Mercedes-Benz CL63 AMG is finished in black over black leather upholstery and is powered by a twin-turbocharged 5.5-liter V8 paired with a seven-speed automatic transmission. It features a sunroof, bi-xenon headlights, Active Body Control suspension…",True,2026-06-20T01:51:07.395262
2024 BMW M2 6-Speed,https://bringatrailer.com/listing/2024-bmw-m2-16/,Bringatrailer.com,2026-06-18T22:23:10Z,"This 2024 BMW M2 was optioned with over $41k in optional equipment including an M Performance exhaust system, steering wheel, adjustable coilover suspension, Style 1000M wheels, and carbon-fiber aerodynamic components. It is finished in Black Sapphire Metalli…",True,2026-06-20T01:51:07.395263
Modified 2015 Ariel Atom 3S,https://bringatrailer.com/listing/2015-ariel-atom-3s-3/,Bringatrailer.com,2026-06-18T22:10:33Z,"This 2015 Ariel Atom 3S has been modified with a Quaife QKE10 six-speed sequential gearbox conversion, and components added to the 2.4-liter Honda inline-four include MoTeC M150 engine management, 1,000cc fuel injectors, a high-flow fuel pump, a custom oil pa…",True,2026-06-20T01:51:07.395264
2024 Porsche 911 Turbo S Cabriolet,https://bringatrailer.com/listing/2024-porsche-911-turbo-s-cabriolet-12/,Bringatrailer.com,2026-06-18T22:04:21Z,"This 2024 Porsche 911 Turbo S cabriolet is finished in GT Silver Metallic over Cognac semi-aniline leather and Pepita cloth. It was ordered with the Classic Heritage Design, Extended Heritage Design Leather, 911 Turbo SportDesign, and Extended Leather Dashboa…",True,2026-06-20T01:51:07.395266
Preview Top Drugstore Deals Next Week 6/21-6/27,https://www.southernsavers.com/preview-top-drugstore-deals-next-week-621-627/,Southernsavers.com,2026-06-18T22:00:37Z,"Here's an early look at all the top deals running next week at CVS and Walgreens! I'm loving the Dove FIFA deals again this week, plus $1 hair care, and great paper goods prices. This is the start of a new 2-week ad for CVS.  So check back early Monday mornin…",True,2026-06-20T01:51:07.395267
268-Mile 2003 BMW R1100S BoxerCup Replika,https://bringatrailer.com/listing/2003-bmw-r1100s-7/,Bringatrailer.com,2026-06-18T21:51:42Z,"This 2003 BMW R1100S is a BoxerCup Replika example that was purchased new by the seller and remained primarily on display in the seller's office, accumulating 268 miles. It is finished in Alpine White and Pacific Blue and is powered by a 1,085cc opposed-twin …",True,2026-06-20T01:51:07.395268
2000 Lexus LX470,https://bringatrailer.com/listing/2000-lexus-lx470-79/,Bringatrailer.com,2026-06-18T21:22:12Z,"This 2000 Lexus LX470 remained registered with the original owner until 2026 and is finished in Riverrock Green Mica over Ivory leather. The truck is powered by a 4.7-liter V8 linked with a four-speed automatic transmission, a dual-range transfer case, and a …",True,2026-06-20T01:51:07.395270
2003 Harley-Davidson V-Rod 100th Anniversary at No Reserve,https://bringatrailer.com/listing/2003-harley-davidson-v-rod-52/,Bringatrailer.com,2026-06-18T21:20:35Z,"This 2003 Harley-Davidson V-Rod 100th Anniversary is finished in Anodized Aluminum and is powered by a 1,130cc Revolution V-twin paired with a five-speed transmission. Now showing 20k miles, the bike features electronic fuel injection, a two-into-two exhaust …",True,2026-06-20T01:51:07.395271
2004 Lexus SC430 Convertible,https://bringatrailer.com/listing/2004-lexus-sc430-44/,Bringatrailer.com,2026-06-18T21:17:26Z,This 2004 Lexus SC430 has remained registered in Texas from new and now has 59k miles. The car is finished in Black Onyx over Saddle leather and is powered by a 4.3-liter V8 linked to a five-speed automatic transmission. Equipment includes a power-retractable…,True,2026-06-20T01:51:07.395273
23k-Mile 2011 Porsche Panamera Turbo,https://bringatrailer.com/listing/2011-porsche-panamera-turbo-16/,Bringatrailer.com,2026-06-18T21:10:13Z,"This 2011 Porsche Panamera Turbo is finished in Black over a black leather interior and was specified with the Sport Chrono Package Plus, SportDesign, and Carbon Interior packages as well as an optional Sport exhaust system, ParkAssist parking sensors, Porsch…",True,2026-06-20T01:51:07.395275
"10k-Mile, One-Owner 2001 Lotus Esprit V8",https://bringatrailer.com/listing/2001-lotus-esprit-v8-8/,Bringatrailer.com,2026-06-18T20:28:32Z,"This 2001 Lotus Esprit V8 is a Calypso Red-over-tan car that shows 10k miles and was purchased new by its current owner. The car is powered by a twin-turbocharged 3.5-liter V8 paired with a five-speed manual transaxle. Features include 17"" and 18"" six-spoke O…",True,2026-06-20T01:51:07.395276
8k-Mile 2015 Ferrari California T at No Reserve,https://bringatrailer.com/listing/2015-ferrari-california-t-52-2/,Bringatrailer.com,2026-06-18T19:55:16Z,"This 2015 Ferrari California T has 8k miles and is powered by a twin-turbocharged 3.9-liter V8 paired with a seven-speed dual-clutch automatic transaxle. Finished in Blu Tour de France over Beige Tradizione leather upholstery, the car features a limited-slip …",True,2026-06-20T01:51:07.395278
"The 11 standout startups from YC's Demo Day, according to VCs | TechCrunch",https://techcrunch.com/2026/06/18/the-11-standout-startups-from-ycs-demo-day-according-to-vcs/,TechCrunch,2026-06-18T19:53:40Z,"TechCrunch spoke to investors to find the hottest startups in the Spring 2026 YC batch. Some of them commanded valuations of over $175 million, VCs said.",True,2026-06-20T01:51:07.395279
TraceLink Earns ISO/IEC 42001:2023 Certification for Responsible AI Governance,https://www.prnewswire.com/news-releases/tracelink-earns-isoiec-420012023-certification-for-responsible-ai-governance-302804839.html,PRNewswire,2026-06-18T19:38:00Z,"Certification validates TraceLink's AI governance and oversight as companies scale Agentic Business Processes and agent-enabled supply chain work with security, control, and compliance on the Integrate-Once™ Agentic Business Network. Summary: The ISO/IEC 4200…",True,2026-06-20T01:51:07.395280
"UPS is building a real-time digital twin of its entire logistics network, updated every 10 minutes",https://thenextweb.com/news/ups-ai-digital-twin-agentic-logistics-network/,The Next Web,2026-06-18T19:08:20Z,"UPS detailed a slate of AI-powered logistics initiatives on Wednesday, including a real-time digital twin of its entire global network that updates every 10 minutes. The system creates a digital replica of facilities, air and ground networks, and end-to-end p…",True,2026-06-20T01:51:07.395282
"4,200-Mile 2012 Yamaha FJR1300 at No Reserve",https://bringatrailer.com/listing/2012-yamaha-fjr1300/,Bringatrailer.com,2026-06-18T19:00:15Z,"This 2012 Yamaha FJR1300 was acquired by the seller in 2019, and it now shows 4,200 miles. Finished in Cobalt Blue with silver accents, the motorcycle is powered by a liquid-cooled 1,298cc DOHC inline-four linked with a five-speed transmission and an enclosed…",True,2026-06-20T01:51:07.395283
LVMH CEO Bernard Arnault Says He Uses A.I. Weekly to Design Products,https://observer.com/2026/06/lvmh-ceo-bernard-arnault-says-he-uses-a-i-weekly-to-design-products/,Observer,2026-06-18T18:23:05Z,"LVMH is scaling A.I. from product design to retail operations, with CEO Bernard Arnault personally testing A.I. tools on a weekly basis.",True,2026-06-20T01:51:07.395287
Original-Owner 2018 Dodge Challenger SRT Demon,https://bringatrailer.com/listing/2018-dodge-challenger-srt-demon-146/,Bringatrailer.com,2026-06-18T18:22:08Z,"This 2018 Dodge Challenger SRT Demon is #654 of approximately 3,300 examples built for the model year, and it was specified new by the seller in TorRed and with over $5k in options. They include the $1 rear seat and trunk carpet kit as well as the Comfort Aud…",True,2026-06-20T01:51:07.395289
1999 Honda Valkyrie Interstate at No Reserve,https://bringatrailer.com/listing/1999-honda-valkyrie-6/,Bringatrailer.com,2026-06-18T18:20:03Z,"This 1999 Honda Valkyrie was purchased new by the seller and now has 18k miles. Finished in Pearl Sonoma Green and Ocean Gray Metallic, the bike is powered by a 1,520cc SOHC flat-six linked to a five-speed transmission and an enclosed driveshaft. Equipment in…",True,2026-06-20T01:51:07.395290
2007 Volkswagen Touareg V10 TDI at No Reserve,https://bringatrailer.com/listing/2007-volkswagen-touareg-24/,Bringatrailer.com,2026-06-18T18:15:07Z,"This 2007 Volkswagen Touareg TDI has spent time in Florida, New Mexico, and California, and the truck now has 68k miles. It is finished in Silver Gray Metallic over Gray Cricket leather and is powered by a twin-turbocharged 5.0-liter diesel V10 that drives al…",True,2026-06-20T01:51:07.395291
2017 Mercedes-Benz GLS450,https://bringatrailer.com/listing/2017-mercedes-benz-gls450-10/,Bringatrailer.com,2026-06-18T18:01:48Z,"This 2017 Mercedes-Benz GLS450 has been in California since new, and it is equipped with the Premium and Lighting packages, which together provided active LED headlights, Blind Spot Assist, Lane Keeping Assist, Keyless Go keyless entry, and COMAND with naviga…",True,2026-06-20T01:51:07.395293
cognis-os added to PyPI,https://pypi.org/project/cognis-os/,Pypi.org,2026-06-18T17:40:32Z,"Observation canonicalization, knowledge discovery, and operational model synthesis",True,2026-06-20T01:51:07.395294
Volvo XC60 crashes into a 793-pound moose dummy,http://www.popsci.com/technology/moose-crash-test-dummy-volvo/,Popular Science,2026-06-18T16:31:54Z,"Crash testing with these massive mammals has come a long way from using real cadavers.
The post Volvo XC60 crashes into a 793-pound moose dummy appeared first on Popular Science.",True,2026-06-20T01:51:07.395295
GeoComm Expands Public Safety Location Intelligence Ecosystem Through Technology Partnership with Digital Twin Imaging,https://www.prnewswire.com/news-releases/geocomm-expands-public-safety-location-intelligence-ecosystem-through-technology-partnership-with-digital-twin-imaging-302804457.html,PRNewswire,2026-06-18T16:10:00Z,"Partnership adds interactive digital twin capabilities to support facility intelligence, emergency preparedness, and responder situational awareness. ST. CLOUD, Minn., June 18, 2026 /PRNewswire/ -- GeoComm, the nation's leader in public safety grade location …",True,2026-06-20T01:51:07.395297
Investito da un camion dei rifiuti a Reggio Emilia: morto ragazzino di 11 anni in bici,https://www.ilfattoquotidiano.it/2026/06/18/bambino-investito-camion-rifiuti-reggio-emilia-notizie/8423073/,Ilfattoquotidiano.it,2026-06-18T16:01:54Z,"Un ragazzino di 11 anni è morto a Reggio Emilia, travolto intorno alle 14 da un camion della nettezza urbana mentre era in sella alla sua bicicletta. I soccorsi sono arrivati immediatamente all’incrocio tra via Zanichelli e Viale Magenta ma le condizioni del …",True,2026-06-20T01:51:07.395298
Gigabyte B850M AORUS PRO WIFI7 Control Center Utility 23.03.21.02,https://drivers.softpedia.com/get/MOTHERBOARD/GIGABYTE/Gigabyte-B850M-AORUS-PRO-WIFI7-Control-Center-Utility-23-03-21-02.shtml,Softpedia.com,2026-06-18T15:45:48Z,Key Features:  - X3D Turbo Mode: Unleash new era gaming performance- DDR5 OC up to 8600MT/s- AMD Socket AM5: Supports AMD Ryzen 9000 / 8000 / 7000 Series Processors- Digital twin 12+2+2 phases VRM solution- Dual Channel DDR5: 4DIMMs with AMD EXPOMemory Module…,False,2026-06-20T01:51:07.395299
Gigabyte B850M AORUS PRO WIFI7 Control Center Utility 23.05.13.04,https://drivers.softpedia.com/get/MOTHERBOARD/GIGABYTE/Gigabyte-B850M-AORUS-PRO-WIFI7-Control-Center-Utility-23-05-13-04.shtml,Softpedia.com,2026-06-18T15:45:18Z,Key Features:  - X3D Turbo Mode: Unleash new era gaming performance- DDR5 OC up to 8600MT/s- AMD Socket AM5: Supports AMD Ryzen 9000 / 8000 / 7000 Series Processors- Digital twin 12+2+2 phases VRM solution- Dual Channel DDR5: 4DIMMs with AMD EXPOMemory Module…,False,2026-06-20T01:51:07.395300
Gigabyte B850M AORUS PRO WIFI7 Control Center Utility 23.06.02.01,https://drivers.softpedia.com/get/MOTHERBOARD/GIGABYTE/Gigabyte-B850M-AORUS-PRO-WIFI7-Control-Center-Utility-23-06-02-01.shtml,Softpedia.com,2026-06-18T15:45:09Z,Key Features:  - X3D Turbo Mode: Unleash new era gaming performance- DDR5 OC up to 8600MT/s- AMD Socket AM5: Supports AMD Ryzen 9000 / 8000 / 7000 Series Processors- Digital twin 12+2+2 phases VRM solution- Dual Channel DDR5: 4DIMMs with AMD EXPOMemory Module…,False,2026-06-20T01:51:07.395302
"Futuro Nazionale supera nei sondaggi la Lega ed esulta sui social: “Abbiamo iniziato a camminare, ora acceleriamo”",https://www.ilfattoquotidiano.it/2026/06/18/futuro-nazionale-sorpasso-lega-sondaggi-oggi/8423048/,Ilfattoquotidiano.it,2026-06-18T15:44:53Z,"Il sorpasso è arrivato. Futuro Nazionale supera nei sondaggi la Lega. Roberto Vannacci, dopo l’affiancamento, prova così ad allungare sul suo ex partito, quello di Matteo Salvini che lo ha candidato nel giugno del 2024 al Parlamento europeo dando il via al “f…",True,2026-06-20T01:51:07.395303
Gigabyte B850M AORUS PRO WIFI7 Control Center Utility 23.11.15.01,https://drivers.softpedia.com/get/MOTHERBOARD/GIGABYTE/Gigabyte-B850M-AORUS-PRO-WIFI7-Control-Center-Utility-23-11-15-01.shtml,Softpedia.com,2026-06-18T15:44:15Z,Key Features:  - X3D Turbo Mode: Unleash new era gaming performance- DDR5 OC up to 8600MT/s- AMD Socket AM5: Supports AMD Ryzen 9000 / 8000 / 7000 Series Processors- Digital twin 12+2+2 phases VRM solution- Dual Channel DDR5: 4DIMMs with AMD EXPOMemory Module…,False,2026-06-20T01:51:07.395304
Gigabyte B850M AORUS PRO WIFI7 Control Center Utility 23.12.13.01,https://drivers.softpedia.com/get/MOTHERBOARD/GIGABYTE/Gigabyte-B850M-AORUS-PRO-WIFI7-Control-Center-Utility-23-12-13-01.shtml,Softpedia.com,2026-06-18T15:44:02Z,Key Features:  - X3D Turbo Mode: Unleash new era gaming performance- DDR5 OC up to 8600MT/s- AMD Socket AM5: Supports AMD Ryzen 9000 / 8000 / 7000 Series Processors- Digital twin 12+2+2 phases VRM solution- Dual Channel DDR5: 4DIMMs with AMD EXPOMemory Module…,False,2026-06-20T01:51:07.395306
Gigabyte B850M AORUS PRO WIFI7 Control Center Utility 24.02.07.01,https://drivers.softpedia.com/get/MOTHERBOARD/GIGABYTE/Gigabyte-B850M-AORUS-PRO-WIFI7-Control-Center-Utility-24-02-07-01.shtml,Softpedia.com,2026-06-18T15:43:41Z,Key Features:  - X3D Turbo Mode: Unleash new era gaming performance- DDR5 OC up to 8600MT/s- AMD Socket AM5: Supports AMD Ryzen 9000 / 8000 / 7000 Series Processors- Digital twin 12+2+2 phases VRM solution- Dual Channel DDR5: 4DIMMs with AMD EXPOMemory Module…,False,2026-06-20T01:51:07.395307
Gigabyte B850M AORUS PRO WIFI7 Control Center Utility 24.03.29.01,https://drivers.softpedia.com/get/MOTHERBOARD/GIGABYTE/Gigabyte-B850M-AORUS-PRO-WIFI7-Control-Center-Utility-24-03-29-01.shtml,Softpedia.com,2026-06-18T15:43:32Z,Key Features:  - X3D Turbo Mode: Unleash new era gaming performance- DDR5 OC up to 8600MT/s- AMD Socket AM5: Supports AMD Ryzen 9000 / 8000 / 7000 Series Processors- Digital twin 12+2+2 phases VRM solution- Dual Channel DDR5: 4DIMMs with AMD EXPOMemory Module…,False,2026-06-20T01:51:07.395308
"Una tifosa scopre della vittoria di Hamilton mentre si sposa e scoppia di gioia: “Oh mio Dio, non ci credo”",https://www.ilfattoquotidiano.it/2026/06/18/hamilton-vittoria-barcellona-ferrari-sposa-reazione-inglese-tatuaggio-video/8423085/,Ilfattoquotidiano.it,2026-06-18T15:43:28Z,"La vittoria di Lewis Hamilton a Barcellona ha trovato spazio ovunque: quotidiani sportivi e non, bar, piazze e persino matrimoni. La storia arriva dall’Inghilterra, dove per due tifosi di inglesi di Lewis Hamilton è stata una domenica doppiamente speciale. Wi…",True,2026-06-20T01:51:07.395310
Gigabyte B850M AORUS PRO WIFI7 Control Center Utility 24.06.03.01,https://drivers.softpedia.com/get/MOTHERBOARD/GIGABYTE/Gigabyte-B850M-AORUS-PRO-WIFI7-Control-Center-Utility-24-06-03-01.shtml,Softpedia.com,2026-06-18T15:43:09Z,Key Features:  - X3D Turbo Mode: Unleash new era gaming performance- DDR5 OC up to 8600MT/s- AMD Socket AM5: Supports AMD Ryzen 9000 / 8000 / 7000 Series Processors- Digital twin 12+2+2 phases VRM solution- Dual Channel DDR5: 4DIMMs with AMD EXPOMemory Module…,False,2026-06-20T01:51:07.395311
Gigabyte B850M AORUS PRO WIFI7 Control Center Utility 24.07.02.01,https://drivers.softpedia.com/get/MOTHERBOARD/GIGABYTE/Gigabyte-B850M-AORUS-PRO-WIFI7-Control-Center-Utility-24-07-02-01.shtml,Softpedia.com,2026-06-18T15:42:52Z,Key Features:  - X3D Turbo Mode: Unleash new era gaming performance- DDR5 OC up to 8600MT/s- AMD Socket AM5: Supports AMD Ryzen 9000 / 8000 / 7000 Series Processors- Digital twin 12+2+2 phases VRM solution- Dual Channel DDR5: 4DIMMs with AMD EXPOMemory Module…,False,2026-06-20T01:51:07.395312
Gigabyte B850M AORUS PRO WIFI7 Control Center Utility 24.10.28.01,https://drivers.softpedia.com/get/MOTHERBOARD/GIGABYTE/Gigabyte-B850M-AORUS-PRO-WIFI7-Control-Center-Utility-24-10-28-01.shtml,Softpedia.com,2026-06-18T15:42:32Z,Key Features:  - X3D Turbo Mode: Unleash new era gaming performance- DDR5 OC up to 8600MT/s- AMD Socket AM5: Supports AMD Ryzen 9000 / 8000 / 7000 Series Processors- Digital twin 12+2+2 phases VRM solution- Dual Channel DDR5: 4DIMMs with AMD EXPOMemory Module…,False,2026-06-20T01:51:07.395314
Gigabyte B850M AORUS PRO WIFI7 Control Center Utility 24.12.06.01,https://drivers.softpedia.com/get/MOTHERBOARD/GIGABYTE/Gigabyte-B850M-AORUS-PRO-WIFI7-Control-Center-Utility-24-12-06-01.shtml,Softpedia.com,2026-06-18T15:42:22Z,Key Features:  - X3D Turbo Mode: Unleash new era gaming performance- DDR5 OC up to 8600MT/s- AMD Socket AM5: Supports AMD Ryzen 9000 / 8000 / 7000 Series Processors- Digital twin 12+2+2 phases VRM solution- Dual Channel DDR5: 4DIMMs with AMD EXPOMemory Module…,False,2026-06-20T01:51:07.395315
Gigabyte B850M AORUS PRO WIFI7 Control Center Utility 25.02.07.01,https://drivers.softpedia.com/get/MOTHERBOARD/GIGABYTE/Gigabyte-B850M-AORUS-PRO-WIFI7-Control-Center-Utility-25-02-07-01.shtml,Softpedia.com,2026-06-18T15:41:58Z,Key Features:  - X3D Turbo Mode: Unleash new era gaming performance- DDR5 OC up to 8600MT/s- AMD Socket AM5: Supports AMD Ryzen 9000 / 8000 / 7000 Series Processors- Digital twin 12+2+2 phases VRM solution- Dual Channel DDR5: 4DIMMs with AMD EXPOMemory Module…,False,2026-06-20T01:51:07.395316
Gigabyte B850M AORUS PRO WIFI7 Control Center Utility 25.03.07.03,https://drivers.softpedia.com/get/MOTHERBOARD/GIGABYTE/Gigabyte-B850M-AORUS-PRO-WIFI7-Control-Center-Utility-25-03-07-03.shtml,Softpedia.com,2026-06-18T15:41:48Z,Key Features:  - X3D Turbo Mode: Unleash new era gaming performance- DDR5 OC up to 8600MT/s- AMD Socket AM5: Supports AMD Ryzen 9000 / 8000 / 7000 Series Processors- Digital twin 12+2+2 phases VRM solution- Dual Channel DDR5: 4DIMMs with AMD EXPOMemory Module…,False,2026-06-20T01:51:07.395318
Gigabyte B850M AORUS PRO WIFI7 Control Center Utility 25.05.05.01,https://drivers.softpedia.com/get/MOTHERBOARD/GIGABYTE/Gigabyte-B850M-AORUS-PRO-WIFI7-Control-Center-Utility-25-05-05-01.shtml,Softpedia.com,2026-06-18T15:41:22Z,Key Features:  - X3D Turbo Mode: Unleash new era gaming performance- DDR5 OC up to 8600MT/s- AMD Socket AM5: Supports AMD Ryzen 9000 / 8000 / 7000 Series Processors- Digital twin 12+2+2 phases VRM solution- Dual Channel DDR5: 4DIMMs with AMD EXPOMemory Module…,False,2026-06-20T01:51:07.395319
Gigabyte B850M AORUS PRO WIFI7 Control Center Utility 25.06.04.01,https://drivers.softpedia.com/get/MOTHERBOARD/GIGABYTE/Gigabyte-B850M-AORUS-PRO-WIFI7-Control-Center-Utility-25-06-04-01.shtml,Softpedia.com,2026-06-18T15:41:13Z,Key Features:  - X3D Turbo Mode: Unleash new era gaming performance- DDR5 OC up to 8600MT/s- AMD Socket AM5: Supports AMD Ryzen 9000 / 8000 / 7000 Series Processors- Digital twin 12+2+2 phases VRM solution- Dual Channel DDR5: 4DIMMs with AMD EXPOMemory Module…,False,2026-06-20T01:51:07.395323
Gigabyte B850M AORUS PRO WIFI7 Control Center Utility 25.10.16.01,https://drivers.softpedia.com/get/MOTHERBOARD/GIGABYTE/Gigabyte-B850M-AORUS-PRO-WIFI7-Control-Center-Utility-25-10-16-01.shtml,Softpedia.com,2026-06-18T15:40:39Z,Key Features:  - X3D Turbo Mode: Unleash new era gaming performance- DDR5 OC up to 8600MT/s- AMD Socket AM5: Supports AMD Ryzen 9000 / 8000 / 7000 Series Processors- Digital twin 12+2+2 phases VRM solution- Dual Channel DDR5: 4DIMMs with AMD EXPOMemory Module…,False,2026-06-20T01:51:07.395324
Gigabyte B850M AORUS PRO WIFI7 Control Center Utility 26.02.11.01,https://drivers.softpedia.com/get/MOTHERBOARD/GIGABYTE/Gigabyte-B850M-AORUS-PRO-WIFI7-Control-Center-Utility-26-02-11-01.shtml,Softpedia.com,2026-06-18T15:40:15Z,Key Features:  - X3D Turbo Mode: Unleash new era gaming performance- DDR5 OC up to 8600MT/s- AMD Socket AM5: Supports AMD Ryzen 9000 / 8000 / 7000 Series Processors- Digital twin 12+2+2 phases VRM solution- Dual Channel DDR5: 4DIMMs with AMD EXPOMemory Module…,False,2026-06-20T01:51:07.395325
Gigabyte B850M AORUS PRO WIFI7 Control Center Utility 26.03.31.01,https://drivers.softpedia.com/get/MOTHERBOARD/GIGABYTE/Gigabyte-B850M-AORUS-PRO-WIFI7-Control-Center-Utility-26-03-31-01.shtml,Softpedia.com,2026-06-18T15:40:04Z,Key Features:  - X3D Turbo Mode: Unleash new era gaming performance- DDR5 OC up to 8600MT/s- AMD Socket AM5: Supports AMD Ryzen 9000 / 8000 / 7000 Series Processors- Digital twin 12+2+2 phases VRM solution- Dual Channel DDR5: 4DIMMs with AMD EXPOMemory Module…,False,2026-06-20T01:51:07.395327
"ZTE and China Telecom Guangdong advance cross‑vendor IP network simulation pilots, paving the way for intelligent network operations",https://www.theregister.com/networks/2026/06/18/zte-and-china-telecom-guangdong-advance-crossvendor-ip-network-simulation-pilots-paving-the-way-for-intelligent-network-operations/5258361,Theregister.com,2026-06-18T15:21:55Z,PARTNER CONTENT: Leveraging >95% digital twin fidelity and multi-vendor collaboration to eliminate network change risks and achieve zero-error O&M,True,2026-06-20T01:51:07.395328
Gigabyte B850M AORUS PRO WIFI7 Realtek WLAN Driver 6102.24.140.0,https://drivers.softpedia.com/get/NETWORK-CARD/REALTEK/Gigabyte-B850M-AORUS-PRO-WIFI7-Realtek-WLAN-Driver-6102-24-140-0.shtml,Softpedia.com,2026-06-18T15:16:40Z,Key Features:  - X3D Turbo Mode: Unleash new era gaming performance- DDR5 OC up to 8600MT/s- AMD Socket AM5: Supports AMD Ryzen 9000 / 8000 / 7000 Series Processors- Digital twin 12+2+2 phases VRM solution- Dual Channel DDR5: 4DIMMs with AMD EXPOMemory Module…,False,2026-06-20T01:51:07.395329
Gigabyte B850M AORUS PRO WIFI7 Realtek WLAN Driver 6102.24.138.0,https://drivers.softpedia.com/get/NETWORK-CARD/REALTEK/Gigabyte-B850M-AORUS-PRO-WIFI7-Realtek-WLAN-Driver-6102-24-138-0.shtml,Softpedia.com,2026-06-18T15:16:34Z,Key Features:  - X3D Turbo Mode: Unleash new era gaming performance- DDR5 OC up to 8600MT/s- AMD Socket AM5: Supports AMD Ryzen 9000 / 8000 / 7000 Series Processors- Digital twin 12+2+2 phases VRM solution- Dual Channel DDR5: 4DIMMs with AMD EXPOMemory Module…,False,2026-06-20T01:51:07.395331
Gigabyte B850M AORUS PRO WIFI7 Realtek WLAN Driver 6102.24.135.0,https://drivers.softpedia.com/get/NETWORK-CARD/REALTEK/Gigabyte-B850M-AORUS-PRO-WIFI7-Realtek-WLAN-Driver-6102-24-135-0.shtml,Softpedia.com,2026-06-18T15:16:28Z,Key Features:  - X3D Turbo Mode: Unleash new era gaming performance- DDR5 OC up to 8600MT/s- AMD Socket AM5: Supports AMD Ryzen 9000 / 8000 / 7000 Series Processors- Digital twin 12+2+2 phases VRM solution- Dual Channel DDR5: 4DIMMs with AMD EXPOMemory Module…,False,2026-06-20T01:51:07.395332
Gigabyte B850M AORUS PRO WIFI7 Realtek WLAN Driver 6102.24.126.1,https://drivers.softpedia.com/get/NETWORK-CARD/REALTEK/Gigabyte-B850M-AORUS-PRO-WIFI7-Realtek-WLAN-Driver-6102-24-126-1.shtml,Softpedia.com,2026-06-18T15:16:20Z,Key Features:  - X3D Turbo Mode: Unleash new era gaming performance- DDR5 OC up to 8600MT/s- AMD Socket AM5: Supports AMD Ryzen 9000 / 8000 / 7000 Series Processors- Digital twin 12+2+2 phases VRM solution- Dual Channel DDR5: 4DIMMs with AMD EXPOMemory Module…,False,2026-06-20T01:51:07.395333
Gigabyte B850M AORUS PRO WIFI7 Realtek WLAN Driver 6102.24.126.0,https://drivers.softpedia.com/get/NETWORK-CARD/REALTEK/Gigabyte-B850M-AORUS-PRO-WIFI7-Realtek-WLAN-Driver-6102-24-126-0.shtml,Softpedia.com,2026-06-18T15:16:15Z,Key Features:  - X3D Turbo Mode: Unleash new era gaming performance- DDR5 OC up to 8600MT/s- AMD Socket AM5: Supports AMD Ryzen 9000 / 8000 / 7000 Series Processors- Digital twin 12+2+2 phases VRM solution- Dual Channel DDR5: 4DIMMs with AMD EXPOMemory Module…,False,2026-06-20T01:51:07.395335
Gigabyte B850M AORUS PRO WIFI7 Realtek WLAN Driver 6102.24.118.0,https://drivers.softpedia.com/get/NETWORK-CARD/REALTEK/Gigabyte-B850M-AORUS-PRO-WIFI7-Realtek-WLAN-Driver-6102-24-118-0.shtml,Softpedia.com,2026-06-18T15:16:08Z,Key Features:  - X3D Turbo Mode: Unleash new era gaming performance- DDR5 OC up to 8600MT/s- AMD Socket AM5: Supports AMD Ryzen 9000 / 8000 / 7000 Series Processors- Digital twin 12+2+2 phases VRM solution- Dual Channel DDR5: 4DIMMs with AMD EXPOMemory Module…,False,2026-06-20T01:51:07.395336
Gigabyte B850M AORUS PRO WIFI7 Realtek WLAN Driver 6001.16.172.0,https://drivers.softpedia.com/get/NETWORK-CARD/REALTEK/Gigabyte-B850M-AORUS-PRO-WIFI7-Realtek-WLAN-Driver-6001-16-172-0.shtml,Softpedia.com,2026-06-18T15:16:02Z,Key Features:  - X3D Turbo Mode: Unleash new era gaming performance- DDR5 OC up to 8600MT/s- AMD Socket AM5: Supports AMD Ryzen 9000 / 8000 / 7000 Series Processors- Digital twin 12+2+2 phases VRM solution- Dual Channel DDR5: 4DIMMs with AMD EXPOMemory Module…,False,2026-06-20T01:51:07.395337
Gigabyte B850M AORUS PRO WIFI7 Realtek LAN Driver 11.28.20.1224,https://drivers.softpedia.com/get/NETWORK-CARD/REALTEK/Gigabyte-B850M-AORUS-PRO-WIFI7-Realtek-LAN-Driver-11-28-20-1224.shtml,Softpedia.com,2026-06-18T15:15:19Z,Key Features:  - X3D Turbo Mode: Unleash new era gaming performance- DDR5 OC up to 8600MT/s- AMD Socket AM5: Supports AMD Ryzen 9000 / 8000 / 7000 Series Processors- Digital twin 12+2+2 phases VRM solution- Dual Channel DDR5: 4DIMMs with AMD EXPOMemory Module…,False,2026-06-20T01:51:07.395338
Gigabyte B850M AORUS PRO WIFI7 Realtek LAN Driver 11.26.50.2025,https://drivers.softpedia.com/get/NETWORK-CARD/REALTEK/Gigabyte-B850M-AORUS-PRO-WIFI7-Realtek-LAN-Driver-11-26-50-2025.shtml,Softpedia.com,2026-06-18T15:15:13Z,Key Features:  - X3D Turbo Mode: Unleash new era gaming performance- DDR5 OC up to 8600MT/s- AMD Socket AM5: Supports AMD Ryzen 9000 / 8000 / 7000 Series Processors- Digital twin 12+2+2 phases VRM solution- Dual Channel DDR5: 4DIMMs with AMD EXPOMemory Module…,False,2026-06-20T01:51:07.395340
Gigabyte B850M AORUS PRO WIFI7 Realtek LAN Driver 11.24.0318.2025,https://drivers.softpedia.com/get/NETWORK-CARD/REALTEK/Gigabyte-B850M-AORUS-PRO-WIFI7-Realtek-LAN-Driver-11-24-0318-2025.shtml,Softpedia.com,2026-06-18T15:15:08Z,Key Features:  - X3D Turbo Mode: Unleash new era gaming performance- DDR5 OC up to 8600MT/s- AMD Socket AM5: Supports AMD Ryzen 9000 / 8000 / 7000 Series Processors- Digital twin 12+2+2 phases VRM solution- Dual Channel DDR5: 4DIMMs with AMD EXPOMemory Module…,False,2026-06-20T01:51:07.395341
Gigabyte B850M AORUS PRO WIFI7 Realtek LAN Driver 11.21.0903.2024,https://drivers.softpedia.com/get/NETWORK-CARD/REALTEK/Gigabyte-B850M-AORUS-PRO-WIFI7-Realtek-LAN-Driver-11-21-0903-2024.shtml,Softpedia.com,2026-06-18T15:15:00Z,Key Features:  - X3D Turbo Mode: Unleash new era gaming performance- DDR5 OC up to 8600MT/s- AMD Socket AM5: Supports AMD Ryzen 9000 / 8000 / 7000 Series Processors- Digital twin 12+2+2 phases VRM solution- Dual Channel DDR5: 4DIMMs with AMD EXPOMemory Module…,False,2026-06-20T01:51:07.395342
Gigabyte B850M AORUS PRO WIFI7 Realtek LAN Driver 11.20.0729.2024,https://drivers.softpedia.com/get/NETWORK-CARD/REALTEK/Gigabyte-B850M-AORUS-PRO-WIFI7-Realtek-LAN-Driver-11-20-0729-2024.shtml,Softpedia.com,2026-06-18T15:14:54Z,Key Features:  - X3D Turbo Mode: Unleash new era gaming performance- DDR5 OC up to 8600MT/s- AMD Socket AM5: Supports AMD Ryzen 9000 / 8000 / 7000 Series Processors- Digital twin 12+2+2 phases VRM solution- Dual Channel DDR5: 4DIMMs with AMD EXPOMemory Module…,False,2026-06-20T01:51:07.395343
Gigabyte B850M AORUS PRO WIFI7 Realtek LAN Driver 11.19.0322.2024,https://drivers.softpedia.com/get/NETWORK-CARD/REALTEK/Gigabyte-B850M-AORUS-PRO-WIFI7-Realtek-LAN-Driver-11-19-0322-2024.shtml,Softpedia.com,2026-06-18T15:14:47Z,Key Features:  - X3D Turbo Mode: Unleash new era gaming performance- DDR5 OC up to 8600MT/s- AMD Socket AM5: Supports AMD Ryzen 9000 / 8000 / 7000 Series Processors- Digital twin 12+2+2 phases VRM solution- Dual Channel DDR5: 4DIMMs with AMD EXPOMemory Module…,False,2026-06-20T01:51:07.395345
Gigabyte B850M AORUS PRO WIFI7 Realtek LAN Driver 11.18.0312.2024,https://drivers.softpedia.com/get/NETWORK-CARD/REALTEK/Gigabyte-B850M-AORUS-PRO-WIFI7-Realtek-LAN-Driver-11-18-0312-2024.shtml,Softpedia.com,2026-06-18T15:14:38Z,Key Features:  - X3D Turbo Mode: Unleash new era gaming performance- DDR5 OC up to 8600MT/s- AMD Socket AM5: Supports AMD Ryzen 9000 / 8000 / 7000 Series Processors- Digital twin 12+2+2 phases VRM solution- Dual Channel DDR5: 4DIMMs with AMD EXPOMemory Module…,False,2026-06-20T01:51:07.395346
Gigabyte B850M AORUS PRO WIFI7 Realtek LAN Driver 11.17.0604.2024,https://drivers.softpedia.com/get/NETWORK-CARD/REALTEK/Gigabyte-B850M-AORUS-PRO-WIFI7-Realtek-LAN-Driver-11-17-0604-2024.shtml,Softpedia.com,2026-06-18T15:14:32Z,Key Features:  - X3D Turbo Mode: Unleash new era gaming performance- DDR5 OC up to 8600MT/s- AMD Socket AM5: Supports AMD Ryzen 9000 / 8000 / 7000 Series Processors- Digital twin 12+2+2 phases VRM solution- Dual Channel DDR5: 4DIMMs with AMD EXPOMemory Module…,False,2026-06-20T01:51:07.395347
Gigabyte B850M AORUS PRO WIFI7 Realtek LAN Driver 11.16.1123.2023,https://drivers.softpedia.com/get/NETWORK-CARD/REALTEK/Gigabyte-B850M-AORUS-PRO-WIFI7-Realtek-LAN-Driver-11-16-1123-2023.shtml,Softpedia.com,2026-06-18T15:14:23Z,Key Features:  - X3D Turbo Mode: Unleash new era gaming performance- DDR5 OC up to 8600MT/s- AMD Socket AM5: Supports AMD Ryzen 9000 / 8000 / 7000 Series Processors- Digital twin 12+2+2 phases VRM solution- Dual Channel DDR5: 4DIMMs with AMD EXPOMemory Module…,False,2026-06-20T01:51:07.395349
Gigabyte B850M AORUS PRO WIFI7 Realtek LAN Driver 11.16.0223.2024,https://drivers.softpedia.com/get/NETWORK-CARD/REALTEK/Gigabyte-B850M-AORUS-PRO-WIFI7-Realtek-LAN-Driver-11-16-0223-2024.shtml,Softpedia.com,2026-06-18T15:14:17Z,Key Features:  - X3D Turbo Mode: Unleash new era gaming performance- DDR5 OC up to 8600MT/s- AMD Socket AM5: Supports AMD Ryzen 9000 / 8000 / 7000 Series Processors- Digital twin 12+2+2 phases VRM solution- Dual Channel DDR5: 4DIMMs with AMD EXPOMemory Module…,False,2026-06-20T01:51:07.395350
Gigabyte B850M AORUS PRO WIFI7 Realtek LAN Driver 10.079.20.1003,https://drivers.softpedia.com/get/NETWORK-CARD/REALTEK/Gigabyte-B850M-AORUS-PRO-WIFI7-Realtek-LAN-Driver-10-079-20-1003.shtml,Softpedia.com,2026-06-18T15:14:11Z,Key Features:  - X3D Turbo Mode: Unleash new era gaming performance- DDR5 OC up to 8600MT/s- AMD Socket AM5: Supports AMD Ryzen 9000 / 8000 / 7000 Series Processors- Digital twin 12+2+2 phases VRM solution- Dual Channel DDR5: 4DIMMs with AMD EXPOMemory Module…,False,2026-06-20T01:51:07.395351
Gigabyte B850M AORUS PRO WIFI7 Realtek LAN Driver 10.072.0524.2024,https://drivers.softpedia.com/get/NETWORK-CARD/REALTEK/Gigabyte-B850M-AORUS-PRO-WIFI7-Realtek-LAN-Driver-10-072-0524-2024.shtml,Softpedia.com,2026-06-18T15:13:41Z,Key Features:  - X3D Turbo Mode: Unleash new era gaming performance- DDR5 OC up to 8600MT/s- AMD Socket AM5: Supports AMD Ryzen 9000 / 8000 / 7000 Series Processors- Digital twin 12+2+2 phases VRM solution- Dual Channel DDR5: 4DIMMs with AMD EXPOMemory Module…,False,2026-06-20T01:51:07.395353
Gigabyte B850M AORUS PRO WIFI7 Realtek LAN Driver 10.071.0312.2024,https://drivers.softpedia.com/get/NETWORK-CARD/REALTEK/Gigabyte-B850M-AORUS-PRO-WIFI7-Realtek-LAN-Driver-10-071-0312-2024.shtml,Softpedia.com,2026-06-18T15:13:36Z,Key Features:  - X3D Turbo Mode: Unleash new era gaming performance- DDR5 OC up to 8600MT/s- AMD Socket AM5: Supports AMD Ryzen 9000 / 8000 / 7000 Series Processors- Digital twin 12+2+2 phases VRM solution- Dual Channel DDR5: 4DIMMs with AMD EXPOMemory Module…,False,2026-06-20T01:51:07.395354
Gigabyte B850M AORUS PRO WIFI7 Realtek LAN Driver 10.070.0111.2024,https://drivers.softpedia.com/get/NETWORK-CARD/REALTEK/Gigabyte-B850M-AORUS-PRO-WIFI7-Realtek-LAN-Driver-10-070-0111-2024.shtml,Softpedia.com,2026-06-18T15:13:30Z,Key Features:  - X3D Turbo Mode: Unleash new era gaming performance- DDR5 OC up to 8600MT/s- AMD Socket AM5: Supports AMD Ryzen 9000 / 8000 / 7000 Series Processors- Digital twin 12+2+2 phases VRM solution- Dual Channel DDR5: 4DIMMs with AMD EXPOMemory Module…,False,2026-06-20T01:51:07.395355
TerraPower in Deal with Meta for Eight Natrium 345 MW Advanced Nuclear Plants,https://neutronbytes.com/2026/01/09/terrapower-in-mega-deal-with-meta-for-eight-natrium-345-mw-advanced-nuclear-plants/,Neutronbytes.com,2026-06-18T15:13:26Z,"Article URL: https://neutronbytes.com/2026/01/09/terrapower-in-mega-deal-with-meta-for-eight-natrium-345-mw-advanced-nuclear-plants/
Comments URL: https://news.ycombinator.com/item?id=48586648
Points: 5
# Comments: 0",True,2026-06-20T01:51:07.395359
Gigabyte B850M AORUS PRO WIFI7 Realtek LAN Driver 10.069.0123.2024,https://drivers.softpedia.com/get/NETWORK-CARD/REALTEK/Gigabyte-B850M-AORUS-PRO-WIFI7-Realtek-LAN-Driver-10-069-0123-2024.shtml,Softpedia.com,2026-06-18T15:13:23Z,Key Features:  - X3D Turbo Mode: Unleash new era gaming performance- DDR5 OC up to 8600MT/s- AMD Socket AM5: Supports AMD Ryzen 9000 / 8000 / 7000 Series Processors- Digital twin 12+2+2 phases VRM solution- Dual Channel DDR5: 4DIMMs with AMD EXPOMemory Module…,False,2026-06-20T01:51:07.395362
Gigabyte B850M AORUS PRO WIFI7 Realtek LAN Driver 10.068.0815.2023,https://drivers.softpedia.com/get/NETWORK-CARD/REALTEK/Gigabyte-B850M-AORUS-PRO-WIFI7-Realtek-LAN-Driver-10-068-0815-2023.shtml,Softpedia.com,2026-06-18T15:13:16Z,Key Features:  - X3D Turbo Mode: Unleash new era gaming performance- DDR5 OC up to 8600MT/s- AMD Socket AM5: Supports AMD Ryzen 9000 / 8000 / 7000 Series Processors- Digital twin 12+2+2 phases VRM solution- Dual Channel DDR5: 4DIMMs with AMD EXPOMemory Module…,False,2026-06-20T01:51:07.395363
Gigabyte B850M AORUS PRO WIFI7 Realtek LAN Driver 10.056.0119.2022,https://drivers.softpedia.com/get/NETWORK-CARD/REALTEK/Gigabyte-B850M-AORUS-PRO-WIFI7-Realtek-LAN-Driver-10-056-0119-2022.shtml,Softpedia.com,2026-06-18T15:13:11Z,Key Features:  - X3D Turbo Mode: Unleash new era gaming performance- DDR5 OC up to 8600MT/s- AMD Socket AM5: Supports AMD Ryzen 9000 / 8000 / 7000 Series Processors- Digital twin 12+2+2 phases VRM solution- Dual Channel DDR5: 4DIMMs with AMD EXPOMemory Module…,False,2026-06-20T01:51:07.395365
Gigabyte B850M AORUS PRO WIFI7 Realtek LAN Driver 10.050.0511.2021,https://drivers.softpedia.com/get/NETWORK-CARD/REALTEK/Gigabyte-B850M-AORUS-PRO-WIFI7-Realtek-LAN-Driver-10-050-0511-2021.shtml,Softpedia.com,2026-06-18T15:13:05Z,Key Features:  - X3D Turbo Mode: Unleash new era gaming performance- DDR5 OC up to 8600MT/s- AMD Socket AM5: Supports AMD Ryzen 9000 / 8000 / 7000 Series Processors- Digital twin 12+2+2 phases VRM solution- Dual Channel DDR5: 4DIMMs with AMD EXPOMemory Module…,False,2026-06-20T01:51:07.395366
Gigabyte B850M AORUS PRO WIFI7 AMD RAIDXpert2 Utility 9.3.3.117,https://drivers.softpedia.com/get/MOTHERBOARD/GIGABYTE/Gigabyte-B850M-AORUS-PRO-WIFI7-AMD-RAIDXpert2-Utility-9-3-3-117.shtml,Softpedia.com,2026-06-18T15:11:54Z,Key Features:  - X3D Turbo Mode: Unleash new era gaming performance- DDR5 OC up to 8600MT/s- AMD Socket AM5: Supports AMD Ryzen 9000 / 8000 / 7000 Series Processors- Digital twin 12+2+2 phases VRM solution- Dual Channel DDR5: 4DIMMs with AMD EXPOMemory Module…,False,2026-06-20T01:51:07.395367
Gigabyte B850M AORUS PRO WIFI7 AMD RAIDXpert2 Utility 9.3.2.255,https://drivers.softpedia.com/get/MOTHERBOARD/GIGABYTE/Gigabyte-B850M-AORUS-PRO-WIFI7-AMD-RAIDXpert2-Utility-9-3-2-255.shtml,Softpedia.com,2026-06-18T15:11:48Z,Key Features:  - X3D Turbo Mode: Unleash new era gaming performance- DDR5 OC up to 8600MT/s- AMD Socket AM5: Supports AMD Ryzen 9000 / 8000 / 7000 Series Processors- Digital twin 12+2+2 phases VRM solution- Dual Channel DDR5: 4DIMMs with AMD EXPOMemory Module…,False,2026-06-20T01:51:07.395369
Gigabyte B850M AORUS PRO WIFI7 AMD RAID Preinstall Driver 9.3.3.117,https://drivers.softpedia.com/get/MOTHERBOARD/GIGABYTE/Gigabyte-B850M-AORUS-PRO-WIFI7-AMD-RAID-Preinstall-Driver-9-3-3-117.shtml,Softpedia.com,2026-06-18T15:11:36Z,Key Features:  - X3D Turbo Mode: Unleash new era gaming performance- DDR5 OC up to 8600MT/s- AMD Socket AM5: Supports AMD Ryzen 9000 / 8000 / 7000 Series Processors- Digital twin 12+2+2 phases VRM solution- Dual Channel DDR5: 4DIMMs with AMD EXPOMemory Module…,False,2026-06-20T01:51:07.395370
Gigabyte B850M AORUS PRO WIFI7 AMD Chipset Driver 8.03.25.247,https://drivers.softpedia.com/get/MOTHERBOARD/GIGABYTE/Gigabyte-B850M-AORUS-PRO-WIFI7-AMD-Chipset-Driver-8-03-25-247.shtml,Softpedia.com,2026-06-18T15:11:24Z,Key Features:  - X3D Turbo Mode: Unleash new era gaming performance- DDR5 OC up to 8600MT/s- AMD Socket AM5: Supports AMD Ryzen 9000 / 8000 / 7000 Series Processors- Digital twin 12+2+2 phases VRM solution- Dual Channel DDR5: 4DIMMs with AMD EXPOMemory Module…,False,2026-06-20T01:51:07.395371
Gigabyte B850M AORUS PRO WIFI7 AMD Chipset Driver 7.12.04.858,https://drivers.softpedia.com/get/MOTHERBOARD/GIGABYTE/Gigabyte-B850M-AORUS-PRO-WIFI7-AMD-Chipset-Driver-7-12-04-858.shtml,Softpedia.com,2026-06-18T15:11:18Z,Key Features:  - X3D Turbo Mode: Unleash new era gaming performance- DDR5 OC up to 8600MT/s- AMD Socket AM5: Supports AMD Ryzen 9000 / 8000 / 7000 Series Processors- Digital twin 12+2+2 phases VRM solution- Dual Channel DDR5: 4DIMMs with AMD EXPOMemory Module…,False,2026-06-20T01:51:07.395372
Gigabyte B850M AORUS PRO WIFI7 AMD Chipset Driver 7.09.23.2230,https://drivers.softpedia.com/get/MOTHERBOARD/GIGABYTE/Gigabyte-B850M-AORUS-PRO-WIFI7-AMD-Chipset-Driver-7-09-23-2230.shtml,Softpedia.com,2026-06-18T15:11:13Z,Key Features:  - X3D Turbo Mode: Unleash new era gaming performance- DDR5 OC up to 8600MT/s- AMD Socket AM5: Supports AMD Ryzen 9000 / 8000 / 7000 Series Processors- Digital twin 12+2+2 phases VRM solution- Dual Channel DDR5: 4DIMMs with AMD EXPOMemory Module…,False,2026-06-20T01:51:07.395374
Gigabyte B850M AORUS PRO WIFI7 AMD Chipset Driver 7.06.24.2226,https://drivers.softpedia.com/get/MOTHERBOARD/GIGABYTE/Gigabyte-B850M-AORUS-PRO-WIFI7-AMD-Chipset-Driver-7-06-24-2226.shtml,Softpedia.com,2026-06-18T15:11:07Z,Key Features:  - X3D Turbo Mode: Unleash new era gaming performance- DDR5 OC up to 8600MT/s- AMD Socket AM5: Supports AMD Ryzen 9000 / 8000 / 7000 Series Processors- Digital twin 12+2+2 phases VRM solution- Dual Channel DDR5: 4DIMMs with AMD EXPOMemory Module…,False,2026-06-20T01:51:07.395375
Gigabyte B850M AORUS PRO WIFI7 AMD Chipset Driver 7.03.21.2116,https://drivers.softpedia.com/get/MOTHERBOARD/GIGABYTE/Gigabyte-B850M-AORUS-PRO-WIFI7-AMD-Chipset-Driver-7-03-21-2116.shtml,Softpedia.com,2026-06-18T15:11:00Z,Key Features:  - X3D Turbo Mode: Unleash new era gaming performance- DDR5 OC up to 8600MT/s- AMD Socket AM5: Supports AMD Ryzen 9000 / 8000 / 7000 Series Processors- Digital twin 12+2+2 phases VRM solution- Dual Channel DDR5: 4DIMMs with AMD EXPOMemory Module…,False,2026-06-20T01:51:07.395376
Gigabyte B850M AORUS PRO WIFI7 AMD Chipset Driver 7.01.08.129,https://drivers.softpedia.com/get/MOTHERBOARD/GIGABYTE/Gigabyte-B850M-AORUS-PRO-WIFI7-AMD-Chipset-Driver-7-01-08-129.shtml,Softpedia.com,2026-06-18T15:10:39Z,Key Features:  - X3D Turbo Mode: Unleash new era gaming performance- DDR5 OC up to 8600MT/s- AMD Socket AM5: Supports AMD Ryzen 9000 / 8000 / 7000 Series Processors- Digital twin 12+2+2 phases VRM solution- Dual Channel DDR5: 4DIMMs with AMD EXPOMemory Module…,False,2026-06-20T01:51:07.395378
Gigabyte B850M AORUS PRO WIFI7 AMD Chipset Driver 6.10.22.027,https://drivers.softpedia.com/get/MOTHERBOARD/GIGABYTE/Gigabyte-B850M-AORUS-PRO-WIFI7-AMD-Chipset-Driver-6-10-22-027.shtml,Softpedia.com,2026-06-18T15:10:33Z,Key Features:  - X3D Turbo Mode: Unleash new era gaming performance- DDR5 OC up to 8600MT/s- AMD Socket AM5: Supports AMD Ryzen 9000 / 8000 / 7000 Series Processors- Digital twin 12+2+2 phases VRM solution- Dual Channel DDR5: 4DIMMs with AMD EXPOMemory Module…,False,2026-06-20T01:51:07.395379
Gigabyte B850M AORUS PRO WIFI7 AMD Chipset Driver 6.07.15.126,https://drivers.softpedia.com/get/MOTHERBOARD/GIGABYTE/Gigabyte-B850M-AORUS-PRO-WIFI7-AMD-Chipset-Driver-6-07-15-126.shtml,Softpedia.com,2026-06-18T15:10:26Z,Key Features:  - X3D Turbo Mode: Unleash new era gaming performance- DDR5 OC up to 8600MT/s- AMD Socket AM5: Supports AMD Ryzen 9000 / 8000 / 7000 Series Processors- Digital twin 12+2+2 phases VRM solution- Dual Channel DDR5: 4DIMMs with AMD EXPOMemory Module…,False,2026-06-20T01:51:07.395380
Una spritzeria nel cortile della scuola in memoria di Annalisa Durante: un oltraggio alla legalità,https://www.ilfattoquotidiano.it/2026/06/18/annalisa-durante-forcella-scuola-abusivismo-notizie/8422901/,Ilfattoquotidiano.it,2026-06-18T15:10:12Z,"Un presidio di legalità e di memoria oltraggiato e offeso. Accade al rione Forcella a Napoli. Parliamo di un pezzo di centro storico che, per molti aspetti, sembra una periferia. Una contraddizione evidente. Sebbene Forcella, con il suo dedalo di vicoli, sia …",True,2026-06-20T01:51:07.395381
Gigabyte B850M AORUS PRO WIFI7 AMD Chipset Driver 6.06.11.2153,https://drivers.softpedia.com/get/MOTHERBOARD/GIGABYTE/Gigabyte-B850M-AORUS-PRO-WIFI7-AMD-Chipset-Driver-6-06-11-2153.shtml,Softpedia.com,2026-06-18T15:10:10Z,Key Features:  - X3D Turbo Mode: Unleash new era gaming performance- DDR5 OC up to 8600MT/s- AMD Socket AM5: Supports AMD Ryzen 9000 / 8000 / 7000 Series Processors- Digital twin 12+2+2 phases VRM solution- Dual Channel DDR5: 4DIMMs with AMD EXPOMemory Module…,False,2026-06-20T01:51:07.395383
Gigabyte B850M AORUS PRO WIFI7 AMD Chipset Driver 6.05.16.221,https://drivers.softpedia.com/get/MOTHERBOARD/GIGABYTE/Gigabyte-B850M-AORUS-PRO-WIFI7-AMD-Chipset-Driver-6-05-16-221.shtml,Softpedia.com,2026-06-18T15:10:05Z,Key Features:  - X3D Turbo Mode: Unleash new era gaming performance- DDR5 OC up to 8600MT/s- AMD Socket AM5: Supports AMD Ryzen 9000 / 8000 / 7000 Series Processors- Digital twin 12+2+2 phases VRM solution- Dual Channel DDR5: 4DIMMs with AMD EXPOMemory Module…,False,2026-06-20T01:51:07.395384
Gigabyte B850M AORUS PRO WIFI7 AMD Chipset Driver 6.03.19.217,https://drivers.softpedia.com/get/MOTHERBOARD/GIGABYTE/Gigabyte-B850M-AORUS-PRO-WIFI7-AMD-Chipset-Driver-6-03-19-217.shtml,Softpedia.com,2026-06-18T15:09:59Z,Key Features:  - X3D Turbo Mode: Unleash new era gaming performance- DDR5 OC up to 8600MT/s- AMD Socket AM5: Supports AMD Ryzen 9000 / 8000 / 7000 Series Processors- Digital twin 12+2+2 phases VRM solution- Dual Channel DDR5: 4DIMMs with AMD EXPOMemory Module…,False,2026-06-20T01:51:07.395385
Gigabyte B850M AORUS PRO WIFI7 AMD Chipset Driver 5.11.02.217,https://drivers.softpedia.com/get/MOTHERBOARD/GIGABYTE/Gigabyte-B850M-AORUS-PRO-WIFI7-AMD-Chipset-Driver-5-11-02-217.shtml,Softpedia.com,2026-06-18T15:09:51Z,Key Features:  - X3D Turbo Mode: Unleash new era gaming performance- DDR5 OC up to 8600MT/s- AMD Socket AM5: Supports AMD Ryzen 9000 / 8000 / 7000 Series Processors- Digital twin 12+2+2 phases VRM solution- Dual Channel DDR5: 4DIMMs with AMD EXPOMemory Module…,False,2026-06-20T01:51:07.395387
Gigabyte B850M AORUS PRO WIFI7 AMD APU Driver 25.10.36.251112,https://drivers.softpedia.com/get/MOTHERBOARD/GIGABYTE/Gigabyte-B850M-AORUS-PRO-WIFI7-AMD-APU-Driver-25-10-36-251112.shtml,Softpedia.com,2026-06-18T15:09:45Z,Key Features:  - X3D Turbo Mode: Unleash new era gaming performance- DDR5 OC up to 8600MT/s- AMD Socket AM5: Supports AMD Ryzen 9000 / 8000 / 7000 Series Processors- Digital twin 12+2+2 phases VRM solution- Dual Channel DDR5: 4DIMMs with AMD EXPOMemory Module…,False,2026-06-20T01:51:07.395388
Gigabyte B850M AORUS PRO WIFI7 AMD APU Driver 25.10.34.251028,https://drivers.softpedia.com/get/MOTHERBOARD/GIGABYTE/Gigabyte-B850M-AORUS-PRO-WIFI7-AMD-APU-Driver-25-10-34-251028.shtml,Softpedia.com,2026-06-18T15:09:36Z,Key Features:  - X3D Turbo Mode: Unleash new era gaming performance- DDR5 OC up to 8600MT/s- AMD Socket AM5: Supports AMD Ryzen 9000 / 8000 / 7000 Series Processors- Digital twin 12+2+2 phases VRM solution- Dual Channel DDR5: 4DIMMs with AMD EXPOMemory Module…,False,2026-06-20T01:51:07.395389
Gigabyte B850M AORUS PRO WIFI7 AMD APU Driver 25.10.30.250902,https://drivers.softpedia.com/get/MOTHERBOARD/GIGABYTE/Gigabyte-B850M-AORUS-PRO-WIFI7-AMD-APU-Driver-25-10-30-250902.shtml,Softpedia.com,2026-06-18T15:09:30Z,Key Features:  - X3D Turbo Mode: Unleash new era gaming performance- DDR5 OC up to 8600MT/s- AMD Socket AM5: Supports AMD Ryzen 9000 / 8000 / 7000 Series Processors- Digital twin 12+2+2 phases VRM solution- Dual Channel DDR5: 4DIMMs with AMD EXPOMemory Module…,False,2026-06-20T01:51:07.395390
Gigabyte B850M AORUS PRO WIFI7 AMD APU Driver 24.30.66.250610,https://drivers.softpedia.com/get/MOTHERBOARD/GIGABYTE/Gigabyte-B850M-AORUS-PRO-WIFI7-AMD-APU-Driver-24-30-66-250610.shtml,Softpedia.com,2026-06-18T15:09:24Z,Key Features:  - X3D Turbo Mode: Unleash new era gaming performance- DDR5 OC up to 8600MT/s- AMD Socket AM5: Supports AMD Ryzen 9000 / 8000 / 7000 Series Processors- Digital twin 12+2+2 phases VRM solution- Dual Channel DDR5: 4DIMMs with AMD EXPOMemory Module…,False,2026-06-20T01:51:07.395392
Gigabyte B850M AORUS PRO WIFI7 AMD APU Driver 24.30.36.250225,https://drivers.softpedia.com/get/MOTHERBOARD/GIGABYTE/Gigabyte-B850M-AORUS-PRO-WIFI7-AMD-APU-Driver-24-30-36-250225.shtml,Softpedia.com,2026-06-18T15:09:17Z,Key Features:  - X3D Turbo Mode: Unleash new era gaming performance- DDR5 OC up to 8600MT/s- AMD Socket AM5: Supports AMD Ryzen 9000 / 8000 / 7000 Series Processors- Digital twin 12+2+2 phases VRM solution- Dual Channel DDR5: 4DIMMs with AMD EXPOMemory Module…,False,2026-06-20T01:51:07.395393
Gigabyte B850M AORUS PRO WIFI7 AMD APU Driver 24.30.18.241224,https://drivers.softpedia.com/get/MOTHERBOARD/GIGABYTE/Gigabyte-B850M-AORUS-PRO-WIFI7-AMD-APU-Driver-24-30-18-241224.shtml,Softpedia.com,2026-06-18T15:09:06Z,Key Features:  - X3D Turbo Mode: Unleash new era gaming performance- DDR5 OC up to 8600MT/s- AMD Socket AM5: Supports AMD Ryzen 9000 / 8000 / 7000 Series Processors- Digital twin 12+2+2 phases VRM solution- Dual Channel DDR5: 4DIMMs with AMD EXPOMemory Module…,False,2026-06-20T01:51:07.395394
The SpaceX IPO Is A Giant Unworkable Con Orchestrated By An Overt White Supremacist Huckster,https://karlbode.com/the-spacex-ipo-is-a-giant-unworkable-con-orchestrated-by-an-overt-white-supremacist-huckster/,Karlbode.com,2026-06-18T05:47:01Z,Once again a broken U.S. press couldn't bother to convey the truth to the public when it comes to America's shittiest rich person.,True,2026-06-20T01:51:07.624250
"The Tim Ferriss Show Transcripts: Sebastian Mallaby, Biographer of Demis Hassabis — Lessons from 100+ AI Insiders on The Race to Superintelligence, The Religion of AI, and Spotting Breakthroughs Early (#870)",https://tim.blog/2026/06/18/sebastian-mallaby-transcript/,Tim.blog,2026-06-19T01:24:30Z,"Please enjoy this transcript of my interview with Sebastian Mallaby (@scmallaby), the Paul A. Volcker senior fellow for international economics at the Council on Foreign Relations, a two-time Pulitzer Prize finalist, and the author of six books, including Mor…",True,2026-06-20T01:51:08.009551
JSAI2026参加！データサイエンスエンジニアの体験記,https://techblog.cartaholdings.co.jp/entry/jsai2026-jounerny-sakakey,Cartaholdings.co.jp,2026-06-19T01:00:00Z,"はじめに

株式会社CARTA ZEROのsakakeyと申します。

この度、群馬県の高崎にて開催されたJSAI2026(人工知能学会全国大会2026)にデータサイエンスエンジニアとして参加してきたので、その体験記として綴っていきます。

我々について

今回は、CARTA ZERO、テレシー、CARTA Generative AI Labという3つの組織で合同で参加し、ブースを出展しました。
CARTA ZERO、テレシーは、CARTA HOLDINGSの子会社として存在します。また、CARTA Genera…",True,2026-06-20T01:51:08.009562
Press Ranger Named Most Impactful Press Release Distribution Service by G2 for Summer 2026,https://www.globenewswire.com/news-release/2026/06/19/3314588/0/en/Press-Ranger-Named-Most-Impactful-Press-Release-Distribution-Service-by-G2-for-Summer-2026.html,GlobeNewswire,2026-06-19T00:48:00Z,"Press Ranger took the top spot in G2's Results Index for Press Release Distribution, ranking #1 for the outcomes customers report from the platform. Press Ranger took the top spot in G2's Results Index for Press Release Distribution, ranking #1 for the outcom…",True,2026-06-20T01:51:08.009564
EuroBioC2026 conference recap,https://www.r-bloggers.com/2026/06/eurobioc2026-conference-recap/,R-bloggers.com,2026-06-19T00:00:00Z,"The European Bioconductor Conference 2026 (EuroBioC2026) took place from June 3-5, 2026, in Turku, Finland. Hosted by the University of Turku and the Finnish Society for Bioinformatics at BioCity, the conference brought together the Bioconducto...



Continu…",True,2026-06-20T01:51:08.009567
"Principal Machine Learning Engineer, AI & Data Platforms (AiDP)",https://nlppeople.com/job/principal-machine-learning-engineer-ai-data-platforms-aidp-9/,Nlppeople.com,2026-06-19T00:00:00Z,"Principal Machine Learning Engineer, AI & Data Platforms (AiDP)London, England, United Kingdom Corporate Functions At Apple, we build AI systems that define experiences for billions of people and we do it with an unwavering commitment to privacy, performance,…",True,2026-06-20T01:51:08.009568
"By early 2026, several European insurers had already revised urban unrest risk models for the third time in less than fourteen months…",https://www.activistpost.com/by-early-2026-several-european-insurers-had-already-revised-urban-unrest-risk-models-for-the-third-time-in-less-than-fourteen-months/,Activistpost.com,2026-06-19T00:00:00Z,"In October 2024, logistics operators working near the Port of Rotterdam began documenting a sequence of irregularities that, at the time, appeared too mundane to attract serious public attention. Several cargo manifests connected to industrial electronics and…",True,2026-06-20T01:51:08.009570
"“투자 심사역의 새로운 동료, AI”… 실리콘밸리 벤처캐피탈은 어떻게 일하고 있나",https://www.venturesquare.net/1092180/,Venturesquare.net,2026-06-18T22:59:08Z,"벤처캐피탈 업계에도 AI 에이전트 시대가 본격적으로 열리고 있다. 미국의 어피니티(Affinity), 비저블(Visible), 카르타(Carta) 등 주요 VC SaaS 기업들은 단순 데이터 관리 플랫폼을 넘어 AI 기반 투자 운영 플랫폼으로 진화하고 있다. 국내에서도 애즈플로우의 팩트시트 MCP를 비롯해 투자 데이터와 생성형 AI를 연결하려는 시도가 시작되고 있다. 업계에서는 AI가 투자 결정을 대신하기보다 반복적인 보고·분석 업무를 줄여 심사역이 투자 판단…",True,2026-06-20T01:51:08.009572
Production-Ready Autonomous Incident Resolution with AWS DevOps Agent (now GA) and Datadog MCP Server,https://aws.amazon.com/blogs/devops/production-ready-autonomous-incident-resolution-with-aws-devops-agent-now-ga-and-datadog-mcp-server/,Amazon.com,2026-06-18T22:57:42Z,"This post was co-written with Bharadwaj Tanikella (AI/ML Product Engineering Leader) and Mohammad Jama (Product Marketing Manager) from Datadog. In December 2025, we showed how AWS DevOps Agent and Datadog MCP Server could work together to autonomously correl…",True,2026-06-20T01:51:08.009574
Show HN: Crawlie – Free open-source SEO audit tool for humans and agents,https://github.com/spronta/crawlie,Github.com,2026-06-18T22:54:21Z,"With AI, it's faster than ever to ship a marketing site... but most of what gets generated is slop that was never built to be found. Plus the tools meant to catch that fall short: most SEO auditors cost money, don't play nicely with your agents, or tell you w…",True,2026-06-20T01:51:08.009575
"Epic's gen AI use deters partners, Vampire Survivors x Fortnite might get cancelled",https://www.tweaktown.com/news/112262/epics-gen-ai-use-deters-partners-vampire-survivors-x-fortnite-might-get-cancelled/index.html,TweakTown,2026-06-18T22:35:07Z,"Epic Games has revealed its Unreal Engine 6 is riddled with AI-assisted tools, including gen AI, causing one Fortnite partner to re-think their collab.Continue reading at TweakTown",False,2026-06-20T01:51:08.009577
"BlackBoiler Launches Veris, Pairing Its Deterministic Redlining With Generative AI In Microsoft Word",https://www.lawnext.com/2026/06/blackboiler-launches-veris-pairing-its-deterministic-redlining-with-generative-ai-in-microsoft-word.html,Lawnext.com,2026-06-18T22:02:00Z,"Running directly inside a Microsoft Word add-in, Veris allows contract-review teams to negotiate and mark up agreements without ever leaving the document.
The post BlackBoiler Launches Veris, Pairing Its Deterministic Redlining With Generative AI In Microsoft…",True,2026-06-20T01:51:08.009578
“로봇은 누가 고치죠?”…조현민 아이펠스 대표가 찾은 로봇 산업의 빈자리,https://www.venturesquare.net/1079381/,Venturesquare.net,2026-06-18T21:53:47Z,"아이펠스(IFLS)는 LG전자 출신 조현민 대표가 설립한 RobotOps 플랫폼 기업이다. 생성형 AI 등장 이후 사업 방향을 전환해 로봇 운영·유지보수 시장에 집중했으며, OTA(Over-the-Air) 기술과 AI 기반 예측 유지보수를 결합한 'BotVector'를 개발했다. LG에너지솔루션, LS일렉트릭, LG전자 등의 레퍼런스를 확보한 아이펠스는 북미 시장을 중심으로 글로벌 로봇 운영 인프라 기업으로의 확장을 추진하고 있다.",True,2026-06-20T01:51:08.009579
Epic's plans for their big store revamp over the next year sound like they'll at long last meet the bare minimum,https://www.rockpapershotgun.com/epics-plans-for-their-big-store-revamp-over-the-next-year-sound-like-theyll-at-long-last-meet-the-bare-minimum,Rock Paper Shotgun,2026-06-18T21:53:29Z,"The Epic Games Store is not very good. This is not a controversial thing to say, I'm fairly certain, as the lack of features available within it feels a bit odd also eight years into the thing existing. Sure, there's some free games every now and then (like C…",True,2026-06-20T01:51:08.009581
Context is becoming the missing layer in enterprise AI,https://siliconangle.com/2026/06/18/context-becoming-missing-layer-enterprise-ai-thecuberesearch/,SiliconANGLE News,2026-06-18T21:46:38Z,"The enterprise AI market is entering a new phase. For the past several years, the focus has been on larger models, faster inference and broader deployment of generative AI capabilities. Yet despite growing investment, many organizations continue to struggle w…",True,2026-06-20T01:51:08.009582
Midjourney Enters Medical Imaging With 60-Second Full-Body Scan,https://www.pymnts.com/news/artificial-intelligence/2026/midjourney-enters-medical-imaging-with-60-second-full-body-scan/,pymnts.com,2026-06-18T21:43:04Z,"Midjourney built its reputation on text-to-image artificial intelligence. On Wednesday (June 17), the company announced in a blog post its first hardware product, the Midjourney Scanner. It’s a full-body ultrasound device that produces a complete body image i…",True,2026-06-20T01:51:08.009583
Innovations on show at Paris Vivatech fest,https://japantoday.com/category/tech/innovations-on-show-at-paris-vivatech-fest,Japan Today,2026-06-18T21:41:32Z,"Around 15,000 startups from around Europe and beyond are showing off their wares at the Vivatech trade show in Paris until Saturday. Here are just a few of the innovations being touted across the three floors of stands and displays: Healing bone implants  Ber…",False,2026-06-20T01:51:08.009585
"ChatGPT Found to Generate Violent, Sexual Images From Simple Text Prompts",https://www.cnet.com/tech/services-and-software/chatgpt-generates-violent-sexual-images-simple-text-prompt/,CNET,2026-06-18T21:40:57Z,"Even with an open-ended viral prompt, the chatbot ""immediately went to the darkest pits of humanity.""",True,2026-06-20T01:51:08.009586
"Palworld Lead Speaks Out Against Gen AI in Games: Artists ""Like Doing Stuff Themselves""",https://www.techpowerup.com/350097/palworld-lead-speaks-out-against-gen-ai-in-games-artists-like-doing-stuff-themselves,Techpowerup.com,2026-06-18T21:15:28Z,"There have already been several strong reactions from developers to generative AI in video games and their development—and many large studios advocating for the new tech—and Pocketpair, the developer behind Palworld, has once again clarified its stance on gen…",False,2026-06-20T01:51:08.009587
"Snap spins off AI video team into new company, Dotmo, due to costs | TechCrunch",https://techcrunch.com/2026/06/18/snap-spins-off-ai-video-team-into-new-company-dotmo-due-to-costs/,TechCrunch,2026-06-18T20:32:02Z,The Snapchat maker is spinning off yet another internal unit. Dotmo will be comprised of current Snap staff who are leaving the social media company to focus on AI video development.,True,2026-06-20T01:51:08.009589
"Snap spins off AI video team into new company, Dotmo, due to costs",https://biztoc.com/x/4c37b9961b54029f,Biztoc.com,2026-06-18T20:30:50Z,"Snap will be spinning off an internal generative AI video team into a separate company. The new company — dubbed Dotmo — will focus on developing AI models that can create interactive gaming experiences, Snap told TechCrunch.
Snap cited the high costs of cond…",True,2026-06-20T01:51:08.009590
TTEC Digital Achieves NiCE Platinum Partner Status,https://www.globenewswire.com/news-release/2026/06/18/3314531/0/en/TTEC-Digital-Achieves-NiCE-Platinum-Partner-Status.html,GlobeNewswire,2026-06-18T20:30:00Z,"TTEC Digital achieves NiCE Platinum Partner status, recognizing its AI, CX, and cloud expertise in delivering measurable customer outcomes....",True,2026-06-20T01:51:08.009591
Langflow flaw: Unsecured AI tools create new attack surface,https://www.digitaljournal.com/article/langflow-flaw-unsecured-ai-tools-create-new-attack-surface/,Digital Journal,2026-06-18T20:17:47Z,"Langflow, widely used for building and orchestrating large language model (LLM) workflows, contains a defect in its file upload functionality that allows an attacker to write files to arbitrary locations on a target system.
The post Langflow flaw: Unsecured A…",False,2026-06-20T01:51:08.009593
Amazon’s Alexa+ Aims to Tackle Brazil’s Many Languages,https://biztoc.com/x/48ddb71104f44966,Biztoc.com,2026-06-18T20:00:56Z,"Amazon says its Alexa+ voice assistant is now available to customers in Brazil.
 
 
 
 
It’s part of an ongoing rollout of the upgraded Alexa that began earlier this year, and is scheduled to continue into 2027, Amazon announced Thursday (June 18).
“Powered b…",True,2026-06-20T01:51:08.009594
OpenAI is bringing on some big guns in the lead-up to its IPO  | TechCrunch,https://techcrunch.com/2026/06/18/openai-is-bringing-on-some-big-guns-in-the-lead-up-to-its-ipo/,TechCrunch,2026-06-18T19:59:22Z,"OpenAI is bulking up before its IPO, landing Transformer co-inventor Noam Shazeer from Google DeepMind and former Trump AI policy official Dean Ball in the same week.",True,2026-06-20T01:51:08.009598
These 9 Things Are Worse for the Environment Than AI Data Centers,https://biztoc.com/x/646d1c21efdf5330,Biztoc.com,2026-06-18T19:45:34Z,"Artificial intelligence is fueling a boom in data centers as well as concern about their environmental footprint.
Data facilities consume significant electricity and water, especially as demand for tools like generative AI grows. Altogether, U.S. data center …",True,2026-06-20T01:51:08.009601
Nicely Network Wins Best Reddit Marketing Agency Award,https://adtechedge.com/news/nicely-network-wins-best-reddit-marketing-agency-award-signaling-new-ai-seo-frontiers/,Adtechedge.com,2026-06-18T19:31:20Z,"Nicely Network named Best Reddit Marketing Agency for June 2026, highlighting AI‑SEO and Reddit’s role in modern search and adtech.",True,2026-06-20T01:51:08.009602
"updates: boss asked about my father’s life expectancy, asking about AI in an interview, and more",https://www.askamanager.org/2026/06/updates-boss-asked-about-my-fathers-life-expectancy-asking-about-ai-in-an-interview-and-more.html,Askamanager.org,2026-06-18T19:29:36Z,"It’s a special “where are you now?” season at Ask a Manager and I’m running updates from people who had their letters here answered in the past. Here are four updates from past letter-writers. There will be more posts than usual this week, so keep checking ba…",False,2026-06-20T01:51:08.009604
Amazon’s Alexa+ Aims to Tackle Brazil’s Many Languages,https://www.pymnts.com/amazon/amazon-alexa/2026/amazons-alexa-aims-to-tackle-brazils-many-languages/,pymnts.com,2026-06-18T19:20:59Z,"Amazon says its Alexa+ voice assistant is now available to customers in Brazil. It’s part of an ongoing rollout of the upgraded Alexa that began earlier this year, and is scheduled to continue into 2027, Amazon announced Thursday (June 18). “Powered by genera…",True,2026-06-20T01:51:08.009605
Zelis Picks AWS to Automate Healthcare Pricing and Payments,https://biztoc.com/x/7e4ebb32e238924d,Biztoc.com,2026-06-18T19:00:17Z,"Healthcare technology solutions provider Zelis selected Amazon Web Services (AWS) as its preferred cloud provider.
 
 
 
 
Zelis is migrating its workloads to AWS and using AWS AI services such as generative AI platform Amazon Bedrock, AI assistant Amazon Qui…",True,2026-06-20T01:51:08.009606
Zelis Picks AWS to Automate Healthcare Pricing and Payments,https://www.pymnts.com/healthcare/2026/zelis-picks-aws-automate-healthcare-pricing-payments/,pymnts.com,2026-06-18T18:52:36Z,"Healthcare technology solutions provider Zelis selected Amazon Web Services (AWS) as its preferred cloud provider. Zelis is migrating its workloads to AWS and using AWS AI services such as generative AI platform Amazon Bedrock, AI assistant Amazon Quick, agen…",True,2026-06-20T01:51:08.009608
"Inteligența artificială intră sub piele. De la plasturi cu AI la detectoare de minciuni vocale, invențiile care au furat toate privirile la VivaTech 2026",https://www.realitatea.net/stiri/actualitate/inteligenta-artificiala-intra-sub-piele-de-la-plasturi-cu-ai-la-detectoare-de-minciuni-vocale-inventiile-care-au-furat-toate-privirile-la-vivatech-2026-gi3iel,Realitatea.net,2026-06-18T18:46:47Z,"Plasturi care analizează transpirația sportivilor, implanturi osoase artificiale imprimate în 3D și detectoare de voci false se numără printre cele mai surprinzătoare inovații prezentate de aproximativ 15.000 de start-upuri, până sâmbătă, la salonul VivaTech …",True,2026-06-20T01:51:08.009609
"AI Regulation Should Be Rational, Not Retaliatory",https://www.eff.org/deeplinks/2026/06/ai-regulation-should-be-rational-not-retaliatory,EFF,2026-06-18T18:45:40Z,"The Trump administration’s approach to AI safety, particularly the generative AI models that regularly grab headlines, has been haphazard at best. At worst, it’s unconstitutional. As EFF and our allies explained in an amicus brief, the Pentagon’s actions agai…",True,2026-06-20T01:51:08.009610
The Wholesale Plagiarism of Obscure Sorrows,https://waxy.org/2026/06/the-wholesale-plagiarism-of-obscure-sorrows/,Waxy.org,2026-06-18T18:44:22Z,"Without permission, a marketing agency republished the entirety of John Koenig's Dictionary of Obscure Sorrows book, replacing its art with AI slop and adding new AI words and definitions. Their unauthorized site now ranks higher than the real one everywhere.",True,2026-06-20T01:51:08.009612
Cop Accused of Using AI to Fake Evidence,https://futurism.com/artificial-intelligence/cop-ai-fake-evidence-uk,Futurism,2026-06-18T18:42:43Z,"The officer allegedly used AI to ""create evidential material in a number of cases.""
The post Cop Accused of Using AI to Fake Evidence appeared first on Futurism.",True,2026-06-20T01:51:08.009613
,https://avdi.codes/154684-2/,Avdi.codes,2026-06-18T18:41:58Z,"Generative AI dramatically lowers the cost of modification, which creates a dangerous illusion: that everything can change quickly, therefore everything should. leaflet.pub: Pace Layers and AI Integration",True,2026-06-20T01:51:08.009614
La nueva web sin clics: cómo se transforma el negocio del contenido en la era de la IA,https://www.lanacion.com.ar/tecnologia/la-nueva-web-sin-clics-como-se-transforma-el-negocio-del-contenido-en-la-era-de-la-ia-nid18062026/,La Nacion,2026-06-18T18:36:22Z,"Las herramientas de IA están modificando uno de los principios fundacionales de Internet: la derivación de tráfico hacia las fuentes originales. La creciente concentración de las respuestas dentro de las plataformas multiplica los desafíos para medios, creado…",True,2026-06-20T01:51:08.009617
AI May Be Creating a Dangerous Problem No One Saw Coming: Why Doctors and Programmers Could End Up Trapped by It,https://economictimes.indiatimes.com/magazines/panache/ai-may-be-creating-a-dangerous-problem-no-one-saw-coming-why-doctors-and-programmers-could-end-up-trapped-by-it/articleshow/131839137.cms,The Times of India,2026-06-18T18:29:47Z,"As artificial intelligence becomes a routine part of work in healthcare, software development and other professions, researchers are warning that heavy reliance on these tools could weaken important human skills. Studies involving doctors and software enginee…",True,2026-06-20T01:51:08.009619
White House Uses GTA 6 Meme To Distract From Reflecting Pool Turning The Color Of Mountain Dew,https://kotaku.com/white-house-uses-gta-6-meme-to-distract-from-reflecting-pool-turning-the-color-of-mountain-dew-2000708154,Kotaku,2026-06-18T18:25:53Z,"Hey, idiot, the helicopter goes in the left top corner",True,2026-06-20T01:51:08.009620
Qualcomm Goes All-In: The $10B Bet to Crush NVIDIA,https://www.marketbeat.com/originals/qualcomm-goes-all-in-the-10b-bet-to-crush-nvidia/?utm_source=yahoofinance&amp;utm_medium=yahoofinance,MarketBeat,2026-06-18T18:10:00Z,Qualcomm is rapidly acquiring proprietary silicon architecture to bypass traditional licensing rules and establish dominance in the data center ecosystem.,True,2026-06-20T01:51:08.009621
The Pokemon Company Launches Pokemon TCG AI Battle Challenge to Improve Its Bot Opponents,http://comicbook.com/gaming/news/the-pokemon-company-launches-pokemon-tcg-ai-battle-challenge-to-improve-its-bot-opponents/,ComicBook.com,2026-06-18T18:00:00Z,"Courtesy of The Pokemon Company

Way back before generative AI models started popping up just about everywhere, programmers put AI machine learning models to the test with games. Specifically, AI has been trained to play a variety of strategy games, most nota…",True,2026-06-20T01:51:08.009623
TBWA HAKUHODO、国際広告賞「ニューヨーク・フェスティバル 2026」にてグランプリを含む計5つの賞を受賞,https://prtimes.jp/main/html/rd/p/000000255.000034082.html,Prtimes.jp,2026-06-18T17:10:02Z,"[株式会社TBWA HAKUHODO]
株式会社TBWA HAKUHODO（本社：東京都港区、代表取締役社長兼CEO：内田 渉）は、世界規模の歴史ある国際広告賞「ニューヨーク・フェスティバル 2026（New York Festivals 2026 Advertising Awards）」において、...",True,2026-06-20T01:51:08.009624
Tech CEOs are breaking the law,https://kiesow.net/tech-ceos-are-breaking-the-law/,Kiesow.net,2026-06-18T16:54:46Z,"Great products and services minimize friction—reducing the effort, time, or cost to the consumer. In system design, this is governed by Tesler’s Law (the “conservation of complexity”), coined by Larry Tesler at Xerox PARC in the 1980s.

The axiom states that …",True,2026-06-20T01:51:08.009625
Cheil Agency Network Strengthens Leadership Team With Two C-Suite Promotions,https://www.prnewswire.com/news-releases/cheil-agency-network-strengthens-leadership-team-with-two-c-suite-promotions-302804675.html,PRNewswire,2026-06-18T16:53:00Z,"Bill Mattis will step into a new role as chief growth officer, and Gourang Mehta advances to chief technology officer NEW YORK, June 18, 2026 /PRNewswire/ -- Amid a period of strong growth, The Cheil Agency Network (CAN) today announced the promotions of Bill…",True,2026-06-20T01:51:08.009626
AI's Verdict on the Royals: New 5W Study Finds Buckingham Palace Beats Harry and Meghan 70 to 51 in AI Citation Share,https://www.prnewswire.com/news-releases/ais-verdict-on-the-royals-new-5w-study-finds-buckingham-palace-beats-harry-and-meghan-70-to-51-in-ai-citation-share-302804648.html,PRNewswire,2026-06-18T16:21:00Z,"Eighteen plain-language questions submitted to Claude show the Palace dominates AI answers in five of six categories — losing only the one round the working monarchy is constitutionally barred from entering MIAMI, June 18, 2026 /PRNewswire/ -- 5W AI Communica…",True,2026-06-20T01:51:08.009628
The Latest Disney Trailer Has Fans Concerned About How TikTok Has Shaped The Company’s Movies,https://kotaku.com/disney-hexed-trailer-tiktok-instagram-reels-center-ai-2000708123,Kotaku,2026-06-18T16:08:31Z,Hexed is the next movie from Disney Animation Studios,True,2026-06-20T01:51:08.009629
"After Epic outline a genAI focused Unreal Engine 6, Vampire Survivors studio Poncle say they're ""reviewing"" their Fortnite collab",https://www.rockpapershotgun.com/after-epic-outline-a-genai-focused-unreal-engine-6-vampire-survivors-studio-poncle-say-theyre-reviewing-their-fortnite-collab,Rock Paper Shotgun,2026-06-18T16:06:46Z,"If you heard the sound of a wet fart reverberating throughout the world yesterday, it'll likely be thanks to the most recent State of Unreal, where Epic offered some more concrete details regarding its plans for Unreal Engine 6. Namely, that it wants to infus…",True,2026-06-20T01:51:08.009630
"Canonical reveals Myna, its local speech-to-text app",https://www.theregister.com/os-platforms/2026/06/18/canonical-unveils-myna-speech-to-text-app-for-ubuntu-2610/5258376,Theregister.com,2026-06-18T16:04:09Z,Bird-branded AI will ride on Stonking Stingray,True,2026-06-20T01:51:08.009632
The Software Freedom Conservancy's LLM-backed generative AI recommendations,https://lwn.net/Articles/1078521/,Lwn.net,2026-06-18T16:00:37Z,"The Software Freedom
Conservancy (SFC) has announced
the release of its recommendations
for using LLM-backed generative AI systems for FOSS
contributions. The recommendations were created by the SFC and
volunteers from the free-software community.


The recom…",True,2026-06-20T01:51:08.009635
Second Annual Cenevo Survey of Life Science Professionals Reveals Future of AI in Modern Labs,https://www.prnewswire.com/news-releases/second-annual-cenevo-survey-of-life-science-professionals-reveals-future-of-ai-in-modern-labs-302804288.html,PRNewswire,2026-06-18T16:00:00Z,"LONDON, June 18, 2026 /PRNewswire/ -- AI adoption is widespread across life sciences laboratories, but it is still mostly in the experimental stage, with only 5 percent using AI agents in production, according to Cenevo's second annual survey. Cenevo, a speci…",True,2026-06-20T01:51:08.009637
Pennsylvania Approves Bill To Force Companies To Disclose AI In Ads,https://dailycaller.com/2026/06/18/pennsylvania-approves-bill-to-force-companies-disclose-ai-ads/,The Daily Caller,2026-06-18T15:45:02Z,The Pennsylvania House approved a bill that would mandate companies to disclose all artificial-intelligence generated content used to sell consumer goods.,True,2026-06-20T01:51:08.009638
Inks Definitive Agreement for Fin Acquisition,https://biztoc.com/x/06eacfe68828eb37,Biztoc.com,2026-06-18T15:30:02Z,"Salesforce (NYSE:CRM) is one of the 8 Best Generative AI Software Stocks to Buy in June. On June 15, Salesforce announced that it had forged a definitive agreement for the acquisition of customer agent company Fin, formerly Intercom, for approximately $3.6 bi…",True,2026-06-20T01:51:08.009639
’s Venture Arm Invests in Jedify,https://biztoc.com/x/c3f990c8d4b71088,Biztoc.com,2026-06-18T15:29:58Z,"Snowflake Inc. (NYSE:SNOW) is one of the 8 Best Generative AI Software Stocks to Buy in June 2026. On June 12, Snowflake Ventures, the company’s corporate venture arm, announced that it is investing in Jedify, an autonomous context graph for data-intensive ag…",True,2026-06-20T01:51:08.009641
Market Perform Rating Maintained by Citizens,https://biztoc.com/x/39b574041031a12f,Biztoc.com,2026-06-18T15:29:52Z,"Cloudflare, Inc. (NYSE:NET) is one of the 8 Best Generative AI Software Stocks to Buy in June. On June 15, Investing.com reported that Citizens maintained its Market Outperform rating on Cloudflare with a $270.00 price target, following the company’s Investor…",True,2026-06-20T01:51:08.009642
One of the Best Generative AI Software Stocks to Buy?,https://biztoc.com/x/487d1915140fbe4f,Biztoc.com,2026-06-18T15:29:45Z,"Intuit Inc. (NASDAQ:INTU) is one of the 8 Best Generative AI Software Stocks to Buy in June. In a filing to the Securities and Exchange Commission on June 11, Intuit announced that it has raised approximately $1.74 billion from the issuance of senior notes wo…",True,2026-06-20T01:51:08.009643
"Adobe just made its biggest AI push yet, and it stretches from Photoshop to Disney World",https://thenextweb.com/news/adobe-ai-week-firefly-agent-disney-semrush-genstudio-linkedin/,The Next Web,2026-06-18T15:28:24Z,"Adobe has spent two years bolting AI onto its software. This week it tried to become the AI layer underneath everything creative and marketing, in five announcements stretched across three days. The headline is an agent inside the apps. The rest of the week s…",True,2026-06-20T01:51:08.009645
Truist Upgrades Datadog (DDOG) to Buy from Neutral,https://biztoc.com/x/f561e62958961130,Biztoc.com,2026-06-18T15:15:39Z,"Datadog, Inc. (NASDAQ:DDOG) is one of the 8 Best Generative AI Software Stocks to Buy in June 2026. On June 15, Truist analyst Miller Jump upgraded Datadog’s rating to Buy from Hold while raising its price target to $300 from $190, according to a report by In…",True,2026-06-20T01:51:08.009661
Downgraded to Hold by Freedom Broker,https://biztoc.com/x/32c93f0bb9e3feee,Biztoc.com,2026-06-18T15:15:34Z,"Adobe Inc. (NASDAQ:ADBE) is one of the 8 Best Generative AI Software Stocks to Buy in June. On June 12, TheFly reported that Freedom Broker analyst Egor Tolmachev downgraded Adobe to Hold from Buy, reducing its price target to $250 from $510 following the com…",True,2026-06-20T01:51:08.009662
Cantor Fitzgerald Maintains Neutral Rating on GitLab Inc. (GTLB),https://biztoc.com/x/2381befa40c3b049,Biztoc.com,2026-06-18T15:15:30Z,"GitLab Inc (NASDAQ:GTLB) is one of the 8 Best Generative AI Software Stocks to Buy in June 2026. On June 15, Investing.com reported that Cantor Fitzgerald maintained its Neutral rating on GitLab with a price target of $35 as the company introduced four new ca…",True,2026-06-20T01:51:08.009664
the Best Generative AI Software Stock to Buy in June,https://biztoc.com/x/d42ce4c959ede0a3,Biztoc.com,2026-06-18T15:15:24Z,"ServiceNow (NYSE:NOW) is one of the 8 Best Generative AI Software Stocks to Buy in June 2026. Based on 50 analyst ratings compiled by CNN, 90% assigned a Buy rating to ServiceNow, while 8% assigned a Hold rating. The stock has an average price target of $135,…",True,2026-06-20T01:51:08.009667
Amazon SageMaker AI Announces New observability capability For Inference Endpoints,https://aws.amazon.com/about-aws/whats-new/2026/06/amazon-sagemaker-ai-inference/,Amazon.com,2026-06-18T15:13:00Z,"Amazon SageMaker AI's new observability capability allows customers to operate production generative AI inference workloads with confidence by providing comprehensive visibility into token performance, GPU health, inference component placement, and autoscalin…",True,2026-06-20T01:51:08.009669
"Global Medical Device Manufacturer Reaches Best-in-Class Learning Velocity with Workera, Upskilling Its Workforce Four Times Faster Than Industry Norms",https://www.prnewswire.com/news-releases/global-medical-device-manufacturer-reaches-best-in-class-learning-velocity-with-workera-upskilling-its-workforce-four-times-faster-than-industry-norms-302804553.html,PRNewswire,2026-06-18T15:08:00Z,"Workera analysis of over 800 participants finds a 42% average proficiency gain in 13 days and surfaces hidden capabilities across the workforce PALO ALTO, Calif., June 18, 2026 /PRNewswire/ -- Workera, the trusted skills data layer for the enterprise, today r…",True,2026-06-20T01:51:08.009670
Adobe (ADBE) Downgraded to Hold by Freedom Broker,https://finance.yahoo.com/markets/stocks/articles/adobe-adbe-downgraded-hold-freedom-150322374.html,Yahoo Entertainment,2026-06-18T15:03:22Z,"Adobe Inc. (NASDAQ:ADBE) is one of the 8 Best Generative AI Software Stocks to Buy in June. On June 12, TheFly reported that Freedom Broker analyst Egor Tolm...",False,2026-06-20T01:51:08.009671
Why is ServiceNow (NOW) the Best Generative AI Software Stock to Buy in June,https://finance.yahoo.com/technology/ai/articles/why-servicenow-now-best-generative-150320993.html,Yahoo Entertainment,2026-06-18T15:03:20Z,"ServiceNow (NYSE:NOW) is one of the 8 Best Generative AI Software Stocks to Buy in June 2026. Based on 50 analyst ratings compiled by CNN, 90% assigned a Buy...",False,2026-06-20T01:51:08.009673
Is Intuit (INTU) One of the Best Generative AI Software Stocks to Buy?,https://finance.yahoo.com/technology/ai/articles/intuit-intu-one-best-generative-150312848.html,Yahoo Entertainment,2026-06-18T15:03:12Z,Intuit Inc. (NASDAQ:INTU) is one of the 8 Best Generative AI Software Stocks to Buy in June. In a filing to the Securities and Exchange Commission on June 11...,False,2026-06-20T01:51:08.009674
The AI tipping point: where enterprise AI runs at scale,https://www.theregister.com/ai-and-ml/2026/06/18/the-ai-tipping-point-where-enterprise-ai-runs-at-scale/5258147,Theregister.com,2026-06-18T15:00:00Z,PARTNER CONTENT: AI's cloud journey homeward bound: enterprises prefer private clouds for scaling AI workloads.,True,2026-06-20T01:51:08.009675
"Hinge Leads 5W's First Dating App AI Visibility Index, Outranking Tinder Despite Smaller User Base -- While Match.com, Bumble, and The League Punch Above Their Commercial Weight on Trust Signals",https://www.prnewswire.com/news-releases/hinge-leads-5ws-first-dating-app-ai-visibility-index-outranking-tinder-despite-smaller-user-base--while-matchcom-bumble-and-the-league-punch-above-their-commercial-weight-on-trust-signals-302774921.html,PRNewswire,2026-06-18T15:00:00Z,"New 5W research finds AI engines now weight transparent safety reporting and demographic clarity more heavily than monthly active users when recommending dating apps — disrupting the rankings the category's network effects produced. NEW YORK, June 26, 2026 /P…",True,2026-06-20T01:51:08.009677
Appotronics AIMapper Wins ProjectorCentral Best of Show Winner at InfoComm 2026,https://www.prnewswire.com/news-releases/appotronics-aimapper-wins-projectorcentral-best-of-show-winner-at-infocomm-2026-302804195.html,PRNewswire,2026-06-18T15:00:00Z,"AI-powered projection mapping platform recognized for breakthrough in automated 3D reconstruction, projector-aware modeling, and end-to-end spatial AI workflow BEIJING, June 18, 2026 /PRNewswire/ -- Appotronics announces that its next-generation projection ma…",True,2026-06-20T01:51:08.009678
La corsa dell’IA nel mondo degli investimenti: i limiti degli Llm nelle previsioni finanziarie,https://www.repubblica.it/economia/rapporti/obiettivo-capitale/mercati/2026/06/18/news/la_corsa_dell_ia_nel_mondo_degli_investimenti_i_limiti_degli_llm_nelle_previsioni_finanziarie-425419311/,La Repubblica,2026-06-18T14:42:58Z,"Intelligenza artificiale generativa e predittiva hanno funzioni e scopi diversi: la prima più utile per selezione, analisi ed elaborazione di report; l’altra per fare previsioni più accurate possibili, spiega Barigazzi (Axyon AI)",True,2026-06-20T01:51:08.009679
Migrate from OpenClaw,https://hermes-agent.nousresearch.com/docs/guides/migrate-from-openclaw,Nousresearch.com,2026-06-18T14:32:13Z,"Complete guide to migrating your OpenClaw / Clawdbot setup to Hermes Agent — what gets migrated, how config maps, and what to check after.",True,2026-06-20T01:51:08.009681
Clinical Decision Support System (CDSS) Market worth $10.15 billion by 2031 | MarketsandMarkets™,https://www.prnewswire.com/news-releases/clinical-decision-support-system-cdss-market-worth-10-15-billion-by-2031--marketsandmarkets-302804137.html,PRNewswire,2026-06-18T14:30:00Z,"DELRAY BEACH, Fla., June 18, 2026 /PRNewswire/ -- According to MarketsandMarkets™, the Clinical Decision Support Systems Market is projected to grow from about USD 5.80 billion in 2026 to USD 10.15 billion by 2031, at a CAGR of 11.8%. Browse 450 market data T…",True,2026-06-20T01:51:08.009682
Fortnite Set To Lose Key Crossover Following AI Use,https://screenrant.com/fortnite-vampire-survivors-collab-ai-controversy/,Screen Rant,2026-06-18T14:27:38Z,Fortnite may lose out on an upcoming collab with a popular indie game due to developer/publisher Epic Games' recent generative AI evangelization.,True,2026-06-20T01:51:08.009683
Amazon to bring Alexa+ to over 10 new countries in 2027,https://biztoc.com/x/be697bdb37a7aeea,Biztoc.com,2026-06-18T14:26:36Z,"Amazon.com Inc. announced on Thursday that it plans to launch its generative AI-powered virtual assistant, Alexa+, in more than ten additional countries in 2027. The company said in a press release th...",True,2026-06-20T01:51:08.009685
Google Home Speaker (2026) vs. Amazon Echo Dot Max: Why I'm split on these $99 rivals,https://www.zdnet.com/home-and-office/home-entertainment/google-home-speaker-vs-amazon-echo-dot-max/,ZDNet,2026-06-18T14:22:57Z,"Both Google and Amazon have generative AI-powered smart speakers for under $100, so which one stands out?",True,2026-06-20T01:51:08.009688
Kubernetes in the Age of AI,https://www.oreilly.com/radar/kubernetes-in-the-age-of-ai/#BlogPosting,Oreilly.com,2026-06-18T14:21:16Z,"When Kubernetes first came onto the scene, it was a major turning point, a revision of the infrastructure and operations space that transformed the way developers and ops personnel build, deploy, and maintain applications in the cloud. It has since become the…",True,2026-06-20T01:51:08.009690
Microsoft Enlists AWS to Help GitHub Handle Explosive Growth in AI Development,https://devops.com/microsoft-enlists-aws-to-help-github-handle-explosive-growth-in-ai-development/,DevOps.com,2026-06-18T14:20:24Z,"Microsoft has reportedly begun using Amazon Web Services to provide additional computing capacity for GitHub as a dramatic rise in AI-assisted software development places unprecedented demands on the coding platform. The news is unexpected from Microsoft, whi…",True,2026-06-20T01:51:08.009691
Japanese Government Criticizes U.S. President Trump's Use of Naruto Imagery,https://www.animenewsnetwork.com/interest/2026-06-18/japanese-government-criticizes-u.s-president-trump-use-of-naruto-imagery/.238576,Anime News Network,2026-06-18T14:15:00Z,Economic security minister: “[We] should exercise extreme caution to avoid situations where the reputation of a work is damaged by its use in a manner contrary to the rights holders' intent”,True,2026-06-20T01:51:08.009693
"No Fakes Act, Bill Meant To Curb Unauthorized Digital Replicas, Clears Senate Judiciary Committee",http://deadline.com/2026/06/no-fakes-act-senate-judiciary-committee-1236959147/,Deadline,2026-06-18T14:12:59Z,"A bill to curb the use of unauthorized AI deepfakes has cleared the Senate Judiciary Committee, significant movement for a top legislative priority for the entertainment industry this year. The legislation passed the committee unanimously by voice vote on Thu…",True,2026-06-20T01:51:08.009694
Why the Human Genome’s Tangled Physicality May Confound AI,https://www.quantamagazine.org/why-the-human-genomes-tangled-physicality-may-confound-ai-20260618/,Quanta Magazine,2026-06-18T14:12:26Z,"Our genetic heritage is not a blueprint or an algorithm, as many biologists have imagined, but something else entirely. The post Why the Human Genome’s Tangled Physicality May Confound AI first appeared on Quanta Magazine",True,2026-06-20T01:51:08.009695
Why the Human Genome’s Tangled Physicality May Confound AI,https://www.quantamagazine.org/the-genomes-complexity-may-confound-alphagenome-and-other-ais-20260618/,Quanta Magazine,2026-06-18T14:12:26Z,"Our genetic heritage is not a blueprint or an algorithm, as many biologists have imagined, but something else entirely. The post Why the Human Genome’s Tangled Physicality May Confound AI first appeared on Quanta Magazine",True,2026-06-20T01:51:08.009697
GenAI can add $14-17 billion to India's real estate economy: Report,https://economictimes.indiatimes.com/industry/services/property-/-cstruction/genai-can-add-14-17-billion-to-indias-real-estate-economy-report/articleshow/131833309.cms,The Times of India,2026-06-18T14:10:32Z,"Consultancy firm EY-Parthenon and realtors' apex body CREDAI, in its report 'GenAI in Indian real estate - Scaling the next frontier of innovation' released on Thursday, stated that the adoption of GenAI could increase sales velocity by 30-50 per cent and red…",True,2026-06-20T01:51:08.009698
Boltz Announces Collaboration with Takeda to Deploy Frontier Biomolecular AI Models Across Takeda's Research Organization,https://www.prnewswire.com/news-releases/boltz-announces-collaboration-with-takeda-to-deploy-frontier-biomolecular-ai-models-across-takedas-research-organization-302804082.html,PRNewswire,2026-06-18T14:03:00Z,"Partnership will provide Takeda scientists with access to Boltz's proprietary biomolecular foundation models for structure prediction, affinity estimation and generative design Collaboration includes platform deployment across Takeda's Research organization a…",True,2026-06-20T01:51:08.009699
AI helped diagnose 18 children whose rare diseases had stumped doctors,https://www.nbcnews.com/tech/innovation/ai-boston-childrens-hospital-diagnose-rare-diseases-kids-openai-rcna350387,NBC News,2026-06-18T14:00:00Z,Researchers from Boston Children’s Hospital identified 18 diagnoses for children with rare diseases using OpenAI’s o3 model.,True,2026-06-20T01:51:08.009701
"Nomadic Spirit Releases ""The Intentional Traveler's Guide to AI"" to Combat Algorithmic Overtourism",https://www.globenewswire.com/news-release/2026/06/18/3314299/0/en/Nomadic-Spirit-Releases-The-Intentional-Traveler-s-Guide-to-AI-to-Combat-Algorithmic-Overtourism.html,GlobeNewswire,2026-06-18T14:00:00Z,New Guide Shows How AI Is Fueling Overtourism and How Travelers Can Get Their Ideal Trip New Guide Shows How AI Is Fueling Overtourism and How Travelers Can Get Their Ideal Trip,True,2026-06-20T01:51:08.009702
The use of immersive technologies in learning about postpartum hemorrhage: Protocol for a systematic review and meta-analysis,https://journals.plos.org/plosone/article?id=10.1371/journal.pone.0351749,Plos.org,2026-06-18T14:00:00Z,"Postpartum hemorrhage is one of the leading causes of maternal morbidity and mortality worldwide, and its proper management requires both technical and non-technical skills. This study describes the protocol for a systematic review evaluating the effectivenes…",True,2026-06-20T01:51:08.009703
How to Build and Use an AI Sales Coach That Closes Deals (Part 2),https://www.marketingprofs.com/articles/2026/55104/how-to-use-an-ai-sales-bot-part-2,MarketingProfs.com,2026-06-18T14:00:00Z,"Learn how a custom AI sales bot can help you prepare for sales calls, improve follow-up strategies, identify business gaps, and stay focused on revenue goals. Read more Read the full article at MarketingProfs",True,2026-06-20T01:51:08.009705
"Tim Apple discusses how Apple's new approach to AI will involve raising prices on everything, mainly because ""AI as a reason for raising prices on everything"" is an excuse they haven't used yet [Obvious]",https://www.fark.com/comments/14103366/Tim-Apple-discusses-how-Apples-new-approach-to-AI-will-involve-raising-prices-on-everything-mainly-because-AI-as-a-reason-for-raising-prices-on-everything-is-an-excuse-they-havent-used-yet,Fark.com,2026-06-18T13:50:06Z,"Tim Apple discusses how Apple's new approach to AI will involve raising prices on everything, mainly because ""AI as a reason for raising prices on everything"" is an excuse they haven't used yet",False,2026-06-20T01:51:08.009706
GTA VI pre-orders open June 25. Rockstar revealed the cover art. No price yet.,https://thenextweb.com/news/gta-vi-pre-orders-june-25-cover-art-november/,The Next Web,2026-06-18T13:37:38Z,"Rockstar Games confirmed that pre-orders for Grand Theft Auto VI open on June 25. The game will be available on the PlayStation Store, Microsoft Store, and at select retailers. Rockstar also revealed the official cover art, which features protagonists Jason a…",True,2026-06-20T01:51:08.009707
"Just 16% of Americans think AI will benefit society, despite chatbot use climbing to 49% of US adults",https://www.techspot.com/news/112811-16-americans-think-ai-benefit-society-despite-chatbot.html,TechSpot,2026-06-18T13:37:00Z,"The Pew Research Center found that 49% of US adults now use chatbots, up from 33% two years ago. This includes roughly one in four who use these tools on daily basis. Fifty-one percent say they don't use chatbots at all, the majority of whom are 50 and older.…",False,2026-06-20T01:51:08.009709
Cambio tecnológico global e impacto en la producción y el empleo,https://www.lanacion.com.ar/opinion/cambio-tecnologico-global-e-impacto-en-la-produccion-y-el-empleo-nid18062026/,La Nacion,2026-06-18T13:35:12Z,Cambio tecnológico global e impacto en la producción y el empleo,True,2026-06-20T01:51:08.009710
"Hidden in Plain Sight: Accounts Payable Data Becomes a Competitive Advantage, Says Square 9",https://www.prnewswire.com/news-releases/hidden-in-plain-sight-accounts-payable-data-becomes-a-competitive-advantage-says-square-9-302804382.html,PRNewswire,2026-06-18T13:30:00Z,"AP Forecasting Becomes Critical for Visibility Amidst Economic Uncertainty NEW HAVEN, Conn., June 18, 2026 /PRNewswire/ -- As organizations face ongoing economic uncertainty, finance leaders are discovering that accounts payable contains some of the most valu…",True,2026-06-20T01:51:08.009711
The Autonomous CX Revolution Elevated by Google,https://news.sap.com/2026/06/autonomous-cx-revolution-elevated-by-google/,Sap.com,2026-06-18T13:15:00Z,"SAP CX and Google Cloud are building the foundation for real-time, intelligent experiences rooted in trusted business context. Learn how.",False,2026-06-20T01:51:08.009713
"Canonical reveal Myna, a speech to text system for Ubuntu Linux",https://www.gamingonlinux.com/2026/06/canonical-reveal-myna-a-speech-to-text-system-for-ubuntu-linux/,Gamingonlinux.com,2026-06-18T13:12:36Z,"As part of their accessibility drive, Canonical have revealed Myna, their new in-development speech to text AI system for Ubuntu Linux.Read the full article on GamingOnLinux.",True,2026-06-20T01:51:08.009714
Frost & Sullivan Identifies Virtual Healthcare Assistants as a Transformational Force in Healthcare Delivery,https://www.prnewswire.com/news-releases/frost--sullivan-identifies-virtual-healthcare-assistants-as-a-transformational-force-in-healthcare-delivery-302804206.html,PRNewswire,2026-06-18T13:07:00Z,"New analysis highlights significant growth opportunities in patient- and clinician-facing AI assistants as healthcare organizations seek to improve efficiency, patient engagement, and care outcomes LONDON, June 18, 2026 /PRNewswire/ -- Frost & Sullivan's late…",True,2026-06-20T01:51:08.009715
2D Buildings - Town by LAYERLAB,https://assetstore.unity.com/packages/2d/environments/2d-buildings-town-387584,Unity.com,2026-06-18T13:05:16Z,"A collection of casual town buildings and progression-based structures for village and base-building games. Includes upgrade stages and resource state variations for selected buildings.A collection of 2D casual town buildings designed for village, base-buildi…",False,2026-06-20T01:51:08.009716
BlackFog launches ADX Vision for macOS to curb shadow AI leaks,https://siliconangle.com/2026/06/18/blackfog-launches-adx-vision-macos-curb-shadow-ai-leaks/,SiliconANGLE News,2026-06-18T13:00:03Z,"BlackFog Inc. today launched ADX Vision for macOS, extending its shadow artificial intelligence detection and prevention platform to Apple Inc. endpoints so security teams can apply one data-loss policy across Windows and Mac fleets. The anti-data exfiltratio…",True,2026-06-20T01:51:08.009718
Tuya Inc. Announces Results of Annual General Meeting,https://www.prnewswire.com/news-releases/tuya-inc-announces-results-of-annual-general-meeting-302804100.html,PRNewswire,2026-06-18T13:00:00Z,"SANTA CLARA, Calif., June 18, 2026 /PRNewswire/ -- Tuya Inc. (""Tuya"" or the ""Company"") (NYSE: TUYA; HKEX: 2391), a global leading AI cloud platform service provider, today announced the results of its annual general meeting (the ""Annual General Meeting"") held…",True,2026-06-20T01:51:08.009719
Interfacial engineering of nitrogen-doped silicon carbide for reliable hybrid bonding in advanced semiconductor integration,https://pubs.rsc.org/en/content/articlelanding/2026/tc/d6tc00900j,Royal Society of Chemistry,2026-06-18T23:00:00Z,"J. Mater. Chem. C, 2026, Advance ArticleDOI: 10.1039/D6TC00900J, Review ArticleHaibo Yang, Yihao Meng, Lirui Zhang, Fei Ding, Yu Zhang, Yudong Yang, Qiushi Kang, Chuan Chen, Renxi Jin, Liqiang Cao, Qidong WangThis review summarizes engineering strategies for …",False,2026-06-20T01:51:08.386321
Interfacial removal of amoxicillin from water using a dendrimer-functionalized graphene–silica hybrid: mechanistic insights and validation in real samples,https://www.nature.com/articles/s41598-026-56504-7,Nature.com,2026-06-18T11:21:55Z,Scientific Reports - Interfacial removal of amoxicillin from water using a dendrimer-functionalized graphene–silica hybrid: mechanistic insights and validation in real samples,True,2026-06-20T01:51:08.386333
Marcin Wichary on designing finger-friendly interactions,https://aresluna.org/show-your-hands-honor/,Aresluna.org,2026-06-19T01:33:01Z,"an interactive essay demonstrating all the ways interfaces can interfere with our motor skills
 (via) #",True,2026-06-20T01:51:08.632931
NVIDIA 699140280000 DPU Firmware 24.39.5172,https://drivers.softpedia.com/get/NETWORK-CARD/Nvidia/NVIDIA-699140280000-DPU-Firmware-24-39-5172.shtml,Softpedia.com,2026-06-18T23:47:01Z,"Firmware which is added at the time of manufacturing, is used to run user programs on the device and can be thought of as the software that allows hardware to run. Embedded firmware is used to control the functions of various hardware devices and systems, muc…",False,2026-06-20T01:51:08.632944
NVIDIA MBF2H516A-EEEO DPU Firmware 24.39.5172,https://drivers.softpedia.com/get/NETWORK-CARD/Nvidia/NVIDIA-MBF2H516A-EEEO-DPU-Firmware-24-39-5172.shtml,Softpedia.com,2026-06-18T23:30:01Z,"Firmware which is added at the time of manufacturing, is used to run user programs on the device and can be thought of as the software that allows hardware to run. Embedded firmware is used to control the functions of various hardware devices and systems, muc…",False,2026-06-20T01:51:08.632947
NVIDIA MBF2H516C-CESO DPU Firmware 24.39.5172,https://drivers.softpedia.com/get/NETWORK-CARD/Nvidia/NVIDIA-MBF2H516C-CESO-DPU-Firmware-24-39-5172.shtml,Softpedia.com,2026-06-18T23:17:01Z,"Firmware which is added at the time of manufacturing, is used to run user programs on the device and can be thought of as the software that allows hardware to run. Embedded firmware is used to control the functions of various hardware devices and systems, muc…",False,2026-06-20T01:51:08.632949
Researchers Turn Old Junk Drawer Smartphones Into a Mini Cloud Computing Platform,https://www.cnet.com/tech/mobile/researchers-turn-old-junk-drawer-smartphones-into-a-decent-mini-cloud-computing-platform/,CNET,2026-06-18T22:48:55Z,Score one for effective e-waste recycling.,True,2026-06-20T01:51:08.632951
NVIDIA MBF2H536C-CESO DPU Firmware 24.39.5172,https://drivers.softpedia.com/get/NETWORK-CARD/Nvidia/NVIDIA-MBF2H536C-CESO-DPU-Firmware-24-39-5172.shtml,Softpedia.com,2026-06-18T22:44:01Z,"Firmware which is added at the time of manufacturing, is used to run user programs on the device and can be thought of as the software that allows hardware to run. Embedded firmware is used to control the functions of various hardware devices and systems, muc…",False,2026-06-20T01:51:08.632953
NVIDIA MBF2M516A-CEEO DPU Firmware 24.39.5172,https://drivers.softpedia.com/get/NETWORK-CARD/Nvidia/NVIDIA-MBF2M516A-CEEO-DPU-Firmware-24-39-5172.shtml,Softpedia.com,2026-06-18T22:30:01Z,"Firmware which is added at the time of manufacturing, is used to run user programs on the device and can be thought of as the software that allows hardware to run. Embedded firmware is used to control the functions of various hardware devices and systems, muc…",False,2026-06-20T01:51:08.632954
NVIDIA MBF2M516C-CESO DPU Firmware 24.39.5172,https://drivers.softpedia.com/get/NETWORK-CARD/Nvidia/NVIDIA-MBF2M516C-CESO-DPU-Firmware-24-39-5172.shtml,Softpedia.com,2026-06-18T21:54:02Z,"Firmware which is added at the time of manufacturing, is used to run user programs on the device and can be thought of as the software that allows hardware to run. Embedded firmware is used to control the functions of various hardware devices and systems, muc…",False,2026-06-20T01:51:08.632958
NVIDIA 900-9D3B4-00CC-E DPU Firmware 32.39.5172,https://drivers.softpedia.com/get/NETWORK-CARD/Nvidia/NVIDIA-900-9D3B4-00CC-E-DPU-Firmware-32-39-5172.shtml,Softpedia.com,2026-06-18T21:39:01Z,"Firmware which is added at the time of manufacturing, is used to run user programs on the device and can be thought of as the software that allows hardware to run. Embedded firmware is used to control the functions of various hardware devices and systems, muc…",False,2026-06-20T01:51:08.632961
NVIDIA 900-9D3B4-00PN-E DPU Firmware 32.39.5172,https://drivers.softpedia.com/get/NETWORK-CARD/Nvidia/NVIDIA-900-9D3B4-00PN-E-DPU-Firmware-32-39-5172.shtml,Softpedia.com,2026-06-18T21:27:02Z,"Firmware which is added at the time of manufacturing, is used to run user programs on the device and can be thought of as the software that allows hardware to run. Embedded firmware is used to control the functions of various hardware devices and systems, muc…",False,2026-06-20T01:51:08.632962
Mehrere Probleme in Linux (SUSE),https://www.pro-linux.de/sicherheit/2/105025/sicherheit-mehrere-probleme-in-linux.html,Pro-Linux,2026-06-18T21:21:40Z,"Kostenlose Nachrichten, Web-Support und Foren rund um Linux, OpenSource und Freie Software. Angebote wie News, Berichte, Workshops, Tipps, Links und Kalender.",False,2026-06-20T01:51:08.632965
NVIDIA 900-9D3B6-00CC-A DPU Firmware 32.39.5172,https://drivers.softpedia.com/get/NETWORK-CARD/Nvidia/NVIDIA-900-9D3B6-00CC-A-DPU-Firmware-32-39-5172.shtml,Softpedia.com,2026-06-18T21:11:01Z,"Firmware which is added at the time of manufacturing, is used to run user programs on the device and can be thought of as the software that allows hardware to run. Embedded firmware is used to control the functions of various hardware devices and systems, muc…",False,2026-06-20T01:51:08.632966
NVIDIA 900-9D3B6-00SC-A DPU Firmware 32.39.5172,https://drivers.softpedia.com/get/NETWORK-CARD/Nvidia/NVIDIA-900-9D3B6-00SC-A-DPU-Firmware-32-39-5172.shtml,Softpedia.com,2026-06-18T20:54:01Z,"Firmware which is added at the time of manufacturing, is used to run user programs on the device and can be thought of as the software that allows hardware to run. Embedded firmware is used to control the functions of various hardware devices and systems, muc…",False,2026-06-20T01:51:08.632968
NVIDIA 900-9D3B6-00SV-A DPU Firmware 32.39.5172,https://drivers.softpedia.com/get/NETWORK-CARD/Nvidia/NVIDIA-900-9D3B6-00SV-A-DPU-Firmware-32-39-5172.shtml,Softpedia.com,2026-06-18T20:40:02Z,"Firmware which is added at the time of manufacturing, is used to run user programs on the device and can be thought of as the software that allows hardware to run. Embedded firmware is used to control the functions of various hardware devices and systems, muc…",False,2026-06-20T01:51:08.632973
NVIDIA 900-9D3C6-00SV-DA DPU Firmware 32.39.5172,https://drivers.softpedia.com/get/NETWORK-CARD/Nvidia/NVIDIA-900-9D3C6-00SV-DA-DPU-Firmware-32-39-5172.shtml,Softpedia.com,2026-06-18T20:30:01Z,"Firmware which is added at the time of manufacturing, is used to run user programs on the device and can be thought of as the software that allows hardware to run. Embedded firmware is used to control the functions of various hardware devices and systems, muc…",False,2026-06-20T01:51:08.632974
Running Out of Storage? These Prime Day SSD Deals Are Here to Save Your Files,https://www.cnet.com/deals/best-prime-day-ssd-deals-2026-06-18/,CNET,2026-06-18T18:11:00Z,"It’s no secret that storage is getting pricier, which is exactly why you shouldn't pass up these early discounts.",True,2026-06-20T01:51:08.632977
The Big Idea: Joseph Eckert,https://whatever.scalzi.com/2026/06/18/the-big-idea-joseph-eckert/,Scalzi.com,2026-06-18T17:56:28Z,"Many of us dream of time travel, but what if that travel was thrust upon you randomly and unwillingly? Author Joseph Eckert brings us a fresh take on time travel in his new novel, The Traveler. Venture on through his Big Idea to see when and where this unique…",True,2026-06-20T01:51:08.632980
'Unavoidable': Apple Plans Price Increases as the AI Memory Chip Crisis Worsens,https://www.breitbart.com/tech/2026/06/18/unavoidable-apple-plans-price-increases-as-the-ai-memory-chip-crisis-worsens/,Breitbart News,2026-06-18T17:36:16Z,"Apple CEO Tim Cook announced in an exclusive interview that the technology giant will raise prices on its products due to unprecedented increases in memory and storage chip costs driven by AI demand.
The post ‘Unavoidable’: Apple Plans Price Increases as the …",True,2026-06-20T01:51:08.632981
"My 5-year-old 5600X is still good enough for 2026, and I'm not upgrading to AM5",https://www.xda-developers.com/my-old-5600x-is-still-good-enough-for-2026/,XDA Developers,2026-06-18T16:00:23Z,I ditched my upgrade plans after realizing my current CPU can satisfy my gaming needs,True,2026-06-20T01:51:08.632986
Best early Prime Day mini PC deals: Save big on tiny computers,https://www.pcworld.com/article/2828494/best-prime-day-mini-pc-deals.html,PCWorld,2026-06-18T15:10:46Z,"Amazon Prime Day is one of the best times of the year to score a mini PC deal. These compact machines have exploded in popularity thanks to their tiny footprints, surprisingly strong performance, and wallet-friendly prices. Whether you need a capable producti…",True,2026-06-20T01:51:08.632988
"Signet City is an RPG where you play a brain fungus feeding off the emotions of your host, like a mushroom-themed Monsters, Inc",https://www.rockpapershotgun.com/signet-city-is-an-rpg-where-you-play-a-brain-fungus-feeding-off-the-emotions-of-your-host-like-a-mushroom-themed-monsters-inc,Rock Paper Shotgun,2026-06-18T15:03:29Z,"The broil of ideas that make up Signet City have been growing in Gareth Damian Martin's head for years and they're about fit to burst. The creator of In Other Waters and Citizen Sleeper describes their new game as a first-person fungalpunk RPG, a game that dr…",True,2026-06-20T01:51:08.632989
Building a robotics research setup that lives next to my desk,https://dfdxlabs.com/research/2026/robotics-setup/,Dfdxlabs.com,2026-06-18T14:51:53Z,"The first note in an independent robotics research project: a complete tabletop manipulation setup—industrial arm, two cameras, teleoperation, and a software stack built from scratch—for under €5,000.",True,2026-06-20T01:51:08.632990
Get Ready for a More Expensive iPhone 18,https://gizmodo.com/get-ready-for-a-more-expensive-iphone-18-2000773597,Gizmodo.com,2026-06-18T14:44:00Z,Is Apple Intelligence really worth spiking iPhone and Mac prices?,False,2026-06-20T01:51:08.632991
Neuromorphic computing may one day offer AI a power-saving brainwave,https://www.theregister.com/science/2026/06/18/neuromorphic-computing-may-one-day-offer-ai-a-power-saving-brainwave/5258316,Theregister.com,2026-06-18T14:01:33Z,"Hybrid systems could bring efficiency gains at the edge, but conventional infrastructure isn't going anywhere fast",True,2026-06-20T01:51:08.632993
Multi-scale closed-loop tuning via spatial frequency collaborative sensitivity for rice leaf disease detection,https://journals.plos.org/plosone/article?id=10.1371/journal.pone.0351727,Plos.org,2026-06-18T14:00:00Z,"Rice is a fundamental food source for more than half of the global population, making stable yields and quality improvements vital for food security and sustainable agricultural development. Early infections of rice leaf diseases often exhibit subtle symptoms…",True,2026-06-20T01:51:08.632995
"The validity and reliability of a biometrically accurate, photorealistic set of young adult body size scales based on 3D scans of White Europeans",https://journals.plos.org/plosone/article?id=10.1371/journal.pone.0351658,Plos.org,2026-06-18T14:00:00Z,Young adults are a high-risk group for weight-related health problems but are often overlooked in weight management intervention design. Validated visual tools that accurately depict body size are needed to improve communication and intervention strategies. T…,True,2026-06-20T01:51:08.632997
Learning engages transient and sustained cellular mechanisms in the human brain,https://journals.plos.org/plosbiology/article?id=10.1371/journal.pbio.3003861,Plos.org,2026-06-18T14:00:00Z,Understanding structural neuroplasticity in humans is challenging because in vivo methods rarely capture underlying cellular mechanisms driving learning-related brain changes. This study shows that learning induces transient cell-body expansion and sustained …,True,2026-06-20T01:51:08.632998
Chemo-omic pipeline enables discovery of prion synaptotoxic pathways and inhibitory drugs,https://journals.plos.org/plospathogens/article?id=10.1371/journal.ppat.1014314,Plos.org,2026-06-18T14:00:00Z,"Author summary The mechanism by which prions propagate has been extensively studied, but how they cause neurodegenerative changes is still uncertain. The earliest effects of prion infection occur at the level of the synapse, and we previously established an e…",True,2026-06-20T01:51:08.632999
A deep learning-based automated Solar-Powered Fish Monitoring System,https://journals.plos.org/plosone/article?id=10.1371/journal.pone.0351628,Plos.org,2026-06-18T14:00:00Z,"Green fish farming represents an integrated aquaculture approach that rears aquatic organisms in controlled environments to improve production efficiency and environmental sustainability. Although significant, current green fish farming practices are labour-i…",True,2026-06-20T01:51:08.633001
GMKtec’s EVO-X3 Crams 128 GB Memory and AMD’s Ryzen AI MAX+ 395 Into a PS4-Sized Workstation to Take On NVIDIA’s DGX Spark,https://wccftech.com/gmktec-evo-x3-128-gb-memory-amd-ryzen-ai-max-395-ps4-sized-workstation/,Wccftech,2026-06-18T13:25:20Z,"GMKtec is finally lifting the curtains off its EVO-X3 Workstation PC, which houses the AMD Ryzen AI MAX+ 395 and 128 GB memory. EVO-X3 Is Going To Be A Powerful Workstation PC For Local AI As GMKtec Crams 128 GB Memory & Ryzen AI MAX+ 395 In A PS4-Sized Chass…",True,2026-06-20T01:51:08.633002
Exchange Traded Concepts Announces Launch of PurePlay Nvidia Ecosystem Picks & Shovels Index ETF (Nasdaq: NVPS) with PurePlay ETFs,https://www.prnewswire.com/news-releases/exchange-traded-concepts-announces-launch-of-pureplay-nvidia-ecosystem-picks--shovels-index-etf-nasdaq-nvps-with-pureplay-etfs-302803742.html,PRNewswire,2026-06-18T12:30:00Z,"OKLAHOMA CITY, June 18, 2026 /PRNewswire/ -- Exchange Traded Concepts, LLC (""ETC"") today announced, in conjunction with PurePlay ETFs, the launch of the PurePlay Nvidia Ecosystem Picks & Shovels Index ETF (Nasdaq: NVPS). This passive exchange-traded funds tha…",True,2026-06-20T01:51:08.633003
Facebook Down Now? Facebook Experiences Widespread Outage Affecting Users Globally,https://www.ibtimes.com.au/meta-platforms-experience-widespread-outage-1870841,Ibtimes.com.au,2026-06-18T11:50:51Z,"Meta platforms, including Facebook and Instagram, faced a significant outage affecting users worldwide. The disruption highlighted vulnerabilities in social media infrastructure, impacting businesses and individual users alike.",False,2026-06-20T01:51:08.633008
"Trump confirms Apple, Intel partnership to make chips: Will it impact smartphone prices?",https://www.livemint.com/companies/news/trump-confirms-apple-intel-partnership-to-make-chips-will-it-impact-smartphone-prices-11781781064618.html,Livemint,2026-06-18T11:16:39Z,US President Donald Trump said on Thursday that Apple has agreed to work with Intel to design and manufacture its chips in the United States.,True,2026-06-20T01:51:08.633010
What is artificial intelligence (AI)?,https://www.databricks.com/blog/what-is-artificial-intelligence,Databricks.com,2026-06-18T08:51:03Z,"* AI’s impact comes from its breadth: the same pattern-recognition capabilities now power everything from fraud detection and medical imaging to personalization and content generation.
* AI capability is advancing faster than AI reliability, making evaluatio…",True,2026-06-20T01:51:08.633012
"Why Applied Materials, Inc. (AMAT)’s New Launch Matters More Than It Looks",https://finance.yahoo.com/markets/stocks/articles/why-applied-materials-inc-amat-080820141.html,Yahoo Entertainment,2026-06-18T08:08:20Z,"Applied Materials, Inc. (NASDAQ:AMAT) is among the stocks with the best earnings growth for the next 3 years. On June 15, Applied Materials, Inc. (NASDAQ:AMA...",False,2026-06-20T01:51:08.633013
What to Expect from Apple’s Next-Generation M5 Mac Mini and Studio,https://www.geeky-gadgets.com/macbook-ultra-oled-rumors/,Geeky Gadgets,2026-06-18T07:30:52Z,"Apple’s recent “Scary Fast” event may not have unveiled the highly anticipated M5 Mac mini or M5 Mac Studio, but emerging reports suggest these devices are on the horizon. With advancements in chip technology, macOS 27 enhancements, and evolving supply chain …",False,2026-06-20T01:51:08.633015
"Seoul Stocks Surpass 9,000 for First Time as Chip Rally Powers Record High",https://www.ibtimes.com.au/kospi-surpasses-9000-points-ai-driven-semiconductor-surge-1870818,Ibtimes.com.au,2026-06-18T06:46:33Z,"South Korea's KOSPI index surpassed 9,000 points, driven by semiconductor demand and AI investments, marking a significant milestone in the global technology market.",False,2026-06-20T01:51:08.633017
(PR) SK hynix Ships Samples of 12-Layer Next-Gen HBM4E,https://www.techpowerup.com/350079/sk-hynix-ships-samples-of-12-layer-next-gen-hbm4e,Techpowerup.com,2026-06-18T06:21:13Z,"SK hynix Inc. announced today that it has shipped samples of HBM4E, a next-generation DRAM for AI, to major customers. ""The company was able to deliver samples of the 12-stack HBM4E on schedule thanks to its advanced HBM development and production expertise f…",False,2026-06-20T01:51:08.633018
Show HN: Push vs. Pull Agent Memory?,https://github.com/H-XX-D/recall-memory-substrate,Github.com,2026-06-18T03:03:48Z,"Article URL: https://github.com/H-XX-D/recall-memory-substrate
Comments URL: https://news.ycombinator.com/item?id=48580203
Points: 1
# Comments: 0",True,2026-06-20T01:51:08.633019
面板級封裝題材熱 群創漲停創高、友達勁揚7.24%,https://consent.yahoo.com/v2/collectConsent?sessionId=1_cc-session_8001c096-53fd-4157-948b-28b3e79cea74,Yahoo Entertainment,2026-06-18T07:30:37Z,（中央社記者潘智義台北18日電）受惠扇出型面板級封裝（FOPLP）技術題材，群創今天收在漲停板64.4元，突破6月初的60.5元高點，再創新高；友達收28.15元，勁揚7.24%。,False,2026-06-20T01:51:08.812230
熱門股／燒燙燙包子出爐 群創衝這麼高,https://consent.yahoo.com/v2/collectConsent?sessionId=1_cc-session_db0634e2-c4d3-4a13-a2b2-caca59e15097,Yahoo Entertainment,2026-06-18T04:28:00Z,近期一直傳說打入低軌衛星、佈局FOPLP有成的群創（3481）才剛從處置股出關，今（18）日股價帶量震盪走高，午盤衝上漲停價位，上漲5.8元，站上64.4元的近年新高價位，成交量已逾80萬張，暫居台股成交量排行榜冠軍。,False,2026-06-20T01:51:08.812241
FOPLP race heats up as Innolux reportedly teams with TSMC,https://www.digitimes.com/news/a20260617PD231/foplp-technology-ai-chip-tsmc-innolux.html,Digitimes,2026-06-18T02:46:57Z,"As AI chip technology advances, larger chip sizes and heterogeneous integration packaging are driving bigger package dimensions, pushing semiconductor makers to adopt FOPLP over FOWLP and improve manufacturing efficiency by ""replacing round with square."" DIGI…",True,2026-06-20T01:51:08.812243
"로옴, '저손실·고내성' 650V 내압 4세대 IGBT 개발",https://zdnet.co.kr/view/?no=20260619102414,Zdnet.co.kr,2026-06-19T01:45:54Z,"[지디넷코리아]로옴(ROHM)이 디바이스 구조를 개선해 전력 손실을 줄이고 내구성을 높인 차세대 전력 반도체를 선보였다. 로옴은 차량용 전동 컴프레서, 고전압(HV) 히터 및 산업기기용 인버터에 최적화한 650V 내압 제4세대 IGBT를 개발했다고 19일 밝혔다.신제품은 차량용 650V 클래스 제품 중 업계 최고 수준인 1.55V의 낮은 도통손실을 달성했다. 도통손실은 전력 반도체가 켜진 상태에서 전류가 흐를 때, 반도체 자체 내부 저항 때문에 발생하는 에너지…",True,2026-06-20T01:51:09.483921
株式会社ヘテロスタックス、リアルテックファンドを引受先とする第三者割当増資を実施,https://prtimes.jp/main/html/rd/p/000000001.000184739.html,Prtimes.jp,2026-06-19T01:40:39Z,"[株式会社ヘテロスタックス]
[画像: https://prcdn.freetls.fastly.net/release_image/184739/1/184739-1-5d42e3724a11cbcf8a5c779c3ac052bb-2475x1654.jpg?width=536&quality=85%2C75&format=jpeg&auto=webp&fit=bounds&amp...",True,2026-06-20T01:51:09.483931
Golden Wave girls working in newcomers,https://www.djournal.com/sports/high-school/golden-wave-girls-working-in-newcomers/article_a36d5eb3-b939-493e-8579-24855819e0e6.html,Northeast Mississippi Daily Journal,2026-06-19T01:02:00Z,"BOONEVILLE — If Tupelo’s girls are to return to Jackson, the road will be paved largely by new faces. The Golden Wave are breaking in four new starters this summer. The team reached the state championship game three years in a row (winning it all in 2024 and …",True,2026-06-20T01:51:09.483933
Trump Claims He Got ‘Unconditional Surrender’ From Iran,https://freerepublic.com/focus/f-chat/4384432/posts,Freerepublic.com,2026-06-19T00:51:19Z,President Donald Trump told Marc Caputo of Axios on Thursday that the U.S. had bombarded Iran into “unconditional surrender.” His remarks came a day after he signed a memo of understanding meant to end the current war. Pundits and politicians from across the …,True,2026-06-20T01:51:09.483934
reflex-jupyter-renderer-react added to PyPI,https://pypi.org/project/reflex-jupyter-renderer-react/,Pypi.org,2026-06-19T00:08:27Z,A native Reflex component wrapping jupyter-renderer-react to render Jupyter notebooks (.ipynb) in pure Python.,True,2026-06-20T01:51:09.483936
A rapist. An Epstein chum. And a shaman who once sold medallions to 'prevent Covid'. Meet the royal family who put Windsors' troubles in the shade,https://www.dailymail.com/news/article-15912571/Epstein-shaman-sold-medallions-prevent-Covid-royal-family-Windsors.html,Dailymail.com,2026-06-18T23:19:22Z,"Marius Borg Hoiby, son of Crown Princess Mette-Marit, was found guilty of two charges of rape, six of sexual molestation and six of 'reckless behaviour', among a total of 34 charges.",False,2026-06-20T01:51:09.483937
Apple Musicで「Tokyo Highway Radio」第229回の配信開始。Up Next Japan選出のSWEEがゲスト出演,https://arigato-ipod.com/2026/06/apple-music-tokyo-highway-radio-ep229.html,Arigato-ipod.com,2026-06-18T23:18:48Z,Apple Musicラジオ番組「Tokyo Highway Radio with Mino」の、エピソード229が配信開始されています。 動画クリエイターの「みの」がホストを務める、国内アーティストの新曲を中心に紹介するプログラムです。,True,2026-06-20T01:51:09.483939
"Jediný správný Linux nikdy neexistoval, nikdy nebude a právě to je skvělé",https://www.root.cz/clanky/jediny-spravny-linux-nikdy-neexistoval-nikdy-nebude-a-prave-to-je-skvele/,Root.cz,2026-06-18T22:00:00Z,"Navzdory směřování linuxového světa k jisté formě monoteistického náboženství na bázi systemd + Waylandu alternativy stále žijí a mají se čile k světu. Ten jediný správný Linux existoval možná v roce 1991, ale už v roce 1993 jsme si mohli říci, že kouzlo je v…",True,2026-06-20T01:51:09.483940
"Alvo da PF, amigo de Jaques Wagner é casado com desembargadora do TJBA",https://www.metropoles.com/colunas/tacio-lorran/alvo-da-pf-amigo-de-jaques-wagner-e-casado-com-desembargadora-do-tjba,Metropoles.com,2026-06-18T19:45:05Z,"Guilherme Henrique Sodré é tido como “melhor amigo” de Jaques Wagner e foi alvo da PF por ser um ""articulador"" do Master com o senador",True,2026-06-20T01:51:09.483941
"O milagre da reforma: o ""não é não"" a Ventura virou ""sim""",https://observador.pt/programas/e-o-vencedor-e/o-milagre-da-reforma-o-nao-e-nao-a-ventura-virou-sim/,Observador.pt,2026-06-18T19:06:45Z,"André Ventura parece ter tido um sonho proveitoso com Luís Montenegro. O ""não é não"" transformou-se subitamente numa vitória, com direito a cambalhotas ideológicas sobre turnos e amamentação.",False,2026-06-20T01:51:09.483943
The oldest Baby Boomers turn 80 in 2026 (From the better late than never dept),https://freerepublic.com/focus/f-news/4384353/posts,Freerepublic.com,2026-06-18T18:11:33Z,"Baby Boomers will soon reach another milestone: In 2026, the oldest members of this generation will turn 80. The Baby Boom generation refers to adults born between 01/01/1946 and 12/31/1964. The name reflects the sharp and prolonged increase in fertility that…",True,2026-06-20T01:51:09.483944
The case against the West: Just who enabled Gaza’s destruction?,https://www.thejournal.ie/readme/trump-peace-plan-7075249-Jun2026/,TheJournal.ie,2026-06-18T18:00:48Z,"Fintan Drury’s new book, Genocide: Sponsoring the Destruction of Gaza, is out today. In it, he argues that the scale of Israel’s destruction of Gaza would not have been possible without Western support.",True,2026-06-20T01:51:09.483945
"""They are not Japanese, predominately Pakistani Muslim rape gangs"": Rupert Lowe reignites UK Grooming Gang inquiry debate",https://economictimes.indiatimes.com/news/new-updates/they-are-not-japanese-predominately-pakistani-muslim-rape-gangs-rupert-lowe-reignites-uk-grooming-gang-inquiry-debate/articleshow/131838078.cms,The Times of India,2026-06-18T17:44:35Z,"British MP Rupert Lowe has reignited debate over grooming gangs, challenging the term ""Asian grooming gangs"" and calling them ""Pakistani Muslim rape gangs."" This follows an independent report linking a majority of perpetrators to Pakistani Muslim heritage and…",True,2026-06-20T01:51:09.483946
Catholic Caucus: Daily Mass Readings 18-June-2026,https://freerepublic.com/focus/f-religion/4384345/posts,Freerepublic.com,2026-06-18T17:26:59Z,"18 June 2026 Thursday of week 11 in Ordinary Time Kloster Schönau (near Gemünden am Main) Readings at MassLiturgical Colour: Green. Year: A(II).First readingEcclesiasticus 48:1-15The spirit of Elijah fills ElishaThe prophet Elijah arose like a fire, his word …",True,2026-06-20T01:51:09.483948
Senator Jon Ossoff Roasted For Seemingly Staging His Own Media Appearance,https://dailycaller.com/2026/06/18/senator-jon-ossoff-tmz-staged-interview-propaganda-scripted/,The Daily Caller,2026-06-18T17:24:28Z,Senator Jon Ossoff is being trolled for seemingly pulling one of the oldest celebrity stunts in the books - calling the paparazzi to put attention on himself.,True,2026-06-20T01:51:09.483949
"""Julián López"" es delantero y también es argentino",https://www.mundodeportivo.com/futbol/fc-barcelona/20260618/1004196710/julian-lopez-delantero-argentino.html,Mundodeportivo.com,2026-06-18T17:23:58Z,"Un 'lapsus linguae' de Enrique Cerezo, presidente del Atlético de Madrid, al mostrar su hartazgo por tener que responder desde hace meses una y otra vez sobre el futuro de su estrella Julián Álvarez dio pie a una curiosa confusión. Cuestionado por la oferta r…",True,2026-06-20T01:51:09.483950
Dem Senate hopeful under fire for resurfaced comments calling cops 'opportunistic cowards',https://www.foxnews.com/politics/dem-senate-hopeful-under-fire-resurfaced-comments-calling-cops-opportunistic-cowards,Fox News,2026-06-18T17:23:47Z,Graham Platner's anti-law enforcement Reddit posts resurfaced as the far-left populist seeks to unseat Sen. Susan Collins in Maine's Senate race.,True,2026-06-20T01:51:09.483952
Minor league baseball team cancels Pride Night ballgame — but still holds Pride Night to punish players,https://www.theblaze.com/fearless/minor-league-baseball-team-cancels-pride-night-ballgame-but-still-holds-pride-night-to-punish-players,TheBlaze,2026-06-18T17:15:00Z,A minor league baseball team was left completely at odds with its own players this week over a gay Pride celebration.The York Revolution is a team in the Atlantic League of Professional Baseball — an official MLB partner league — at the center of controversy …,True,2026-06-20T01:51:09.483953
Agressor do ator Adérito Lopes continua sob investigação,https://observador.pt/programas/onde-para-o-caso/agressor-do-ator-aderito-lopes-continua-sob-investigacao/,Observador.pt,2026-06-18T16:02:45Z,"Um ano depois, caso das agressões ao ator Adérito Lopes, no Teatro A Barraca, continua em investigação. Inquérito está em segredo de justiça e só ""recentemente"" é que advogados acederam ao processo.",False,2026-06-20T01:51:09.483954
UK grooming gangs scandal erupts anew as independent Rape Gang Inquiry Report sparks international fury,https://en.protothema.gr/2026/06/18/uk-grooming-gangs-scandal-erupts-anew-as-independent-rape-gang-inquiry-report-sparks-international-fury/,Protothema.gr,2026-06-18T15:23:36Z,"UK erupts in outrage over the Rape Gang Inquiry Report exposing grooming scandals, institutional failures, and scrutiny on PM Keir Starmer’s CPS past
The post UK grooming gangs scandal erupts anew as independent Rape Gang Inquiry Report sparks international f…",True,2026-06-20T01:51:09.483956
UFC legend slams 'disgusting' fighter who made vile Michelle Obama slur at Trump's White House event,https://www.dailymail.com/sport/mma/article-15909659/ufc-daniel-cormier-josh-hokit-michelle-obama-slander.html,Dailymail.com,2026-06-18T15:18:35Z,"The furious backlash follows UFC Freedom 250, a unique event hosted directly on the White House lawn by President Trump, where Josh Hokit made a vile remark during his interview.",False,2026-06-20T01:51:09.483957
"Flávia Viana desabafa após filho ir parar no hospital: ""Desesperador""",https://www.metropoles.com/colunas/fabia-oliveira/flavia-viana-desabafa-apos-filho-ir-parar-no-hospital-desesperador,Metropoles.com,2026-06-18T15:11:01Z,"A ex-BBB7 Flávia Viana usou os stories do Instagram, na quarta-feira (17/6), para contar o susto que levou ao saber que Gabriel, de 5 anos, estava com dor",True,2026-06-20T01:51:09.483958
Sealed with a kiss! 'Stepmum in the bed' viral couple pack on PDA while inspecting $2.3million mansion... as furious dad makes a desperate move after jail release,https://www.dailymail.com/news/article-15909569/Sealed-kiss-Stepmum-bed-viral-couple-pack-PDA-inspecting-2-3million-mansion-furious-dad-makes-desperate-jail-release.html,Dailymail.com,2026-06-18T14:44:34Z,They sparked outrage when they were caught in bed - now the controversial pair are flaunting their romance while eyeing a waterfront mansion.,False,2026-06-20T01:51:09.483960
Indignidade moral (na CNN portuguesa),https://delitodeopiniao.blogs.sapo.pt/indignidade-moral-na-cnn-portuguesa-19829880,Sapo.pt,2026-06-18T14:35:00Z,"Há mais de quatro anos que o major-general Agostinho Costa insulta não apenas o Presidente Zelenski, mas todo o povo ucraniano - alvo de atrocidades por parte da Federação Russa, ininterruptamente, desde Fevereiro de 2022. Mais do que isto: insulta também a i…",False,2026-06-20T01:51:09.483964
Klue OAuth breach linked to 'Icarus' Salesforce data theft attacks,https://www.bleepingcomputer.com/news/security/klue-oauth-breach-linked-to-icarus-salesforce-data-theft-attacks/,BleepingComputer,2026-06-18T14:19:50Z,"Market intelligence platform Klue suffered a OAuth breach that enabled the ""Icarus"" threat actors to steal Salesforce CRM data from multiple organizations in an ongoing extortion campaign. [...]",False,2026-06-20T01:51:09.483965
Michelle Obama reveals she saved her choking friend's life at dinner while 'useless' daughter Malia just sat at the table,https://www.dailymail.com/news/article-15910649/michelle-obama-saved-choking-friend-dinner-useless-malia.html,Dailymail.com,2026-06-18T14:14:29Z,"The former first lady, 62, said she performed the Heimlich maneuver on her choking friend while her 'useless' daughter Malia and her friends stood idly by.",False,2026-06-20T01:51:09.483967
"La UE cambia las normas y ya aplica la ""directiva de los desayunos"" que cambia para siempre los zumos y mermeladas en los supermercados",https://www.huffingtonpost.es/life/consumo/la-ue-cambia-normas-aplica-directiva-desayunos-cambia-siempre-zumos-mermeladas-supermercados-f202606.html,Huffingtonpost.es,2026-06-18T13:38:09Z,"<![CDATA[<p>Ya está en vigor. La UE ya está aplicando una directiva muy esperada y que representa uno de los mayores cambios que verás en el mundo de la alimentación este 2026. Un cambio que demuestra que en la Eurozona se legisla hasta el detalle, como suced…",True,2026-06-20T01:51:09.483969
Canada’s Parliament officially passes ‘Bible ban’ Bill C-9,https://freerepublic.com/focus/f-news/4384302/posts,Freerepublic.com,2026-06-18T13:32:45Z,"Canada’s House rejected a final attempt to stop Bill C-9, which threatens to criminalize quoting the Bible, including on homosexuality.OTTAWA, Ontario (LifeSiteNews) — A final attempt to stop Bill C-9 was defeated, meaning that the bill, which threatens to cr…",True,2026-06-20T01:51:09.483970
Can You See The Climate Scare Slowly Fading Away?,https://freerepublic.com/focus/f-chat/4384300/posts,Freerepublic.com,2026-06-18T13:24:11Z,"I have often noted that the climate scam and the associated forced energy transition would of necessity go away at some point because the proposals being advocated to “save the planet” could never possibly work. But the open question has always been, when tha…",True,2026-06-20T01:51:09.483972
¿A qué penas de prisión se enfrentarían las hijas de Zapatero?,https://www.libertaddigital.com/espana/2026-06-18/a-que-penas-de-prision-se-enfrentarian-las-hijas-de-zapatero-7423119/,Libertaddigital.com,2026-06-18T13:05:22Z,"El juez no se ha pronunciado en el auto sobre los delitos que les imputa, pero deja entrever que hará caso a los pedidos por la Fiscalía.",True,2026-06-20T01:51:09.483973
Fnac Portugal fortalece ligação à cultura urbana,https://observador.pt/2026/06/18/fnac-portugal-fortalece-ligacao-a-cultura-urbana-com-patrocinio-ao-programa-pop-up-da-radio-observador-ate-janeiro-de-2027/,Observador.pt,2026-06-18T11:17:15Z,A marca líder no retalho cultural junta-se ao consagrado formato radiofónico da Rádio Observador numa parceria que celebra a curadoria e o debate sobre a cultura de massas contemporânea.,False,2026-06-20T01:51:09.483974
Combustíveis deverão ficar mais baratos na próxima semana. Saiba quanto!,https://pplware.sapo.pt/motores/combustiveis-deverao-ficar-mais-baratos-na-proxima-semana-saiba-quanto/,Sapo.pt,2026-06-18T11:07:13Z,"Numa rara boa notícia para quem anda de carro, tanto o preço da gasolina como do gasóleo deverá descer a partir de segunda-feira, com os combustíveis a seguirem a tendência de queda do petróleo...",True,2026-06-20T01:51:09.483976
“Elles balayent tellement de préjugés qu’elles en deviennent des exemples” : dans l’intimité des femmes trans à Tel-Aviv,https://www.telerama.fr/television/elles-balayent-tellement-de-prejuges-qu-elles-en-deviennent-des-exemples-dans-l-intimite-des-femmes-trans-a-tel-aviv-7031675.php,Telerama.fr,2026-06-18T11:00:16Z,"Arte diffuse jeudi 18 juin le dernier volet de la trilogie nocturne de Yolande Zauberman. Pour la documentariste, ses héroïnes “prouvent qu’il est possible de se réinventer à partir d’une blessure”.",True,2026-06-20T01:51:09.483977
"Mondiali, Dazn cambia la grafica internazionale di Portogallo-Congo: il rischio figuraccia era dietro l’angolo",https://www.ilfattoquotidiano.it/2026/06/18/mondiali-2026-dazn-modifica-grafica-portogallo-congo-notizie/8422690/,Ilfattoquotidiano.it,2026-06-18T09:52:35Z,"Una forma di prevenzione, un modo per evitare di avvicinarsi a una bestemmia, una fuga dallo scivolone e dall’effetto meme. La partita tra il Portogallo e la Repubblica Democratica del Congo, disputata ieri – mercoledì 17 giugno – alle ore 19 italiane e trasm…",True,2026-06-20T01:51:09.483978
SiC cuts AI data center costs; 5% efficiency gain saves US$5 billion,https://www.digitimes.com/news/a20260618PD225/renesas-sic-data-center-efficiency-electricity.html,Digitimes,2026-06-18T07:38:49Z,"Power is now compute, and it is becoming a major driver of AI data center build costs. Renesas technical director Mu-Sen Lin said traditional data centers rely on low-voltage AC (LVAC), long wiring runs, and repeated AC-to-DC conversions through uninterruptib…",True,2026-06-20T01:51:09.483980
Julián Álvarez aguanta la presión y mantiene su palabra al Barça,https://www.mundodeportivo.com/futbol/fc-barcelona/20260618/1004196357/julian-alvarez-aguanta-presion-mantiene-palabra-barca.html,Mundodeportivo.com,2026-06-18T04:31:00Z,"El FC Barcelona sigue trabajando en silencio para fichar un delantero centro, con Julián Álvarez (26 años) como gran objetivo para sustituir a Robert Lewandowski. La disputa del Mundial ha abierto una situación de ‘impasse’ en la que la presencia del atacante…",True,2026-06-20T01:51:09.483981
"Corey Feldman, 54, breaks silence after suffering health scare on flight to LA... and blames 'misdiagnosis' for sparking fan concern",https://www.dailymail.com/tvshowbiz/article-15909793/corey-feldman-breaks-silence-health-scare-flight-misdiagnosis.html,Dailymail.com,2026-06-18T04:28:56Z,"The actor, 54, was aboard a flight from Chicago to Los Angeles on Monday when he began feeling ill and paramedics met him at the gate when he landed.",False,2026-06-20T01:51:09.483983
AI浪潮席捲全球資料中心，功率半導體迎來結構性上行與漲價潮,https://tw.stock.yahoo.com/news/ai%E6%B5%AA%E6%BD%AE%E5%B8%AD%E6%8D%B2%E5%85%A8%E7%90%83%E8%B3%87%E6%96%99%E4%B8%AD%E5%BF%83-%E5%8A%9F%E7%8E%87%E5%8D%8A%E5%B0%8E%E9%AB%94%E8%BF%8E%E4%BE%86%E7%B5%90%E6%A7%8B%E6%80%A7%E4%B8%8A%E8%A1%8C%E8%88%87%E6%BC%B2%E5%83%B9%E6%BD%AE-040626049.html,Yahoo Entertainment,2026-06-18T04:06:26Z,【財訊快報／記者張家瑋報導】隨著AI伺服器/資料中心對底層電力架構改變，大電流功率元件需求呈現等比級數上揚，MOSFET、二極體功率元件及相關電源管理IC族群上演噴出秀。法人指出，由底層電源端到最前端晶片全面性的電能升級，功率元件晶片需求呈現爆炸式成長，加上晶圓代工產能短缺，2026上半年已陸續調漲售價，進而在基本面上，相關族群下半年將迎來營收獲利結構性的雙重擴張，成為這波全球AI資料中心建置潮中最大受惠者。隨...,False,2026-06-20T01:51:09.483984
"Восстание в Албании против передачи острова Сазан компании Близость Партнеры принадлежащей Джареду Кушнеру и Луису Видегараю, Альфредо Халифе-Рахме",https://www.voltairenet.org/article224722.html,Red Voltaire,2026-06-18T03:40:27Z,"Инвестиции в недвижимость Джареда Кушнера, зятя президента Трампа и участника переговоров от США по Украине и Ближнему Востоку, вызывают серьёзную обеспокоенность. Помимо отмывания денег и коррупции местных чиновников, главный вопрос заключается в том, каковы…",True,2026-06-20T01:51:09.483985
"A «Doutrina Dahiya» e o uso desproporcional da força por Israel em Beirute, Alfredo Jalife-Rahme",https://www.voltairenet.org/article224724.html,Red Voltaire,2026-06-18T03:02:00Z,"Israel, tirando as lições da sua derrota de 2006, dotou-se, sem o menor escrúpulo, da sua «Doutrina Dahiya» : considerar as populações que lhe resistem como forças combatentes ; uma doutrina que lhe permite massacrar civis sem limite. Já a aplicou em Gaza e a…",True,2026-06-20T01:51:09.483986
Precise modulation of atomic surface arrangement in high-entropy alloys for oxygen evolution,https://pubs.rsc.org/en/content/articlelanding/2026/cc/d6cc02126c,Royal Society of Chemistry,2026-06-18T23:00:00Z,"Chem. Commun., 2026, Accepted ManuscriptDOI: 10.1039/D6CC02126C, CommunicationLei Feng, Qiyan Lin, Guangyuan Xu, Yi Duan, Lijin Gan, Si Chen, Huan YanConventional synthetic strategies for high-entropy alloys (HEAs) generally lack precise control over the spat…",False,2026-06-20T01:51:09.685090
El cronograma de la Fiesta Nacional de La noche más larga que se celebra en Ushuaia y tiene su cierre este domingo,https://www.lanacion.com.ar/lifestyle/el-cronograma-de-la-fiesta-nacional-de-la-noche-mas-larga-que-se-celebra-en-ushuaia-y-tiene-su-nid18062026/,La Nacion,2026-06-18T22:44:53Z,"Con recitales, espectáculos culturales y propuestas para toda la familia, la ciudad más austral vive una nueva edición de una de sus celebraciones más emblemáticas",True,2026-06-20T01:51:09.685101
Johor’s economy thriving - so why is cost of living a likely hot-button issue for state election?,https://www.channelnewsasia.com/asia/johor-state-election-economy-income-housing-development-6187596,CNA,2026-06-18T22:00:00Z,A North-South divide in wealth distribution means some Johoreans struggle to keep up with rising costs – a potential key issue in the Jul 11 state polls.,True,2026-06-20T01:51:09.685103
30W Anker 511 Charger (Nano 3) PIQ 3.0 USB-C GaN Fast Charger (3 Colors) $12 + Free S&H,https://slickdeals.net/f/19644669-30w-anker-511-charger-nano-3-piq-3-0-usb-c-gan-fast-charger-3-colors-12-free-s-h,Slickdeals.net,2026-06-18T21:47:50Z,Anker Official Store via Newegg [newegg.com] has *30W Anker 511 Charger (Nano 3) USB-C GaN Fast Charger (Phantom Black)* on sale for $15.99 - $4.00 off when you apply promo code EDF27953 at checkout...,True,2026-06-20T01:51:09.685104
Anker 140W 4-Port USB-C GaN Laptop Charger w/ Touch Controls (B2697) $62 + Free Shipping (1 replies),https://slickdeals.net/f/19645785-anker-140w-4-port-usb-c-gan-laptop-charger-w-touch-controls-b2697-62-free-shipping,Slickdeals.net,2026-06-18T21:30:41Z,"Newegg [newegg.com] has Anker Laptop Charger, 140W MAX USB C Charger, 4-Port Multi-Device Fast Charging, Advanced GaN Power Adapter, Intuitive Touch Controls, for MacBook, iPhone 16 Series, Samsung Ga",True,2026-06-20T01:51:09.685106
Odysight.ai® Clarifies its Disciplined Approach to Capital Raising,https://www.globenewswire.com/news-release/2026/06/18/3314521/0/en/Odysight-ai-Clarifies-its-Disciplined-Approach-to-Capital-Raising.html,GlobeNewswire,2026-06-18T20:05:00Z,"Ramat Gan, Israel, June 18, 2026 (GLOBE NEWSWIRE) -- Odysight.ai® (NASDAQ/TASE: ODYS) provided additional information regarding its previously announced at-the-market (“ATM”) offering program, clarifying its disciplined approach to capital raising.",True,2026-06-20T01:51:09.685107
Infineon wins patent infringement case against Innoscience,https://www.prnewswire.com/news-releases/infineon-wins-patent-infringement-case-against-innoscience-302804722.html,PRNewswire,2026-06-18T17:49:00Z,"MUNICH, June 18, 2026 /PRNewswire/ -- The District Court Munich, Germany (Landgericht München I) today ruled in favor of Infineon Technologies in two further of the patent infringement cases – specifically one based on a patent one based on a utility model – …",True,2026-06-20T01:51:09.685108
"30W Anker 511 Charger (Nano 3) USB-C GaN Fast Charger (Black, Green or White) $11.99 + Free Shipping",https://slickdeals.net/f/19644669-30w-anker-511-charger-nano-3-usb-c-gan-fast-charger-black-green-or-white-11-99-free-shipping,Slickdeals.net,2026-06-18T16:21:25Z,Anker Official Store via Newegg [newegg.com] has *30W Anker 511 Charger (Nano 3) USB-C GaN Fast Charger (Phantom Black)* on sale for $15.99 - $4.00 off when you apply promo code EDF27953 at checkout...,True,2026-06-20T01:51:09.685110
"Netzteil, Tracker und Lautsprecher: Frühstarter beim Prime Day",https://www.iphone-ticker.de/netzteil-tracker-und-lautsprecher-fruehstarter-beim-prime-day-279959/,iphone-ticker.de › iPhone-News seit 2007,2026-06-18T16:13:05Z,"Die ersten Prime-Day-Angebote sind bereits online und sorgen vor dem eigentlichen Aktionszeitraum für neue Tiefstpreise bei mehreren Zubehörprodukten, die wir in den vergangenen Monaten bereits vorgestellt haben. Besonders interessant sind derzeit das kompakt…",True,2026-06-20T01:51:09.685111
Los miembros Prime pueden obtener acceso anticipado al cargador USB-C de 65W de Anker a su precio más bajo histórico en Amazon,https://es.gizmodo.com/los-miembros-prime-pueden-obtener-acceso-anticipado-al-cargador-usb-c-de-65w-de-anker-a-su-precio-mas-bajo-historico-en-amazon-2000241610,Gizmodo.com,2026-06-18T16:05:43Z,"El Anker 65W USB-C Fast Charger (Nano II) baja en Amazon y se queda como uno de esos cargadores pequeños que terminan sustituyendo a varios adaptadores viejos: carga rápida, tamaño compacto y potencia suficiente para móvil, tablet e incluso portátil compatibl…",False,2026-06-20T01:51:09.685113
WeGear 140W GaN USB C Charger Block for $46 w/ Prime + free shipping,https://www.dealnews.com/We-Gear-140-W-Ga-N-USB-C-Charger-Block-for-46-w-Prime-free-shipping/21842358.html,Dealnews.com,2026-06-18T15:15:32Z,"A 140W output means you can fast-charge a laptop, tablet, and phone simultaneously from a single outlet, which makes this useful if you travel or work from a bag and want to cut down on the number of chargers you carry. It's currently $46, down from $80 list.…",True,2026-06-20T01:51:09.685114
"Best USB Chargers 2026: Our tested phone and laptop charger picks, from compact GaN to budget charging bliss",https://www.tomshardware.com/peripherals/usb/best-usb-chargers,Tom's Hardware UK,2026-06-18T15:15:14Z,"We tested 20 laptop and phone chargers, ranging from cheap no-name 15W options to 140W beasts. Find out what stood out as the best.",True,2026-06-20T01:51:09.685117
Dieses 65W Ladegerät mit ausziehbarem Ladekabel liefert volle Power für Xiaomi-Geräte,https://www.china-gadgets.de/cuktech-cp6-ladegeraet/,China-gadgets.de,2026-06-18T15:00:17Z,"Mit dem CUKTECH CP6 liefert der Hersteller ein neues 65W GaN-Ladegerät, das direkt mit einem ziemlich cleveren Ansatz um die Ecke kommt. Statt nur Anschlüsse zu verbauen, sitzt im Gehäuse ein integriertes, ausziehbares USB-C-Kabel. Dazu gibt es noch zwei weit…",True,2026-06-20T01:51:09.685118
lectura-tts-monospeaker 2.1.0,https://pypi.org/project/lectura-tts-monospeaker/2.1.0/,Pypi.org,2026-06-18T14:57:25Z,Synthese vocale neuronale monospeaker francais — Matcha-Conformer + HiFi-GAN (ONNX),True,2026-06-20T01:51:09.685119
"FSP на Computex 2026 показала блок питания Cannon на 3,3 кВт, корпуса для ИИ-ПК и СЖО AL36, настраиваемая без приложений",https://www.ixbt.com/news/2026/06/18/fsp-computex-2026-cannon-3-3-al36.html,Ixbt.com,2026-06-18T14:06:00Z,,True,2026-06-20T01:51:09.685121
"MacStories Setups Update: Batteries, Chargers, E-Ink Note-Taking, and Videogames",https://www.macstories.net/news/macstories-setups-update-batteries-chargers-e-ink-note-taking-and-videogames/,MacStories,2026-06-18T13:59:59Z,"It’s beta season, which is as good an excuse as any to mix up our setups with new gadgets and apps. Between travel, preparing for our OS review research and writing sprint, and revisiting Apple system apps, the past few months have resulted in changes to our …",False,2026-06-20T01:51:09.685122
Sinan Erdem'de tamam mı devam mı maçı! Finalde avantaj Fenerbahçe'de,https://spor.haber7.com/basketbol/haber/3636618-sinan-erdemde-tamam-mi-devam-mi-maci-finalde-avantaj-fenerbahcede,Haber7.com,2026-06-18T13:09:00Z,"Türkiye Sigorta Basketbol Süper Ligi play-off final serisi dördüncü ayağında Beşiktaş GAİN, yarın Fenerbahçe Beko'yu konuk edecek.",True,2026-06-20T01:51:09.685125
Odysight.ai® Receives Purchase Order from Honeywell Aerospace APU Division to Launch Proof of Concept of Odysight.ai's Advanced Predictive Maintenance Vision-Based Monitoring System on Honeywell Aerospace Auxiliary Power Units Portfolio,https://www.globenewswire.com/news-release/2026/06/18/3314258/0/en/Odysight-ai-Receives-Purchase-Order-from-Honeywell-Aerospace-APU-Division-to-Launch-Proof-of-Concept-of-Odysight-ai-s-Advanced-Predictive-Maintenance-Vision-Based-Monitoring-System.html,GlobeNewswire,2026-06-18T13:05:00Z,"Ramat Gan, Israel, June 18, 2026 (GLOBE NEWSWIRE) -- Odysight.ai® (NASDAQ/TASE: ODYS) today announced the receipt of a purchase order from Honeywell Aerospace APU Division for a proof-of-concept (PoC) collaboration to evaluate Odysight.ai’s visual sensing pla…",True,2026-06-20T01:51:09.685127
lectura-tts-monospeaker 2.0.0,https://pypi.org/project/lectura-tts-monospeaker/2.0.0/,Pypi.org,2026-06-18T12:37:44Z,Synthese vocale neuronale monospeaker francais — Matcha-Conformer + HiFi-GAN (ONNX),True,2026-06-20T01:51:09.685128
'I've lived at that boarding school. The girls can't fool me into thinking they're okay',https://www.haaretz.com/science-and-health/2026-06-18/ty-article-magazine/ive-lived-at-that-school-the-girls-cant-fool-me-into-thinking-theyre-okay/0000019e-d450-dda8-adde-def449970000,Haaretz,2026-06-18T12:24:23Z,"After surviving years of sexual abuse and self-harm, Moriyah Fluss arrived at a therapeutic boarding school for traumatized girls. She then returned as a counselor, guiding them through the darkness she knows so well",False,2026-06-20T01:51:09.685129
AMD R7 8745H 处理器：宏碁非凡 Go 锐龙版笔记本 3999 → 3491 元国补新低,https://www.ithome.com/0/966/232.htm,Ithome.com,2026-06-18T12:11:13Z,"宏碁 · 非凡 Go 锐龙版开售于 2025 年 4 月，官方定价 3999 元。京东 618 大促期间，按下方步骤下单，叠加 PLUS 立减 + 15% 国补后 3491.54 元：<ul><li>领 500-60 元券：点此查看。
</li><li>领 500-51 元优惠券：点击下方卡片，跳转商品页面，弹窗领取。
</li><li>晒单再返 50 元 E 卡。
</li></ul>京东宏碁 非凡 Go 锐龙版锐龙 7 8745H 16G 1TB 国补后 3491.54 元直达链接京东无门槛红包至高 2…",True,2026-06-20T01:51:09.685131
Enphase Energy Begins Shipments of GaN-Based 548 VA IQ9S Commercial Microinverters in the United States,https://www.globenewswire.com/news-release/2026/06/18/3314099/20176/en/Enphase-Energy-Begins-Shipments-of-GaN-Based-548-VA-IQ9S-Commercial-Microinverters-in-the-United-States.html,GlobeNewswire,2026-06-18T12:00:00Z,"FREMONT, Calif., June 18, 2026 (GLOBE NEWSWIRE) -- Enphase Energy, Inc. (NASDAQ: ENPH), a global energy technology company, today announced that it began production shipments of its IQ9S-3P™ Commercial Microinverter, the company's most powerful microinverter …",True,2026-06-20T01:51:09.685132
The best summer tech and gadgets to pack in 2026,https://www.androidauthority.com/best-summer-tech-2026-3678457/,Android Authority,2026-06-18T11:48:32Z,"From power banks and chargers to luggage trackers and more, these are the essential summer tech gadgets you need for your travels.",True,2026-06-20T01:51:09.685133
Venture Kick backs Minysa with €163K for GaN chip development,https://biztoc.com/x/bed5000e956d4cd1,Biztoc.com,2026-06-18T11:09:02Z,"Swiss electronics
startup Minysa has secured €163,000 (CHF150,000) from Venture Kick to
accelerate the development of its next-generation gallium nitride (GaN) control
chips for high-performance power electronic systems.
Founded by Salem Abid, Minysa develops…",True,2026-06-20T01:51:09.685135
700GHz 벽 넘은 국산 GaN 반도체…아이브이웍스 기술로 세계 최고 성능 달성,https://www.venturesquare.net/1092020/,Venturesquare.net,2026-06-18T10:48:25Z,"아이브이웍스의 선택적 재성장 기술 'reGaN'을 적용한 GaN 트랜지스터가 세계 최초로 최대 발진 주파수 742GHz를 기록하며 700GHz 장벽을 돌파했다. 경북대 연구팀과 공동 개발한 이번 성과는 반도체 최고 권위 학회인 VLSI 2026에서 공개됐으며, 차세대 6G 통신과 국방용 테라헤르츠 반도체 시장에서 GaN 기술 경쟁력을 입증한 사례로 평가된다. 특히 아이브이웍스의 reGaN 기술은 접촉 저항을 이론 한계 수준까지 낮추며 초고주파 성능 향상에 핵심…",True,2026-06-20T01:51:09.685136
Thấy gì từ việc công dân Việt Nam chết trong trung tâm giam giữ di trú Mỹ,https://www.bbc.com/vietnamese/articles/cm203nmz2l2o,BBC News,2026-06-18T09:44:35Z,Một bài phân tích mới đây của hãng thông tấn Reuters cho thấy tỷ lệ tử vong tại các trung tâm giam giữ người nhập cư của Mỹ tăng gấp đôi dưới thời Tổng thống Donald Trump.,True,2026-06-20T01:51:09.685137
岩田剛典、FM802公開収録に初登場　三代目JSBの15周年ツアーやソロへの熱い想いを語った模様が一部OA決定,https://getnews.jp/archives/3725148,Getnews.jp,2026-06-18T09:30:00Z,,True,2026-06-20T01:51:09.685139
Basketbol Süper Ligi'nde şampiyon yarın belli olabilir,https://www.aa.com.tr/tr/spor/basketbol-super-liginde-sampiyon-yarin-belli-olabilir/3970490,Anadolu Agency,2026-06-18T08:10:52Z,"Fenerbahçe Beko, yarın deplasmanda Beşiktaş GAİN ile yapacağı Türkiye Sigorta Basketbol Süper Ligi play-off final serisi dördüncü maçını kazanması durumunda şampiyonluğunu ilan edecek.",False,2026-06-20T01:51:09.685140
Basketbol Süper Ligi play-off final serisinde dördüncü maç yarın oynanacak,https://www.hurriyet.com.tr/sporarena/basketbol-super-ligi-play-off-final-serisinde-dorduncu-mac-yarin-oynanacak-43209469,Hurriyet.com.tr,2026-06-18T07:12:38Z,"Basketbol Süper Ligi play-off final serisinde dördüncü maç gerçekleşecek.  Seride 2-1 üstünlüğe sahip Fenerbahçe Beko, kazanması durumunda 2025-2026 sezonunun şampiyonu olacak.",True,2026-06-20T01:51:09.685141
Basketbol Süper Ligi play-off final serisinde dördüncü maç yarın oynanacak,https://www.aa.com.tr/tr/spor/basketbol-super-ligi-play-off-final-serisinde-dorduncu-mac-yarin-oynanacak/3970403,Anadolu Agency,2026-06-18T07:09:28Z,"Türkiye Sigorta Basketbol Süper Ligi play-off final serisi dördüncü ayağında Beşiktaş GAİN, yarın Fenerbahçe Beko'yu konuk edecek.",False,2026-06-20T01:51:09.685142
"Albert Serra – In Conversation With China’s Bi Gan – and Carla Simón, Nicolás Méndez, Turbo Shorts Capture Spain’s Creative Take-Off at Shanghai",https://variety.com/2026/film/global/albert-serra-bi-gan-carla-simon-nicolas-mendez-turbo-1236784674/,Variety,2026-06-18T06:22:13Z,"In the last two years, Spanish directors have had more films in Cannes Festival main competition – five – than any other country in the world.  On June 17, Prime Video announced that Spain was its No. 1 non-English export force, recently scoring as many hits …",True,2026-06-20T01:51:09.685144
全訊股東會通過配息2.5元、配股1元，國防標案推升營運穩健成長,https://tw.stock.yahoo.com/news/%E5%85%A8%E8%A8%8A%E8%82%A1%E6%9D%B1%E6%9C%83%E9%80%9A%E9%81%8E%E9%85%8D%E6%81%AF2-5%E5%85%83-%E9%85%8D%E8%82%A11%E5%85%83-%E5%9C%8B%E9%98%B2%E6%A8%99%E6%A1%88%E6%8E%A8%E5%8D%87%E7%87%9F%E9%81%8B%E7%A9%A9%E5%81%A5%E6%88%90%E9%95%B7-055510550.html,Yahoo Entertainment,2026-06-18T05:55:10Z,【財訊快報／記者張家瑋報導】功率放大器廠全訊(5222)股東會通過2025年營業報告書暨盈餘分配案，每股配發現金2.5元及股票1元。面對全球軍工微波需求持續攀升，全訊持續強化GaAs/GaN高頻高功率放大器、毫米波SSPA、低軌衛星通訊模組等核心技術，推動營運進入新一階段成長。全訊表示，去年在軍用GaAs/GaN高功率放大器、收發模組及歐洲與以色列軍工客戶的研發與量產需求維持穩健，已成功量產多款高頻固態功率放大器，並與國內外客戶洽談不同頻段產品的量產計畫...,False,2026-06-20T01:51:09.685145
openmotion-sdk 1.8.0,https://pypi.org/project/openmotion-sdk/1.8.0/,Pypi.org,2026-06-18T23:29:35Z,Python library to communicate with STM32 for loading FPGA and camera sensors (OpenMOTION).,True,2026-06-20T01:51:09.902571
fvm-formal 1.0.0rc3,https://pypi.org/project/fvm-formal/1.0.0rc3/,Pypi.org,2026-06-18T16:55:56Z,A Formal Verification Methodology for ASIC and FPGA designs,True,2026-06-20T01:51:09.902581
【原创】如何利用网卡TSN硬件特性实现EtherCAT 确定性发帧与 DC 同步？ - 沐多,https://www.cnblogs.com/wsg1100/p/20641934,Cnblogs.com,2026-06-18T14:25:00Z,本文以 Rockchip RK3576 + stmmac + IgH 为例，重点解析 TSN 在 EtherCAT 主站中的应用。针对 EtherCAT 发送抖动受 OS调度制约的痛点，讲清如何用 TSN 的 EST 门控与 Launch Time 把每帧发送时刻下沉到网卡 PHC硬件，实现无抖动发...,True,2026-06-20T01:51:09.902583
Ο πρώτος πυραυλοκινητήρας υγρών καυσίμων… made in Greece,https://www.naftemporiki.gr/techscience/2126003/o-protos-pyraylokinitiras-ygron-kaysimon-made-in-greece/,Naftemporiki.gr,2026-06-18T12:59:16Z,"Μια ιδιαίτερα σημαντική και τεχνολογική πρωτιά για τα δεδομένα της αεροδιαστημικής κατέγραψε η φοιτητική ομάδα αεροδιαστημικής ASAT (Aristotle Space and Aeronautics Team), του Τμήματος Μηχανολόγων Μηχανικών της Πολυτεχνικής Σχολής του…
Ο πρώτος πυραυλοκινητήρ…",True,2026-06-20T01:51:09.902585
Ιστορική πρωτιά για το ΑΠΘ: Η φοιτητική ομάδα ASAT δοκίμασε με επιτυχία τον πρώτο ελληνικό πυραυλοκινητήρα υγρών προωθητικών,https://www.protothema.gr/greece/article/1836984/istoriki-protia-gia-to-apth-i-foititiki-omada-asat-dokimase-me-epituhia-ton-proto-elliniko-puraulokinitira/,Protothema.gr,2026-06-18T09:31:00Z,Ολοκληρώθηκαν με απόλυτη ασφάλεια οι επίγειες στατικές δοκιμές στη Βόρεια Ελλάδα – Το in-house επίτευγμα των φοιτητών που ανοίγει τον δρόμο για πτήσεις στα 1.5 Mach | ΑΠΘ | Ελλάδα,True,2026-06-20T01:51:09.902586
首次加入节电模式，Analogue Pocket 掌机获 2.6.0 固件更新,https://www.ithome.com/0/966/128.htm,Ithome.com,2026-06-18T08:23:25Z,IT之家 6 月 18 日消息，Analogue Pocket FPGA 复古掌机现已获得 2.6.0 固件更新，大小约 55MB，首次带来节电模式，同时改进系统操作体验、提升 openFPGA 运行速度。据介绍，本次更新最大的变化之一，就是加入了节电模式。用户可自行设定屏幕在没有操作多久后自动降亮度，以及设备在没有操作多久后自动关机。默认设置下，机器会在 5 分钟后自动调低屏幕亮度，并在 2 小时后自动关机。同时，Analogue 还重新设计了 PocketOS 系统的菜单结构，使界面变得更加易用。本次更新还修…,True,2026-06-20T01:51:09.902587
Update für Retro-Handheld: Ana­logue Pocket erhält erst­mals Energiesparfunktionen,https://www.computerbase.de/news/gaming/update-fuer-retro-handheld-analogue-pocket-erhaelt-erstmals-energiesparfunktionen.97970/,ComputerBase,2026-06-18T07:31:00Z,"Analogue hat das Firmware-Update 2.6.0 für den FPGA-Handheld Pocket veröffentlicht. Die neue Version bringt unter anderem erstmals Energiesparfunktionen auf die Retro-Konsole, verbessert die Bedienung, beschleunigt openFPGA und erweitert die Unterstützung des…",True,2026-06-20T01:51:09.902589
En güçlü karma gerçeklik gözlüğü: XREAL Aura tanıtıldı,https://www.donanimhaber.com/xreal-aura-tanitildi-iste-fiyati-ve-ozellikleri--207023,Donanimhaber.com,2026-06-18T20:50:00Z,"XREAL, Snapdragon Reality Elite işlemci ve Android XR platformuyla çalışan karma gerçeklik gözlüğünü tanıttı. XREAL Aura, 1500 dolardan daha düşük başlangıç fiyatıyla belli ülkelerde satışa çıkacak.",True,2026-06-20T01:51:10.223890
"A survey of 64 limestone caves in Cambodia, reported in March 2026, turned up around 11 species new to science, among them a turquoise pit viper, a flying snake, geckos, micro-snails and millipedes",https://spacedaily.com/m-cambodia-limestone-caves-11-new-species/,Space Daily,2026-06-18T18:00:41Z,"A multi-year biodiversity survey of limestone caves in western Cambodia has documented at least 11 species apparently new to science, among them a pit viper, several geckos, micro-snails and millipedes. The work was led by the conservation charity Fauna & Flo…",True,2026-06-20T01:51:10.223902
"Nos habían dicho que el Micro RGB de Samsung era muy caro pero esta oferta te deja una de 55"" por menos de lo que cuesta una OLED",https://www.xatakahome.com/territorio-samsung/nos-habian-dicho-que-micro-rgb-samsung-era-muy-caro-esta-oferta-te-deja-55-que-cuesta-oled,Xatakahome.com,2026-06-18T17:30:17Z,"Si nos sigues habitualmente, ya sabrás que Samsung este año apuesta por el Micro RGB por encima del OLED. Su nueva gama 2026 de televisores incluye estos nuevos paneles que ofrecen ventajas tanto de los orgánicos como de los LCD y destacan sobre todo por cubr…",True,2026-06-20T01:51:10.223904
Radiant Monitor 2 is a sunlight-visible portable monitor with a transflective LCD display,https://liliputing.com/radiant-monitor-2-is-a-sunlight-visible-portable-monitor-with-a-transflective-lcd-display/,Liliputing,2026-06-18T16:16:12Z,"The Radiant Monitor 2 is a portable monitor with a 15.6 inch, 1920 x 1080 pixel, 60 Hz LED backlit touchscreen display. But what sets it apart from most portable monitors is that it has a transflective LCD display. That means that you can use the backlight to…",True,2026-06-20T01:51:10.223905
Highlights from NeoCon and Fulton Market Design Days 2026,https://gbdmagazine.com/neocon-and-design-days-2026/,Gbdmagazine.com,2026-06-18T15:54:19Z,"Story at a glance: More than 55,000 commercial design professionals attended this year’s NeoCon and Fulton Market Design Days events in Chicago. Bold color was a major player across furniture, fabrics, and more at this year’s shows. Designers were excited to …",True,2026-06-20T01:51:10.223907
"Rokid kommt zur VivaTech 2026 nach Paris und kooperiert mit Krysto, um die Verfügbarkeit seiner Smart-Brillen in Frankreich auszubauen.",https://www.prnewswire.com/news-releases/rokid-kommt-zur-vivatech-2026-nach-paris-und-kooperiert-mit-krysto-um-die-verfugbarkeit-seiner-smart-brillen-in-frankreich-auszubauen-302804498.html,PRNewswire,2026-06-18T14:25:00Z,"PARIS, 18. Juni 2026 /PRNewswire/ -- Rokid, ein weltweit führender Pionier im Bereich KI-gestützter Smart-Brillen und der Mensch-Computer-Interaktion, nahm erstmals an der VivaTech 2026 teil, einer weltweit führenden Veranstaltung für Innovation. Neben der Au…",True,2026-06-20T01:51:10.223908
Rokid participe au VivaTech 2026 à Paris et s'associe à Krysto pour étendre la disponibilité de ses lunettes connectées en France,https://www.prnewswire.com/news-releases/rokid-participe-au-vivatech-2026-a-paris-et-sassocie-a-krysto-pour-etendre-la-disponibilite-de-ses-lunettes-connectees-en-france-302804490.html,PRNewswire,2026-06-18T14:21:00Z,"PARIS, 18 juin 2026 /PRNewswire/ -- Rokid, pionnier mondial des lunettes intelligentes basées sur l'IA et de l'interaction homme-machine, a participé pour la première fois au VivaTech 2026, l'un des principaux événements mondiaux consacrés à l'innovation. En …",True,2026-06-20T01:51:10.223909
Stocks Rally as President Trump Signs a Preliminary Deal to End the US-Iran War,https://www.barchart.com/story/news/2538897/stocks-rally-as-president-trump-signs-a-preliminary-deal-to-end-the-us-iran-war,Barchart.com,2026-06-18T14:18:58Z,"The S&P 500 Index ($SPX ) (SPY ) today is up +0.73%, the Dow Jones Industrial Average ($DOWI ) (DIA ) is up +0.53%, and the Nasdaq 100 Index ($IUXX ) (QQQ )...",False,2026-06-20T01:51:10.223911
Dow Rebounds 261 Points as Intel-Apple Chip Deal and Iran Peace Accord Lift Wall Street,https://www.ibtimes.com.au/wall-street-rebounds-intel-apple-chip-deal-1870852,Ibtimes.com.au,2026-06-18T13:50:43Z,"Wall Street rebounded as Intel and Apple announced a U.S. chip manufacturing partnership, boosting tech stocks. The Dow Jones rose 261 points, recovering from previous losses due to Fed projections.",False,2026-06-20T01:51:10.223913
Kaleidescape’s new Strato K flagship movie player sharpens its already convincing case against streaming,http://www.popsci.com/gear/kaleidescape-strato-k-native-8k-4k-cinematic-full-chroma-new-flagship-movie-player-first-impressions/,Popular Science,2026-06-18T13:00:00Z,"The latest Kaleidescape hardware is 8K certified and introduces a higher-bitrate 4K Cinematic format built around full-chroma 4:4:4—perfect for the cinephile ready four more color detail.
The post Kaleidescape’s new Strato K flagship movie player sharpens its…",True,2026-06-20T01:51:10.223915
8 Groundbreaking Sci-Fi Comics That Became Collector Favorites,https://www.pfadvice.com/2026/06/18/8-groundbreaking-sci-fi-comics-that-became-collector-favorites/,Pfadvice.com,2026-06-18T11:47:31Z,"Sci-fi comics were a groundbreaking genre in the early 20th century. It is taken for granted today, but sci-fi comics were seen as a moral threat to America’s youth back then. EC Comics and other pioneering comic book publishers were forced to stop publishing…",True,2026-06-20T01:51:10.223916
"TCL 65C8L, la recensione del SQD-Mini LED da 4400 nit misurati",https://www.hwupgrade.it/articoli/audio-video/7271/tcl-65c8l-la-recensione-del-sqd-mini-led-da-4400-nit-misurati_index.html,Hwupgrade.it,2026-06-18T11:45:31Z,"La tecnologia SQD-Mini LED di TCL arriva sul taglio da 65 pollici con la serie C8L: 2040 zone, pannello WHVA 2.0 e un picco che alle rilevazioni delle sonde tocca i 4400 nit nel profilo Filmmaker e un HDR quasi perfetto",True,2026-06-20T01:51:10.223917
김치에서 찾은 차세대 K-유산균…쎌바이오텍·세계김치연구소 협력,https://www.venturesquare.net/1091986/,Venturesquare.net,2026-06-18T10:26:06Z,"쎌바이오텍과 세계김치연구소가 스트레스 완화 기능성을 갖춘 차세대 김치 유산균 개발을 위해 업무협약을 체결했다. 양 기관은 김치 유래 유산균을 활용한 동물실험과 인체적용시험을 공동 추진하고, 쎌바이오텍의 듀얼코팅 기술을 접목해 상용화 가능성을 검증할 계획이다. 이번 협력...
The post 김치에서 찾은 차세대 K-유산균…쎌바이오텍·세계김치연구소 협력 appeared first on 벤처스퀘어.",True,2026-06-20T01:51:10.223919
How to Blow Up an eCommerce Business With Facebook Ads,https://www.socialmediaexaminer.com/?p=278882,Socialmediaexaminer.com,2026-06-18T10:00:00Z,"Are your Facebook ads generating clicks but not customers? Want to stop wasting budget on the wrong audiences at the wrong times? In this article, you'll discover a four-stage system for building Facebook ad accounts that generate consistent profit and scale …",True,2026-06-20T01:51:10.223920
Killing me gently: Inside Gentlemen’s EDR killer framework,https://www.welivesecurity.com/en/eset-research/killing-me-gently-inside-gentlemens-edr-killer-framework/,We Live Security,2026-06-18T09:46:32Z,ESET Research shares the results of a months-long investigation into the suite of EDR killers maintained by the RaaS gang Gentlemen,True,2026-06-20T01:51:10.223921
Rediscover the Art of Gathering with the Luxury Group by Marriott International,https://en.antaranews.com/news/419632/rediscover-the-art-of-gathering-with-the-luxury-group-by-marriott-international,Antaranews.com,2026-06-18T09:25:14Z,"The Luxury Group by Marriott International is launching the third edition of its Luxury Dining Series, offering curated culinary journeys under the theme ...",True,2026-06-20T01:51:10.223923
JBD 发布当前最高分辨率可量产 Micro LED 彩色光引擎走鹃 Ⅱ,https://www.ithome.com/0/966/171.htm,Ithome.com,2026-06-18T09:16:42Z,"IT之家 6 月 18 日消息，JBD（显耀）昨日发布了目前业界可量产的最高分辨率 Micro LED 彩色光引擎“走鹃 Ⅱ”(Roadrunner II)。“走鹃 Ⅱ”基于 JBD 的 2.5μm 像素间距技术平台，体积 0.18cm³，微显示器面板尺寸 0.1""，分辨率 800×600，像素密度 10160ppi，支持 480Hz 面板刷新率。“走鹃 Ⅱ”光通量达到 6lm，在 30° 视场角下角分辨率 (PPD) 达到 30.3，入眼亮度可达 6000nits。同时其中心视场调制传递函数 (MTF) 达到 …",True,2026-06-20T01:51:10.223924
This city had a flooding problem. So it turned to an animal that had been extinct there for 400 years,https://www.cnn.com/2026/06/18/climate/beaver-rewilding-ealing-london-flooding,CNN,2026-06-18T09:05:06Z,"A few hundred feet from a McDonalds’ and a strip mall, sandwiched between busy and polluted roads, is a lush and thriving urban wetland, built by very unusua...",True,2026-06-20T01:51:10.223926
"Coconut Milk Nails : Die Trendmaniküre des Sommers, die wirklich jeder hinbekommt",https://www.brigitte.de/beauty/naegel/coconut-milk-nails--die-neue-trendmanikuere-des-sommers--die-alle-hinbekommen--14011260.html,Brigitte.de,2026-06-18T08:45:00Z,"Im Sommer lieben wir helle, frohe Designs auf unseren Nägeln. An der Umsetzung hapert es aber meist. Umso besser, wenn der neuste Nageltrend des Sommers wirklich simpel ist. Auch du wirst Coconut Milk Nails lieben, wenn du erst einmal weißt, wie leicht sie si…",True,2026-06-20T01:51:10.223927
ITV in World Cup sexism storm as female pundit Emma Hayes does her tactical analysis in a 'kitchen' with blackboard during England's win against Croatia,https://www.dailymail.com/news/article-15910033/ITV-World-Cup-sexism-storm-pundit-Emma-Hayes-does-tactical-analysis-kitchen-blackboard-Englands-win-against-Croatia.html,Dailymail.com,2026-06-18T08:03:14Z,"Viewers questioned why the USA women's boss, who won a record 15 trophies with Chelsea, was given a small chalkboard instead of a digital touchscreen.",False,2026-06-20T01:51:10.223928
"A year in, Cyient CEO reshapes leadership to revive growth",https://www.livemint.com/companies/news/cyient-ceo-sukamal-banerjee-leadership-overhaul-deals-margins-growth-strategy-11781695903297.html,Livemint,2026-06-18T06:13:50Z,"CEO Sukamal Banerjee has brought in at least eight senior executives as the family-led IT firm seeks larger deals, better margins and a turnaround after falling behind peers Coforge and Persistent.",True,2026-06-20T01:51:10.223931
Départs en vacances : 6 caméras intelligentes pour protéger sa maison sans payer le moindre abonnement [Sponso],https://www.frandroid.com/produits-android/maison-connectee/securite-connectee/camera-connectee/3142439_departs-en-vacances-6-cameras-intelligentes-pour-proteger-sa-maison-sans-payer-le-moindre-abonnement,Frandroid,2026-06-18T06:01:00Z,"Les départs en vacances approchent et nombre de Françaises et de Français craignent de voir leur domicile visité. Pour se rassurer comme pour prévenir d’éventuelles intrusions, la caméra de surveillance est un moyen efficace et fiable : et bien moins cher lor…",True,2026-06-20T01:51:10.223932
Test Ray-Ban Meta Blayzer Optics (Gen 2) : les lunettes connectées qui se font enfin oublier,https://www.lesnumeriques.com/lunette-connectee/meta-ray-ban-meta-blayzer-optics-gen-2-p78416/test.html,Les Numériques,2026-06-18T05:00:00Z,"La seconde génération des Ray-Ban Meta promet une monture d’abord pensée pour les porteurs de verres correcteurs. Grande taupe devant l'Éternel, nous avons vissé les Blayzer Optics (avec correction) sur notre nez pendant un mois pour voir si la promesse était…",True,2026-06-20T01:51:10.223933
直擊 LG 首爾電視研發大本營解構 WOLED 電視技術 + 新品全面睇,https://unwire.hk/2026/06/18/lg-woledtv-technology/wireless-home/audio-visual/,Unwire.hk,2026-06-18T04:30:11Z,日前，LG 就邀請了數間本地媒體前往韓國首爾的大本營，深入展示他們的最新 WOLED TV 及其他電視新技術。Edward 亦有幸在受邀之列，現在就與各位 unwire.hk 讀者分享一下這幾天的所見所聞吧，首先會為大家分享他們最新的電視技術，有興趣就要留意內文了。,True,2026-06-20T01:51:10.223935
Teeter FitSpine FX-3 Inversion Table w/ Heat & Vibration Cushion + Mat $399.99 free shipping Costco.com (0 replies),https://slickdeals.net/f/19642143-teeter-fitspine-fx-3-inversion-table-w-heat-vibration-cushion-mat-399-99-free-shipping-costco-com,Slickdeals.net,2026-06-18T02:34:56Z,"https://www.costco.com/p/-/teeter...?langId=-1

$100 OFF
$100 manufacturer's savings is valid 06/13/26 through 06/21/26. While supplies last.
Limit 5 per member.

Exclusive Bundle includes Luxe C",True,2026-06-20T01:51:10.223936
"AI 시대, 대한민국 제조업의 골든타임을 잡아야 한다",https://zdnet.co.kr/view/?no=20260619081653,Zdnet.co.kr,2026-06-19T00:55:34Z,"[지디넷코리아]요즘 대한민국에서는 소버린 인공지능(AI)이 중요한 화두다. 자체 AI 모델을 개발하고, 국가 데이터센터를 구축하며, AI 인재를 육성해야 한다는 목소리가 높다. 모두 필요한 일이다.그러나 우리는 한 가지 질문을 놓치고 있다.AI는 무엇으로 움직이는가.AI는 소프트웨어만으로 존재하지 않는다. AI 반도체가 필요하고, 데이터센터가 필요하며, 막대한 전력을 공급할 전력망이 필요하다. 반도체를 생산하는 소재·부품·장비 산업이 필요하고, 데이터센터에 전…",True,2026-06-20T01:51:10.412014
"SK hynix ships samples of its HBM4E memory: 16Gbps per pin, 48GB capacity per 12-layer stack",https://www.gsmarena.com/sk_hynix_ships_samples_of_its_hbm4e_memory_16gbps_per_pin_48gb_capacity_per_12layer_stack-news-73336.php,GSMArena.com,2026-06-18T21:03:02Z,"AI hardware doesn’t use regular DDR memory – it’s too slow. Instead, the preferred format is High Bandwidth Memory or HBM. SK hynix just announced that it has started delivering samples of the latest HBM4E to its customers.

HBM4E delivers 16Gbps of bandwidth…",True,2026-06-20T01:51:10.412024
英特尔任命李锡熙为代工执行副总裁，强化 AI 芯片先进封装等,https://www.ithome.com/0/966/287.htm,Ithome.com,2026-06-18T20:35:27Z,"IT之家 6 月 19 日消息，英特尔昨日（6 月 18 日）发布公告，宣布任命李锡熙（Seok-Hee Lee）为英特尔代工执行副总裁，直接向 CEO 陈立武（Lip-Bu Tan）汇报，强化 AI 计算能力。李锡熙将全面负责先进封装、系统集成、后端技术开发与后端制造业务，从而提升英特尔为客户提供差异化系统级创新的能力。英特尔 CEO 陈立武表示：先进封装和系统集成正成为下一代计算系统的关键能力。李锡熙在领导复杂大规模技术与制造组织方面拥有深厚专业知识，并具备卓越的运营执行记录。
他的见解将帮助英特尔进一步强…",True,2026-06-20T01:51:10.412027
Por que a Apple vai aumentar preços do iPhone e do Mac por causa de chips de inteligência artificial,https://veja.abril.com.br/economia/por-que-a-apple-vai-aumentar-precos-do-iphone-e-do-mac-por-causa-de-chips-de-inteligencia-artificial/,Abril.com.br,2026-06-18T18:07:53Z,Tim Cook afirma que explosão da IA gerou rali inédito no valor de semicondutores de memória,True,2026-06-20T01:51:10.412028
Roundhill Memory ETF $DRAM crosses $20B in assets under management,https://cryptobriefing.com/roundhill-memory-etf-dram-20b-aum/,Crypto Briefing,2026-06-18T14:54:13Z,"DRAM's rapid growth highlights a shift towards targeted AI infrastructure investments, emphasizing memory's critical role in tech evolution.
The post Roundhill Memory ETF $DRAM crosses $20B in assets under management appeared first on Crypto Briefing.",True,2026-06-20T01:51:10.412031
"Micron reports earnings on June 24, expects record revenue growth driven by AI memory demand",https://cryptobriefing.com/micron-earnings-june-record-revenue-ai-memory/,Crypto Briefing,2026-06-18T14:34:24Z,"Micron's AI-driven growth could reshape tech investment strategies, highlighting the critical role of memory in future AI infrastructure.
The post Micron reports earnings on June 24, expects record revenue growth driven by AI memory demand appeared first on C…",True,2026-06-20T01:51:10.412034
記憶體夯 華邦電傳切入輝達供應鏈,https://consent.yahoo.com/v2/collectConsent?sessionId=1_cc-session_0b53d507-4486-452c-b7df-aaba9166017b,Yahoo Entertainment,2026-06-18T14:21:23Z,[NOWNEWS今日新聞]AI伺服器需求持續擴大，記憶體供應吃緊情況也從HBM、DRAM延伸到NORFlash。據《電子時報》報導，輝達新一代VeraRubin平台預計下半年開始放量，記憶體業界傳出，...,False,2026-06-20T01:51:10.412035
Drei Wochen nach Samsung: Jetzt liefert auch SK Hynix erste HBM4E-Musterchips aus,https://www.computerbase.de/news/arbeitsspeicher/drei-wochen-nach-samsung-jetzt-liefert-auch-sk-hynix-erste-hbm4e-musterchips-aus.97984/,ComputerBase,2026-06-18T13:43:00Z,Knapp drei Wochen nach Samsung verkündet auch SK Hynix die Auslieferung der ersten Musterchips des Speicherstandards HBM4E. Die Eckdaten lesen sich identisch: Auf 12 DRAM-Schichten können 48 GB gespeichert werden. Der Durchsatz pro Pin liegt bei bis zu 16 Gbi…,True,2026-06-20T01:51:10.412037
"הסמארטפונים מתייקרים, המכירות קורסות, ואפילו אפל מודה: ""המחירים יעלו""",https://www.ynet.co.il/digital/technews/article/rjhhhibzgx,Ynet,2026-06-18T12:11:51Z,"זינוק חד במחירי הזיכרון, הביקוש האדיר ל-AI ומשבר בשרשרת האספקה מטלטלים את תעשיית הסלולר העולמית. אנליסטים מזהירים מפני ההתכווצות החדה ביותר שנרשמה בשוק, בעוד שהמחירים צפויים לזנק כבר בחודשים הקרובים. כעת גם טים קוק מודה שההתייקרויות הפכו לבלתי נמנעות",True,2026-06-20T01:51:10.412039
Hudbay Celebrates Groundbreaking of New Ingerbelle Expansion at Copper Mountain Mine,https://financialpost.com/globe-newswire/hudbay-celebrates-groundbreaking-of-new-ingerbelle-expansion-at-copper-mountain-mine,Financial Post,2026-06-18T12:05:08Z,"TORONTO, June 18, 2026 (GLOBE NEWSWIRE) — Hudbay Minerals Inc. (“Hudbay” or the “Company”) (TSX, NYSE: HBM) recently celebrated the official groundbreaking of the New Ingerbelle expansion project at its Copper Mountain mine, marking a significant milestone fo…",False,2026-06-20T01:51:10.412040
Apple’da yeni zam kapıda,https://www.hurriyet.com.tr/teknoloji/apple/appleda-yeni-zam-kapida-43210069,Hurriyet.com.tr,2026-06-18T11:57:19Z,"YZ veri merkezlerinin bellek ve depolama çiplerine olan talebi artırması, tüketici elektroniği pazarını da zorlamaya başladı. Apple CEO’su Tim Cook, artan maliyetler nedeniyle ürün fiyatlarında zamların kaçınılmaz hale geldiğini söyledi. Zamların hangi ürünle…",True,2026-06-20T01:51:10.412043
삼성전자 발표 3주 만에 하이닉스도 “HBM4 공급”,https://www.khan.co.kr/article/202606182019015,Khan.co.kr,2026-06-18T11:19:01Z,차세대 메모리 주도권 경쟁 속도‘베이스 다이’ 칩 경쟁이 승부처로삼성전자 ‘종합반도체 역량’ 강조하이닉스 ‘안정적인 양산’ 차별화삼성전자와 SK하이닉스 간 차세대 인공지능(AI) 메모리 시장 공급 경쟁이 달아오르고 있다. 올해 초 6세대 고대역폭메모리(HBM4) 선점 경쟁을 벌인 두 회사가 불과 3주 차이로 HBM4E(7세대) 샘플 공급을 본격화하는 등 차···,False,2026-06-20T01:51:10.412044
Память дорожает: смартфоны на Android подорожают вслед за iPhone,https://www.comss.ru/page.php?id=20981,Comss.ru,2026-06-18T11:01:46Z,"Глава Apple Тим Кук в интервью The Wall Street Journal заявил, что повышение цен на продукцию компании неизбежно из-за резкого роста стоимости оперативной памяти и накопителей. Сроки не названы, но первой подорожать может линейка iPhone 18, а следом и смартфо…",True,2026-06-20T01:51:10.412045
Resonac CEO highlights surging AI chip demand while navigating China supply chain risks,https://cryptobriefing.com/resonac-ceo-ai-demand-china-risks/,Crypto Briefing,2026-06-18T10:47:38Z,"Resonac's strategic maneuvers in AI chip materials and China relations could reshape global semiconductor supply chains and market dynamics.
The post Resonac CEO highlights surging AI chip demand while navigating China supply chain risks appeared first on Cry…",True,2026-06-20T01:51:10.412047
De la debacle del mercado de las memorias emerge una salvación inesperada para el usuario final: los chips chinos,https://www.xataka.com/empresas-y-economia/debacle-mercado-memorias-emerge-salvacion-inesperada-para-usuario-final-chips-chinos,Xataka.com,2026-06-18T10:30:17Z,"La industria de la memoria DRAM se enfrenta a una profunda transformación estructural. Hasta octubre de 2025 el precio de los chips de memoria evolucionó de una forma relativamente estable, pero a partir de ese momento inició una escalada vertiginosa que toda…",True,2026-06-20T01:51:10.412048
realme C100 Review,https://www.yugatech.com/gadget-reviews/realme-c100-review/,Yugatech.com,2026-06-18T10:04:03Z,"The realme C100 is out, and it’s got to be the most affordable smartphone packing a huge 8000mAh battery. Spoiler...
The post realme C100 Review appeared first on YugaTech | Philippines Tech News & Reviews.",True,2026-06-20T01:51:10.412050
NOR-Flash und SLC-NAND: Marktforscher erwarten weiter steigende Preise,https://www.computerbase.de/news/wirtschaft/nor-flash-und-slc-nand-marktforscher-erwarten-weiter-steigende-preise.97968/,ComputerBase,2026-06-18T10:04:00Z,"Die Preise für NOR-Flash und SLC-NAND sind laut TrendForce im ersten Halbjahr 2026 stark gestiegen. Grund dafür ist eine strukturelle Verknappung, weil Speicherhersteller ihre Kapazitäten stärker auf HBM und moderne 3D-NAND-Produkte ausrichten.",True,2026-06-20T01:51:10.412052
South Korea and Japan hit record stock index highs as chipmaker rally accelerates,https://cryptobriefing.com/south-korea-japan-record-highs-chipmakers/,Crypto Briefing,2026-06-18T09:49:34Z,"AI-driven chip demand is reshaping South Korea and Japan's economies, but reliance on volatile tech stocks poses significant market risks.
The post South Korea and Japan hit record stock index highs as chipmaker rally accelerates appeared first on Crypto Brie…",True,2026-06-20T01:51:10.412053
Pénurie de puces : même Apple annonce des hausses de prix,https://www.zdnet.fr/actualites/penurie-de-puces-meme-apple-annonce-des-hausses-de-prix-497191.htm,ZDNet France,2026-06-18T09:36:38Z,"Tim Cook a officialisé une hausse prochaine des tarifs d'Apple, causée par une pénurie de puces mémoire. Une décision qui devrait lourdement impacter le TCO des flottes informatiques professionnelles.",False,2026-06-20T01:51:10.412054
"SK hynix zrobił ruch, którego Samsung nie zignoruje. HBM4E trafia do klientów szybciej, niż wielu zakładało",https://www.purepc.pl/sk-hynix-hbm4e-pamieci-probki-sample-wysylane-do-klientow-szybciej-niz-zakladano,Purepc.pl,2026-06-18T09:00:01Z,"Rynek pamięci HBM dawno przestał kręcić się wyłącznie wokół rekordów przepustowości. Dziś liczy się to, kto potrafi zmieścić więcej pamięci w niższym stosie, utrzymać temperatury w ryzach i zapewnić odpowiedni wolumen dla producentów akceleratorów AI. SK hyni…",True,2026-06-20T01:51:10.412057
SK Hynix and Samsung race to build the memory powering NVIDIA and AMD's next AI monsters,https://www.tweaktown.com/news/112254/sk-hynix-and-samsung-race-to-build-the-memory-powering-nvidia-and-amds-next-ai-monsters/index.html,TweakTown,2026-06-18T08:31:06Z,"SK Hynix confirms it has delivered its first HBM4E samples to its partners, marking the first delivery of next-gen data center components.Continue reading at TweakTown",False,2026-06-20T01:51:10.412059
"Is Micron Technology, Inc. (MU) the Stock with the Best Earnings Growth for the Next 3 Years?",https://finance.yahoo.com/markets/stocks/articles/micron-technology-inc-mu-stock-080817829.html,Yahoo Entertainment,2026-06-18T08:08:17Z,"Micron Technology, Inc. (NASDAQ:MU) is among the stocks with the best earnings growth for the next 3 years. On June 11, TheFly reported that Daiwa significan...",False,2026-06-20T01:51:10.412060
Tim Cook conferma che i prezzi di iPhone e Mac aumenteranno a breve,https://tech.everyeye.it/notizie/tim-cook-conferma-prezzi-aumento-iphone-mac-causa-ram-884914.html,Everyeye.it,2026-06-18T08:03:00Z,"Apple annuncia imminenti aumenti di prezzo a causa della crisi nel mercato delle memorie, senza specificare tempistiche o prodotti coinvolti.Apple si prepara ad aumentare i prezzi dei propri dispositivi a causa del persistere della crisi che sta interessando …",True,2026-06-20T01:51:10.412062
果粉悲歌！Apple 證實因記憶體供應短缺 產品要加價,https://www.eprice.com.hk/mobile/talk/4544/227504/1,Eprice.com.hk,2026-06-18T07:56:38Z,Apple 公司最高管理層今日正式確認，受全球記憶體供應鏈持續緊張影響，未來將對旗下部分產品價格進行調整。公司方面表示，此舉為應對市場變化之必要措施，旨在維持產品品質與供應鏈穩定。,True,2026-06-20T01:51:10.412064
Новый тип памяти LLW придёт в смартфоны в 2027 году,https://www.ixbt.com/live/mobile/novyy-tip-pamyati-llw-pridet-v-smartfony-v-2027-godu.html,Ixbt.com,2026-06-18T07:52:19Z,"Специалисты в области мобильных технологий работают над внедрением инновационного формата памяти LLW (Low Latency Wide DRAM), который должен стать решением проблем пропускной способности,...Читать дальше",True,2026-06-20T01:51:10.412069
“Es insostenible”: Tim Cook avisa de que el impacto de la IA provocará subidas en los precios de los iPhone,https://www.xataka.com/moviles/insostenible-tim-cook-avisa-impacto-ia-provocara-subidas-precios-iphone,Xataka.com,2026-06-18T07:46:16Z,"Estamos en pleno ""RAMageddon"". La crisis de las memorias RAM no para de impactar en la industria, y lo saben bien en Apple. La empresa había capeado el temporal (relativamente) hasta ahora, pero su actual CEO, Tim Cook, ya está avisando a los clientes: tu pró…",True,2026-06-20T01:51:10.412070
Samsung построила самые маленькие в мире транзисторы с 3D-компоновкой и шагом затвора 42 нм,https://3dnews.ru/1143737/samsung-postroila-samie-malenkie-v-mire-tranzistori-s-3dkomponovkoy-i-shagom-zatvora-42-nm,3dnews.ru,2026-06-18T07:42:00Z,"Эра трёхмерных логических полупроводников, способных преодолеть ограничения по миниатюризации чипов, наступит раньше, чем предполагалось — немалые усилия для этого приложили инженеры Samsung. Им удалось совершить прорыв в области многослойной структуры и пост…",True,2026-06-20T01:51:10.412072
"미 연준 악재에도 코스피 9000... ""새로운 세상으로 가는 것""",https://www.ohmynews.com/NWS_Web/View/at_pg.aspx?CNTN_CD=A0003244422,Ohmynews.com,2026-06-18T07:36:12Z,"대한민국 증시가 마침내 '9000피' 시대에 진입했다. 지난 2021년 1월 코스피가 사상 처음 3000선을 돌파하며 '동학개미'들의 뜨거운 환호를 받았던 날로부터 약 5년 5개월 만에 코스피의 몸집이 세 배로 불어났다. 8000선을 넘어선 지 불과 한 달여 만에 또다시 9000선을 돌파한 한국 증시는 역사상 유례없는 질주를 이어가는 모습이다.

질주하는 코스피... 9000선도 뚫었다

한국거래소에 따르면 코스피는 이날 오후 12시 52분쯤 9000.68을 …",True,2026-06-20T01:51:10.412073
Apple повысит цены из-за удорожания чипов памяти,https://www.interfax.ru/business/1096701,Interfax.ru,2026-06-18T07:34:00Z,"Американская Apple Inc. планирует повысить цены на свою продукцию из-за роста расходов на чипы памяти, заявил The Wall Street Journal главный исполнительный директор компании Тим Кук.""К сожалению, повышение цен неизбежно, - сказал он. - Мы прилагаем все силы,…",True,2026-06-20T01:51:10.412074
삼성 이어 SK도 HBM4E 샘플 공급…경쟁 더 뜨거워져(종합),https://www.inews24.com/view/1977776,Inews24.com,2026-06-18T07:32:04Z,"SK하이닉스, HBM4E 12단 샘플 주요 고객사 공급
삼성전자는 지난달 공급 사실 공개...물량 승부 될 듯 삼성전자에 이어 SK하이닉스도 차세대 고대역폭메모리(HBM)인 HBM4E 샘플 공급에 나서면서 양사의 주도권 경쟁이 본격화하고 있다. SK하이닉스는 HBM4E 12단 샘플을 주요 고객사에 공급했다고 18일 밝혔다. 지난달 삼성전자가 세계 최초 HBM4E 12단 샘플 공급 사실을 공개한 데 이어 SK하이닉스도 고객사 검증 절차에 돌입했다.",True,2026-06-20T01:51:10.412076
‘차세대 HBM 잡아라’…삼성전자 발표 3주 만에 SK하이닉스도 “HBM4E 샘플 공급”,https://www.khan.co.kr/article/202606181631001,Khan.co.kr,2026-06-18T07:31:00Z,삼성전자와 SK하이닉스 간 차세대 인공지능(AI) 메모리 시장 공급 경쟁이 달아오르고 있다. 올해 초 6세대 고대역폭메모리(HBM4) 선점 경쟁을 벌인 두 회사가 불과 3주 차이로 HBM4E(7세대) 샘플 공급을 본격화하는 등 차세대 메모리 주도권 다툼이 고조되는 양상이다.SK하이닉스는 18일 차세대 AI용 초고성능 D램 신제품인 ‘HBM4E’ 12단 샘플···,False,2026-06-20T01:51:10.412077
"SK하이닉스, 주요 공급사에 차세대 'HBM4E' 12단 샘플 공급 시작.. 핀당 최대 16Gbps 속도 구현",https://kbench.com/?q=node/279689,Kbench.com,2026-06-18T07:29:23Z,"출처: SK하이닉스
 SK하이닉스는 차세대 AI용 초고성능 D램 신제품인 ‘HBM4E’ 
12단 샘플을 주요 고객사들에 공급했다고 18일 밝혔다.
SK하이닉스 HBM4E는 핀당 최대 16Gbps의 데이터 처리 속도를 
지원하며, 기존 HBM4 대비 전력 효율을 20% 이상 향상시켰다. 이를 통해 AI 학습과 
추론에 필요한 대규모 데이터 처리 성능을 한층 끌어올렸다.
또한 최신 인터페이스와 설계 최적화를 적용해 데이터 전송 지연을 
줄였으며, 고대역폭 환경에서…",False,2026-06-20T01:51:10.412078
"Apple conferma: i prezzi di Mac e iPad aumenteranno, la colpa è sempre quella",https://www.smartworld.it/news/apple-aumento-prezzi-mac-ipad-ram.html,Smartworld.it,2026-06-18T07:28:00Z,"Tim Cook lo ha confermato: i prezzi dei prodotti Apple aumenteranno a causa della carenza di RAM. Ecco cosa sappiamo e chi rischia di più.
L'articolo Apple conferma: i prezzi di Mac e iPad aumenteranno, la colpa è sempre quella sembra essere il primo su Smar…",True,2026-06-20T01:51:10.412080
Apple zapowiada podwyżki cen urządzeń – powodem globalny niedobór pamięci RAM,https://imagazine.pl/2026/06/18/apple-zapowiada-podwyzki-cen-urzadzen-powodem-globalny-niedobor-pamieci-ram/,Imagazine.pl,2026-06-18T07:24:17Z,"Apple oficjalnie potwierdziło nadchodzące podwyżki cen swoich produktów, tłumacząc decyzję trwającymi problemami z dostawami pamięci operacyjnej. Dyrektor generalny firmy, Tim Cook, w wywiadzie dla The Wall Street Journal określił wzrost cen jako „nieuniknion…",True,2026-06-20T01:51:10.412081
SK 海力士與三星員工笑納千萬獎金，韓央行：代價是推升全民通膨,https://finance.technews.tw/2026/06/18/tech-bonus-push-inflation/,Technews.tw,2026-06-18T06:50:55Z,韓國科技公司大手筆犒賞員工，三星電子和 SK 海力士員工，今年光是獎金就可以拿到新台幣數百到上千萬元大紅包，明年可能會更多。但韓國央行警告，特定產業企業支付高額績效獎金，可能會導致消費者價格全面上漲。 由於 AI 伺服器用的 HBM 需求爆發，SK 海力士獲利大增。公司已取消過去的獎金上限，改為將 ...,False,2026-06-20T01:51:10.412082
海力士與三星笑納千萬獎金，韓央行：代價是推升全民通膨,https://technews.tw/2026/06/18/tech-bonus-push-inflation/,Technews.tw,2026-06-18T06:50:55Z,韓國科技公司大手筆犒賞員工，三星電子和 SK 海力士的員工，今年光是獎金就可以拿到數百到上千萬台幣的大紅包，明年可能會更多。但韓國央行警告，特定產業企業支付大額績效獎金，可能會導致消費者價格全面上漲。 由於 AI 伺服器用的 HBM 需求爆發，SK 海力士獲利大增。公司已取消過去的獎金上限，改為將 ...,False,2026-06-20T01:51:10.412083
Samsung планирует до конца 2027 года запустить промышленное производство памяти 1d DRAM,https://overclockers.ru/blog/Scorpion81/show/257809/Samsung-planiruet-do-konca-2027-goda-zapustit-promyshlennoe-proizvodstvo-pamyati-1d-DRAM,Overclockers.ru,2026-06-18T06:45:05Z,Южнокорейский производитель стремится в полной мере воспользоваться спросом со стороны искусственного интеллекта,True,2026-06-20T01:51:10.412085
На смену LPDDR придёт оперативная память LLW на основе HBM,https://www.ixbt.com/news/2026/06/18/lpddr-llw-hbm.html,Ixbt.com,2026-06-18T06:27:00Z,Первыми такие смартфоны могут выпустить Xiaomi и Huawei,True,2026-06-20T01:51:10.412086
Τέλος η LPDDR; Νέα μνήμη LLW έρχεται στα AI κινητά,https://techblog.gr/mobile/telos-i-lpddr-nea-mnimi-llw-erchetai-sta-ai-kinita/,Techblog.gr,2026-06-18T06:17:53Z,"Νέα μνήμη LLW υπόσχεται 10-15 φορές ταχύτερο bandwidth για AI smartphones. Xiaomi και Huawei οι πρώτοι υποψήφιοι, με ορίζοντα το 2027.
Συνεχίστε την ανάγνωση στο Techblog.gr
Το άρθρο δημοσιεύτηκε αρχικά στο Techblog (Τέλος η LPDDR; Νέα μνήμη LLW έρχεται στα A…",False,2026-06-20T01:51:10.412089
Google被曝正评估从中国长鑫采购存储芯片,https://www.cnbeta.com.tw/articles/tech/1566122.htm,Cnbeta.com.tw,2026-06-18T06:05:25Z,"有迹象显示，在全球存储芯片持续紧缺、价格飙升的大背景下，Google正考虑将中国长鑫存储（CXMT）纳入其内存芯片供应链，这一动向如果成真，可能打破目前由三星、SK海力士与美光把持的“内存三巨头”格局。一则来自社交平台 X 的爆料称，Google正在评估从中国厂商采购 DRAM 芯片，爆料者并点名称消息源与Google母公司 Alphabet 首席执行官桑达尔·皮查伊有关。随后，科技圈知名分析人士 Jukan 转发了该爆料，被视为在一定程度上增加了传言的可信度。
目前尚不清楚Google若与长鑫达成合作，所采购…",True,2026-06-20T01:51:10.412090
"젠엑시스, 반도체 인라인 SEM 기업 ‘하이케이엠’ 투자…“공정 수율 계측 장비 국산화”",https://besuccess.com/?p=184026,Besuccess.com,2026-06-18T05:40:02Z,"글로벌 액셀러레이터이자 TIPS 운영사인 젠엑시스가 반도체 In-Line SEM(주사전자현미경) 솔루션 기업 하이케이엠에 투자를 완료했다. 최근 AI 인프라와 HBM 등 고부가가치 메모리 수요 확대로 미세공정 및 3D 적층 등 제조공정의 복잡도가 높아짐에 따라, 수율 관리를 위한 고정밀 계측·검사 장비의 중요성이 커지고 있다. 특히 첨단 반도체 라인에서는 웨이퍼 전면뿐 아니라 배면과 베벨의 미세 결함을 생산공정 내에서 신속하게 확인하는 인라인(In-Line) …",True,2026-06-20T01:51:10.412091
"HBM 특허전 재점화…넷리스트, 삼성전자 상대 신규 소송",https://www.inews24.com/view/1977693,Inews24.com,2026-06-18T05:34:40Z,"미국 국제무역위원회&middot;텍사스동부지법에 동시 제소
구글&middot;엔비디아&middot;브로드컴&middot;슈퍼마이크로도 피제소인 포함 미국 메모리 기술기업 넷리스트가 삼성전자를 상대로 고대역폭메모리(HBM)와 차세대 서버용 메모리 특허 침해를 주장하며 미국 국제무역위원회와 법원에 신규 소송을 제기했다. 18일 업계에 따르면 넷리스트는 17일(현지시간) 삼성전자를 상대로 미국 국제무역위원회와 텍사스동부지방법원에 특허 침해 소송을 제기했다고 밝혔다.",True,2026-06-20T01:51:10.412093
美光還能追嗎？HBM榮景能撐多久 他曝記憶體3大隱憂,https://consent.yahoo.com/v2/collectConsent?sessionId=1_cc-session_4e31c415-402a-4ad1-baa8-1fd33e329bb9,Yahoo Entertainment,2026-06-18T05:23:00Z,【高沛生／綜合報導】AI帶動高頻寬記憶體（HBM）需求爆發，推升記憶體產業景氣回升並進入高獲利階段，不過價值投資達人洪鑑穩提醒，記憶體屬於典型景氣循環產業，投資人若僅以低前瞻本益比判斷便宜與否，恐忽略獲利高峰反轉風險。他指出，美光（Micron）目前雖處於高毛利與高獲利水準，但隱含3大潛在隱憂。,False,2026-06-20T01:51:10.412094
"""ทิม คุก"" เผยแอปเปิลจ่อขึ้นราคาสินค้า เหตุชิปความจำขาดแคลน-กระแส AI บูม",https://www.thairath.co.th/news/foreign/2940320,Thairath.co.th,2026-06-18T05:13:39Z,ทิม คุก ซีอีโอแอปเปิล เผยบริษัทมีแผนปรับขึ้นราคาสินค้า หลังต้นทุนชิปหน่วยความจำและชิปจัดเก็บข้อมูลปรับตัวสูงขึ้นอย่างต่อเนื่องจากความต้องการของอุตสาหกรรมปัญญาประดิษฐ์ หรือ AI,False,2026-06-20T01:51:10.412095
SK hynix объявила о начале поставок образцов памяти HBM4E,https://3dnews.ru/1143727/sk-hynix-obyavila-o-nachale-postavok-obraztsov-pamyati-hbm4e,3dnews.ru,2026-06-18T04:56:00Z,"Samsung Electronics начала поставлять клиентам образцы HBM4E ещё в конце мая, поэтому для конкурирующей SK hynix сокращение отставания от неё было делом первостепенной важности. Как и ожидалось, о начале поставок своих образцов HBM4E вторая из компаний объяви…",True,2026-06-20T01:51:10.412097
晶片短缺壓不住成本！蘋果執行長庫克：產品價格上漲已無法避免,https://consent.yahoo.com/v2/collectConsent?sessionId=1_cc-session_fec96568-15c1-4a0b-9bdd-d54bcd1c2054,Yahoo Entertainment,2026-06-18T04:52:45Z,火報記者 陳銳/報導 蘋果執行長庫克（Tim Cook）近日接受《華爾街日報》專訪時坦言，由於記憶體與儲存晶片價格持續上漲，蘋果未來可能不得不調整部分產品售價，以因應不斷增加的成本壓力。 近兩年來，AI資料中心建設進入高速擴張階段，科技巨頭紛紛投入巨額資金發展大型語言模型與AI運算平台，帶動高頻寬記憶體（HBM）和DRAM（記憶體）等關鍵零組件需求大幅成長...,False,2026-06-20T01:51:10.412098
Nvidia Supplier SK Hynix Ships Next-Generation HBM Memory Samples To Major Customers,https://biztoc.com/x/a5aa54f41480a7e6,Biztoc.com,2026-06-18T04:49:14Z,"On Wednesday, Nvidia Corp (NASDAQ:NVDA) supplier SK Hynix began shipping samples of its latest high-bandwidth memory, or HBM, chips to major customers.
SK Hynix Unveils Advanced HBM4E Memory For AI Workloads
In a statement, the South Korean memory giant said …",True,2026-06-20T01:51:10.412099
"Apple поднимет цены на iPhone, iPad и Mac. Тим Кук назвал причину",https://appleinsider.ru/eto-interesno/apple-podnimet-czeny-na-iphone-ipad-i-mac-tim-kuk-nazval-prichinu.html,Appleinsider.ru,2026-06-18T04:30:12Z,"Что будет с ценами на технику Apple из-за дефицита памяти. Объясняем, когда ждать подорожания iPhone, iPad и Mac и стоит ли брать сейчас.",True,2026-06-20T01:51:10.412100
技術路線不同！英特爾 EMIB、台積電 CoWoS 誰能掌握 CPO 未來？網路掀論戰,https://technews.tw/2026/06/18/threads-facebook-intel-tsmc-cpo-arguements/,Technews.tw,2026-06-18T04:23:06Z,近期社群平台 Threads 頻繁出現有關英特爾未來掌握矽光子市場、台積電搞砸共封裝光學（CPO）等的文章，引起許多網友關注和許多正反討論。 Threads 網友認為，台積電最大的問題是封裝散熱，遇到 reticle 極限就硬拼，多加顆晶片缺陷率就飆升，壞一顆就扔幾萬鎂封裝，所以產能卡死。他也認為英...,False,2026-06-20T01:51:10.412104
"SK hynix consegna le memorie HBM4E da 48 GB: migliorano velocità, consumi e gestione termica",https://www.hwupgrade.it/news/memorie/sk-hynix-consegna-le-memorie-hbm4e-da-48-gb-migliorano-velocita-consumi-e-gestione-termica_154996.html,Hwupgrade.it,2026-06-18T04:21:01Z,"SK hynix ha avviato la distribuzione dei primi sample di memoria HBM4E a 12 layer ai principali clienti. La nuova soluzione raggiunge 16 Gbps per pin, migliora l'efficienza energetica di oltre il 20% e introduce ottimizzazioni termiche e strutturali pensate p…",True,2026-06-20T01:51:10.412105
Tim Cook：加價不可避免 記憶體危機衝擊消費產品 iPhone 18 或首當其衝,https://unwire.hk/2026/06/18/apple-price-hike-tim-cook-memory-shortage-iphone18/mobile-phone/,Unwire.hk,2026-06-18T04:04:06Z,Apple 行政總裁 Tim Cook 近日接受《華爾街日報》專訪，正式確認 Apple 旗下產品將全面加價。他直言受 AI 熱潮帶動全球記憶體供應緊張及成本急升，Apple 已無法繼續自行消化龐大成本升幅，加價是不可避免的結果。,True,2026-06-20T01:51:10.412107
鎧俠直指 NAND 市場超級週期至少延續至 2028 年,https://finance.technews.tw/2026/06/18/kioxia-points-to-a-nand-market-supercycle-that-will-last-at-least-until-2028/,Technews.tw,2026-06-18T03:40:20Z,全球快閃記憶體大廠鎧俠（Kioxia）近日對 NAND 產業前景表達高度信心，認為在結構性產能受限與 AI 需求帶動下，NAND 市場的「超級週期」將至少延續至 2028 年。 鎧俠管理層指出，NAND 產業目前面臨結構性的供給不足，預計此情況將一路延續至 2027 年第四季甚至更久，在 2028 ...,False,2026-06-20T01:51:10.412108
Apple 證實產品即將漲價！Tim Cook：記憶體短缺讓漲價無可避免,https://www.koc.com.tw/archives/646353,Koc.com.tw,2026-06-18T02:53:55Z,這波記憶體價格暴漲的根源，來自 AI 資料中心的瘋狂建置。Cook 特別點出 DRAM 市場的問題，指出高頻寬記憶體（HBM）因為 AI 伺服器的需求而大量消耗產能，導致消費性產品的記憶體供應嚴重吃緊。HBM 是 NVIDIA、AMD 等 AI 加速器不可或缺的關鍵元件，各大記憶體廠商紛紛將產能優先分配給利潤更高的,True,2026-06-20T01:51:10.412109
Nvidia supplier SK Hynix ships samples of next-generation chips to major customers,https://economictimes.indiatimes.com/tech/technology/nvidia-supplier-sk-hynix-ships-samples-of-next-generation-chips-to-major-customers/articleshow/131815871.cms,The Times of India,2026-06-18T02:48:06Z,"The next-generation 12-layer ​HBM4E chip reaches ⁠speeds of ‌up to ​16 ​gigabits per second ⁠per pin and offers over ​20% better power efficiency ​than previous models, the company said.",True,2026-06-20T01:51:10.412111
記憶體持續供不應求，外資紛紛調高美光目標價,https://finance.technews.tw/2026/06/18/foreign-investors-have-raised-their-target-prices-for-micron/,Technews.tw,2026-06-18T02:45:54Z,"受惠於人工智慧（AI）應用需求激增與持續的供應限制，市場分析師紛紛上調美商記憶體大廠美光科技的目標價。德意志銀行（Deutsche Bank）最新將目標價調升至 1,500 美元，帶動美光在經歷了前一交易日科技股廣泛拋售下跌逾 6% 後，於週三逆勢上漲 2.4%。 美光股價在週一創下歷史新高，202...",False,2026-06-20T01:51:10.412112
"Paris. La gare de l'Est touchée par une panne d'électricité, le trafic interrompu jusqu'à 22h",https://www.ledauphine.com/transport/2026/06/18/la-gare-de-l-est-touchee-par-une-panne-d-electricite-le-trafic-interrompu-jusqu-a-22h,Le Dauphiné Libéré,2026-06-18T17:25:00Z,Le trafic est interrompu ce jeudi soir au départ de la gare de l'Est à Paris. Des retards sont attendus pour les trains en partance pour les villes du Grand Est.,True,2026-06-20T01:51:10.785838
郭明錤解讀台積電 CoPoS 玻璃核心載板投影片：oS 比 CoP 更關鍵，2028 底目標量產,https://www.koc.com.tw/archives/646472,Koc.com.tw,2026-06-18T15:58:57Z,"天風國際分析師郭明錤 18 日在 X 發表長文，針對台積電 6 月 11 日在日本 JPCA Show 202 […]
The post 郭明錤解讀台積電 CoPoS 玻璃核心載板投影片：oS 比 CoP 更關鍵，2028 底目標量產 appeared first on 電腦王阿達.",True,2026-06-20T01:51:10.785848
台積電結合台日供應鏈發表玻璃基板封裝驗證成果，給韓國對手帶來強大威脅,https://finance.technews.tw/2026/06/18/tsmc-in-collaboration-with-its-taiwanese-and-japanese-supply-chains-announced-its-glass-substrate-packaging-verification-results/,Technews.tw,2026-06-18T09:30:15Z,晶圓代工龍頭台積電近日公開了其以台灣與日本為中心的生態系所開發的「玻璃基板」半導體封裝商業化驗證成果。這項技術突破被視為能解決大型人工智慧（AI）晶片問題的遊戲規則改變者，同時也讓長期致力於該領域的三星電機、SKC與LG Innotek等韓國大廠感受到強烈的危機感。 隨著輝達（Nvidia）等AI晶...,False,2026-06-20T01:51:10.785850
台積電結合台日供應鏈發表玻璃基板封裝成果，給韓國對手強大威脅,https://technews.tw/2026/06/18/tsmc-in-collaboration-with-its-taiwanese-and-japanese-supply-chains-announced-its-glass-substrate-packaging-verification-results/,Technews.tw,2026-06-18T09:30:15Z,晶圓代工龍頭台積電近日公開了其以台灣與日本為中心的生態系所開發的「玻璃基板」半導體封裝商業化驗證成果。這項技術突破被視為能解決大型人工智慧（AI）晶片問題的遊戲規則改變者，同時也讓長期致力於該領域的三星電機、SKC與LG Innotek等韓國大廠感受到強烈的危機感。 隨著輝達（Nvidia）等AI晶...,False,2026-06-20T01:51:10.785851
"Nancy, pionnière d’un événementiel plus fluide et durable",https://www.challenges.fr/partenaires/nancy-pionniere-dun-evenementiel-plus-fluide-et-durable_644137,Challenges,2026-06-18T07:00:00Z,"À 90 minutes de Paris en TGV, la métropole du Grand Nancy s’impose aujourd’hui comme un laboratoire d’innovation dans le tourisme d’affaires et l’événementiel. Derrière cette transformation initiée il y a déjà plusieurs années, DESTINATION NANCY, une Société …",False,2026-06-20T01:51:10.785853
Optical Metasurface Captures Solar Magnetic Fields,https://spectrum.ieee.org/optical-metasurface-solar-telescope,Ieee.org,2026-06-18T16:21:28Z,"A new nanopatterned structure based on sub-wavelength physics has proved its value in a real-world setting, and it could qualify for use in outer space. The device, integrated with one of the world’s most advanced solar observatories, captured pictures of the…",False,2026-06-20T01:51:11.279937
An ER-IMC bridge protein TgVPS13A and an IMC-resident scramblase TgDAT1 drive daughter budding in Toxoplasma gondii,https://journals.plos.org/plospathogens/article?id=10.1371/journal.ppat.1013865,Plos.org,2026-06-18T14:00:00Z,"Author summary The inner membrane complex (IMC) in apicomplexan parasites is essential for maintaining the structural stability of the parasite, as well as for its budding and motility. The IMC is composed of flattened vesicles, alveolins, and microtubules. H…",True,2026-06-20T01:51:11.279941
