title,url,source,published_at,snippet,link_verified,fetch_timestamp
JCET to build new plant in Shanghai for advanced chip packaging,https://cryptobriefing.com/jcet-shanghai-advanced-chip-packaging-plant/,Crypto Briefing,2026-06-25T01:43:02Z,"JCET's expansion in advanced chip packaging could bolster China's semiconductor capabilities, enhancing its competitive edge globally.
The post JCET to build new plant in Shanghai for advanced chip packaging appeared first on Crypto Briefing.",True,2026-06-26T01:52:14.747387
"Qualcomm Dragonfly Ecosystem Enables AI Accelerators, Custom Silicon, Networking To Empower Next-Gen AI Factories With A One-Stop & Scaled Compute Platform",https://wccftech.com/qualcomm-dragonfly/,Wccftech,2026-06-24T22:25:41Z,"Qualcomm Dragonfly brings a robust platform of AI Compute accelerators, CPUs, breakthrough technologies, networking, & custom-silicon under one roof. Enter The Dragon - Qualcomm's New Dragonfly Brand Is Primed For AI, Offering A Full-Stack Datacenter Portfoli…",True,2026-06-26T01:52:14.747398
xLight’s $350m bet to break ASML’s chip monopoly,https://thenextweb.com/news/xlight-euv-350m-asml-euclyd/,The Next Web,2026-06-24T16:36:06Z,"xLight, a US-backed startup chaired by former Intel chief Pat Gelsinger, is raising $350m to build an xLight EUV light source that could loosen ASML’s grip on chipmaking. Days earlier, a Dutch rival took aim at Nvidia. Deep-tech chips are hot again. The hardw…",True,2026-06-26T01:52:14.747401
Brown Capital Management highlights Credo Technology as key fund addition amid AI infrastructure growth,https://cryptobriefing.com/brown-capital-credo-technology-ai-infrastructure/,Crypto Briefing,2026-06-24T15:00:11Z,"Credo's strategic positioning in AI infrastructure could drive significant growth, but reliance on hyperscaler clients poses cyclical risks.
The post Brown Capital Management highlights Credo Technology as key fund addition amid AI infrastructure growth appea…",True,2026-06-26T01:52:14.747403
MEMS Variable Optical Attenuators Market Size to Hit USD 285.1 Million by 2035 | SNS Insider,https://www.globenewswire.com/news-release/2026/06/24/3316737/0/en/MEMS-Variable-Optical-Attenuators-Market-Size-to-Hit-USD-285-1-Million-by-2035-SNS-Insider.html,GlobeNewswire,2026-06-24T11:30:00Z,"Global MEMS Variable Optic Attenuators (VOA) Market Size, Share, Revenue Trends & Segment by Type, Application, End User, Region and Forecast 2026-2035...",True,2026-06-26T01:52:14.747404
"ATLANT 3D, A*STAR IMRE and NAMIC Sign MoU to Advance AI-Driven Materials Discovery in Singapore",https://www.prnewswire.com/news-releases/atlant-3d-astar-imre-and-namic-sign-mou-to-advance-ai-driven-materials-discovery-in-singapore-302807648.html,PRNewswire,2026-06-24T07:30:00Z,"COPENHAGEN, Denmark and SINGAPORE, June 24, 2026 /PRNewswire/ -- ATLANT 3D, the A*STAR Institute of Materials Research and Engineering (A*STAR IMRE), and the National Additive Manufacturing Innovation Cluster (NAMIC), a national platform hosted by A*STAR, hav…",True,2026-06-26T01:52:14.747406
"ATLANT 3D, A*STAR IMRE and NAMIC Sign MoU to Advance AI-Driven Materials Discovery in Singapore",https://www.prnewswire.com/news-releases/atlant-3d-astar-imre-and-namic-sign-mou-to-advance-ai-driven-materials-discovery-in-singapore-302807568.html,PRNewswire,2026-06-24T07:30:00Z,"COPENHAGEN, Denmark and SINGAPORE, June 24, 2026 /PRNewswire/ -- ATLANT 3D, the A*STAR Institute of Materials Research and Engineering (A*STAR IMRE), and the National Additive Manufacturing Innovation Cluster (NAMIC), a national platform hosted by A*STAR, hav…",True,2026-06-26T01:52:14.747408
Application Specific Integrated Circuit Market Size to Grow $38.47 Billion by 2035 | SNS Insider,https://www.globenewswire.com/news-release/2026/06/24/3316606/0/en/Application-Specific-Integrated-Circuit-Market-Size-to-Grow-38-47-Billion-by-2035-SNS-Insider.html,GlobeNewswire,2026-06-24T07:30:00Z,"Global Application Specific Integrated Circuit (ASIC) Market Size, Share, Revenue Trends & Segment by Product, Application, Region and Forecast 2026-2035...",True,2026-06-26T01:52:14.747414
Advantest Concludes Successful VOICE 2026 Event,https://www.globenewswire.com/news-release/2026/06/24/3316605/0/en/Advantest-Concludes-Successful-VOICE-2026-Event.html,GlobeNewswire,2026-06-24T07:05:00Z,Conference Hosts Major Semiconductor Companies for Dialogue on Latest Test Technologies and Industry Trends Conference Hosts Major Semiconductor Companies for Dialogue on Latest Test Technologies and Industry Trends,True,2026-06-26T01:52:14.747417
Microsoft’s quantum computing claims face new scrutiny from Nature critique,https://cryptobriefing.com/microsoft-quantum-computing-nature-critique/,Crypto Briefing,2026-06-25T00:44:02Z,"Microsoft's quantum computing credibility faces challenges, highlighting the need for rigorous validation and transparency in scientific claims.
The post Microsoft’s quantum computing claims face new scrutiny from Nature critique appeared first on Crypto Brie…",True,2026-06-26T01:52:15.123248
Quantum computers will supercharge the world — but they present serious national security risks,https://nypost.com/2026/06/24/us-news/quantum-computers-will-supercharge-the-world-but-also-present-serious-national-security-risks/,New York Post,2026-06-25T00:07:31Z,"""Quantum computers are exceptionally good at breaking codes,"" John Preskill, Caltech's Director of the Institute for Quantum Information, told The Post.",False,2026-06-26T01:52:15.123259
"DOD quantum strategy ‘a first step’ in preparing for the future, CIO says",https://www.nextgov.com/defense/2026/06/dod-quantum-strategy-first-step-preparing-future-cio-says/414408/,Nextgov,2026-06-24T22:30:00Z,Pentagon Chief Information Officer Kirsten Davies said the department’s new post-quantum cryptography strategy is only one component of ensuring its operations “are robust and ready in an increasingly unpredictable world.”,True,2026-06-26T01:52:15.123261
Microsoft's claims over its quantum chip questioned in Nature article - BBC,https://slashdot.org/firehose.pl?op=view&amp;id=184071202,Slashdot.org,2026-06-24T21:12:25Z,"Microsoft's claims over its quantum chip questioned in Nature articleBBC A new paper argues Microsoft exaggerated its quantum claims a year agoThe Verge Microsoft's quantum computing technology called into question, againReuters Boffin claims Microsoft's supp…",True,2026-06-26T01:52:15.123262
A new paper argues Microsoft exaggerated its quantum claims a year ago,https://biztoc.com/x/2321770c8471e0c1,Biztoc.com,2026-06-24T21:02:55Z,A critique published in Nature Wednesday calls the basic technology behind Microsoft’s “breakthrough” quantum computing chip the Majorana 1 into question. Microsoft unveiled the chip in February 2025 and said it featured a brand-new technology known as a topo…,True,2026-06-26T01:52:15.123264
A new paper argues Microsoft exaggerated its quantum claims a year ago,https://www.theverge.com/tech/956450/nature-microsoft-quantum-computing-majorana-1-claims,The Verge,2026-06-24T20:54:57Z,"A critique published in Nature Wednesday calls the basic technology behind Microsoft's ""breakthrough"" quantum computing chip the Majorana 1 into question. Microsoft unveiled the chip in February 2025 and said it featured a brand-new technology known as a topo…",False,2026-06-26T01:52:15.123265
"Ethereum Core Development Funds Could Run Dry Within 3–9 Months, Warns Former Foundation Member",https://zycrypto.com/ethereum-core-development-funds-could-run-dry-within-3-9-months-warns-former-foundation-member/,ZyCrypto,2026-06-24T20:52:55Z,"Ethereum's core development ecosystem could face a significant funding crisis within the next several months, according to Trent Van Epps.",False,2026-06-26T01:52:15.123266
MIT Technology Review unveils the full agenda for EmTech Future 2026,https://www.prnewswire.com/news-releases/mit-technology-review-unveils-the-full-agenda-for-emtech-future-2026-302809502.html,PRNewswire,2026-06-24T19:47:00Z,"The flagship event exploring how AI, quantum technologies, and energy systems are converging to shape the future of business, society, and human experience CAMBRIDGE, Mass., June 24, 2026 /PRNewswire/ -- MIT Technology Review today announced the release of th…",True,2026-06-26T01:52:15.123268
Researcher Throws Cold Water on Microsoft Quantum Claims,https://decrypt.co/371998/microsoft-topological-qubit-quantum-claims-challenge,Decrypt,2026-06-24T19:07:12Z,A physicist's formal critique argues Microsoft has not demonstrated the topological qubit behind its Majorana 2 quantum chip.,True,2026-06-26T01:52:15.123269
Boeing Stock Climbs 2.2% as Backlog Grows and Quantum Satellite Program Advances,https://www.ibtimes.com.au/boeing-stock-recovery-challenges-opportunities-1871252,Ibtimes.com.au,2026-06-24T18:49:45Z,"Boeing's stock is recovering, driven by a strong order backlog and progress in quantum networking, despite regulatory challenges, defence losses, and trade tensions affecting deliveries to China.",False,2026-06-26T01:52:15.123270
The Defense Department Is Posting QAnon Memes,https://www.motherjones.com/politics/2026/06/qanon-memes-trump-quantum/,Mother Jones,2026-06-24T18:26:00Z,"A division of the Defense Department has been rolling out posts on X that contain clear references to the QAnon conspiracy theory, for reasons they have, unsurprisingly, declined to explain. The X account for the so-called Office of the Under Secretary of War…",True,2026-06-26T01:52:15.123273
China Is Stealing Our Secrets Today to Crack Them Tomorrow. Trump Just Started Fighting Back.,https://www.dailysignal.com/2026/06/24/trump-china/,Daily Signal,2026-06-24T17:56:44Z,"On June 22, President Donald Trump signed two executive orders that, taken together, amount to one of the most consequential technology-security decisions of the decade, and almost no one outside the cybersecurity profession noticed. Executive Order 14409, “S…",True,2026-06-26T01:52:15.123274
Amazon’s AI Chief Predicts a Commercial Quantum Computer Will Be Usable Within 7 Years. Why This Matters,https://biztoc.com/x/01d9147937b8ce1b,Biztoc.com,2026-06-24T17:28:59Z,"Quantum computing has long been the technology that always seems to be 10 years away. Now, one of the most senior technology executives in the world says the wait is almost over.
Amazon's (AMZN) top artificial intelligence (AI) executive has put a firm timeli…",True,2026-06-26T01:52:15.123276
Akash Banerjee's petition restored; execution of Bhopal court's warrant stayed,https://timesofindia.indiatimes.com/city/bhopal/akash-banerjees-petition-restored-execution-of-bhopal-courts-warrant-stayed/articleshow/131973691.cms,The Times of India,2026-06-24T17:14:24Z,Madhya Pradesh High Court restores Abhishek Banerjee’s petition and extends stay on Bhopal special court arrest warrant in Akash Vijayvargiya defamation case.,True,2026-06-26T01:52:15.123277
KMC suspends all construction work across Kolkata till July 31,https://timesofindia.indiatimes.com/city/kolkata/kmc-suspends-all-construction-work-across-kolkata-till-july-31/articleshow/131973687.cms,The Times of India,2026-06-24T17:13:51Z,KMC halts all construction across Kolkata till July 31 after Taratala collapse; CM orders audit of building plans approved during TMC tenure for safety compliance.,True,2026-06-26T01:52:15.123278
"Retired Karnataka official, contractor sentenced to five years for taking bribe",https://timesofindia.indiatimes.com/city/bengaluru/retired-karnataka-official-contractor-sentenced-to-five-years-for-taking-bribe/articleshow/131973659.cms,The Times of India,2026-06-24T17:11:14Z,"BESCOM AEE PN Hanumantaiah and contractor PT Sheshachalaiah sentenced to 5 years jail and fined Rs 30,000 each in 2014 Lokayukta bribe trap case.",True,2026-06-26T01:52:15.123280
Woman dupes Vizag youngsters of Rs 50 lakh on matrimonial site,https://timesofindia.indiatimes.com/city/vijayawada/woman-dupes-vizag-youngsters-of-rs-50-lakh-on-matrimonial-site/articleshow/131973529.cms,The Times of India,2026-06-24T17:05:59Z,"Vizag cybercrime: Men duped of over Rs50 lakh by women met on matrimonial sites, lured into DEX crypto/online trading and pressured to pay “tax” fees.",True,2026-06-26T01:52:15.123281
Min uses PM Shri docs from LDF govt’s time to slam oppn,https://timesofindia.indiatimes.com/city/thiruvananthapuram/min-uses-pm-shri-docs-from-ldf-govts-time-to-slam-oppn/articleshow/131973519.cms,The Times of India,2026-06-24T17:05:31Z,Kerala Assembly debate on PM SHRI turns heated as Education Minister tables past LDF letters; Opposition walks out after adjournment motion refused.,True,2026-06-26T01:52:15.123283
Boffin Claims Microsoft's 'Quantum Leap' Is Invalid Due To 'Basic Python Errors',https://developers.slashdot.org/story/26/06/24/1644216/boffin-claims-microsofts-quantum-leap-is-invalid-due-to-basic-python-errors,Slashdot.org,2026-06-24T17:00:00Z,"A peer-reviewed Nature critique argues that Microsoft's 2025 Majorana quantum-computing breakthrough -- and its claim that it could enable ""a truly meaningful quantum computer not in decades, as some have predicted, but in years"" -- is fundamentally flawed. A…",True,2026-06-26T01:52:15.123284
"LineShine named world’s fastest supercomputer, surpassing El Capitan after nine-year Chinese absence from top spot",https://cryptobriefing.com/lineshine-worlds-fastest-supercomputer-china/,Crypto Briefing,2026-06-24T16:58:10Z,"China's supercomputing leap with LineShine may accelerate AI advancements and prompt shifts in global tech strategies and security paradigms.
The post LineShine named world’s fastest supercomputer, surpassing El Capitan after nine-year Chinese absence from to…",True,2026-06-26T01:52:15.123285
Bessent: Our Strength Comes From What We Can Build,https://www.breitbart.com/economy/2026/06/24/bessent-our-strength-comes-from-what-we-can-build/,Breitbart News,2026-06-24T16:35:53Z,"Treasury Secretary Scott Bessent on Tuesday laid out a doctrine of “economic statecraft,” telling the Economic Club of New York that the United States would wield its economic power “in service of our sovereignty” and warning that a country unable
The post Be…",False,2026-06-26T01:52:15.123286
Quantum EOs leave much to be desired,https://biztoc.com/x/4de2ff5fca702113,Biztoc.com,2026-06-24T16:27:39Z,"The White House published long-anticipated executive orders on quantum computing, emphasizing coordination rather than sweeping investments or policy changes.
President Donald Trump called to strengthen the domestic supply chain, bolster security systems, and…",True,2026-06-26T01:52:15.123288
Forget Betting on One Quantum Stock. This Fund Owns the Entire Field for Just 0.40%,https://biztoc.com/x/ac57ec6ddbb39d0c,Biztoc.com,2026-06-24T16:27:08Z,"The post Forget Betting on One Quantum Stock. This Fund Owns the Entire Field for Just 0.40% appeared first on 24/7 Wall St..
Anyone who bought IonQ (NYSE:IONQ) bought a specific thesis: that trapped-ion architecture will win the race to commercial quantum co…",True,2026-06-26T01:52:15.123289
Forget Betting on One Quantum Stock. This Fund Owns the Entire Field for Just 0.40%,https://247wallst.com/investing/2026/06/24/forget-betting-on-one-quantum-stock-this-fund-owns-the-entire-field-for-just-0-40/,24/7 Wall St.,2026-06-24T16:22:08Z,Anyone who bought IonQ (NYSE:IONQ) bought a specific thesis: that trapped-ion architecture will win the race to commercial quantum computing. The stock rewar...,True,2026-06-26T01:52:15.123290
Scientist questions Microsoft’s quantum computing claims in Nature paper,https://cryptobriefing.com/microsoft-quantum-computing-majorana-claims-questioned/,Crypto Briefing,2026-06-24T15:53:04Z,"Microsoft's unproven quantum claims highlight the challenges and skepticism in advancing topological quantum computing commercially.
The post Scientist questions Microsoft’s quantum computing claims in Nature paper appeared first on Crypto Briefing.",True,2026-06-26T01:52:15.123292
Boffin claims Microsoft's supposed quantum leap does not compute due to 'basic Python errors',https://biztoc.com/x/23923a5166617780,Biztoc.com,2026-06-24T15:26:19Z,Prestigious journal Nature has published a peer-reviewed critique of Microsoft's claims to have made quantum computing breakthroughs – and the scientist who wrote the paper has essentially said Redmond got it wrong. Microsoft made its claims of a quantum brea…,True,2026-06-26T01:52:15.123296
Scott Bessent makes the case for Hamiltonian economics in the digital age,https://cryptobriefing.com/bessent-hamiltonian-economics-digital-assets/,Crypto Briefing,2026-06-24T15:21:33Z,"Bessent's advocacy for Hamiltonian economics suggests a shift towards strategic self-reliance, impacting global trade dynamics and tech leadership.
The post Scott Bessent makes the case for Hamiltonian economics in the digital age appeared first on Crypto Bri…",True,2026-06-26T01:52:15.123297
"Microsoft's quantum computing technology called into question, again",https://biztoc.com/x/397e77196a06c33c,Biztoc.com,2026-06-24T15:14:19Z,"By Stephen Nellis
SAN FRANCISCO, June 24 (Reuters) - A new critique in the scientific journal Nature is raising fresh questions about Microsoft's claimed quantum computing breakthrough last year, which underpinned the company's announcement this month that it…",True,2026-06-26T01:52:15.123298
"Microsoft's quantum computing technology called into question, again",https://economictimes.indiatimes.com/tech/technology/microsofts-quantum-computing-technology-called-into-question-again/articleshow/131971788.cms,The Times of India,2026-06-24T15:13:47Z,"A new scientific critique in Nature casts doubt on Microsoft's quantum computing claims, potentially impacting its 2029 target. While rivals pursue established methods, Microsoft's long-term bet on a novel technology faces renewed skepticism. The company main…",True,2026-06-26T01:52:15.123300
"Microsoft's quantum computing technology called into question, again",https://www.channelnewsasia.com/business/microsofts-quantum-computing-technology-called-question-again-6207426,CNA,2026-06-24T15:02:26Z,"SAN FRANCISCO, June 24 : A new critique in the scientific journal Nature is raising fresh questions about Microsoft's claimed quantum computing breakthrough last year, which underpinned the company's announcement this month that it will have a working quantum…",True,2026-06-26T01:52:15.123301
Boffin claims Microsoft's supposed quantum leap does not compute due to 'basic Python errors',https://www.theregister.com/research/2026/06/24/boffin-claims-microsofts-supposed-quantum-leap-does-not-compute-due-to-basic-python-errors/5260489,Theregister.com,2026-06-24T15:02:00Z,Nature paper argues researchers cherry-picked data. Redmond insists its work is sound,False,2026-06-26T01:52:15.123303
Scientist publishes fresh doubts over Microsoft's quantum claims,https://www.bbc.co.uk/news/articles/c05y9pl3ejmo,BBC News,2026-06-24T15:00:34Z,The tech giant has consistently stood by its Majorana chip research despite scepticism from some experts in the field.,True,2026-06-26T01:52:15.123305
Top quantum computer expert claims Microsoft’s ‘topological qubit’ doesn’t hold up,https://www.scientificamerican.com/article/top-quantum-computer-expert-claims-microsofts-topological-qubit-doesnt-hold-up/,Scientific American,2026-06-24T15:00:00Z,"The company has been touting its quantum technology for years, but some experts say these claims just don’t pass muster",True,2026-06-26T01:52:15.123306
Italy's Quantum Leap: Classiq and TEA TEK Group Announce Landmark Partnership to Empower One of Europe's Most Ambitious Quantum Computing Hubs in Naples,https://www.globenewswire.com/news-release/2026/06/24/3317018/0/en/Italy-s-Quantum-Leap-Classiq-and-TEA-TEK-Group-Announce-Landmark-Partnership-to-Empower-One-of-Europe-s-Most-Ambitious-Quantum-Computing-Hubs-in-Naples.html,GlobeNewswire,2026-06-24T14:46:00Z,Classiq & TEA TEK Group announce multi-million-euro strategic partnership to establish one of Europe's most significant quantum computing hubs in Naples....,True,2026-06-26T01:52:15.123307
Why Investors Are Finally Separating Quantum Computing Winners From Losers,https://biztoc.com/x/114b32e7b6bc2400,Biztoc.com,2026-06-24T14:40:16Z,"The post Why Investors Are Finally Separating Quantum Computing Winners From Losers appeared first on 24/7 Wall St..
For much of the past two years, investors treated quantum computing as a single investment theme. Whether a company pursued trapped-ion system…",True,2026-06-26T01:52:15.123309
From Quantum to Clothing: Insider Trades Hit 3 Big Names,https://www.marketbeat.com/articles/from-quantum-to-clothing-insider-trades-hit-3-big-names/?utm_source=yahoofinance&amp;utm_medium=yahoofinance,MarketBeat,2026-06-24T14:40:00Z,"See these top names across quantum computing, artificial intelligence and clothing that insiders are buying and selling.",True,2026-06-26T01:52:15.123310
IBM handed two major wins within 24 hours,https://www.thestreet.com/technology/two-separate-wins-landed-on-ibm-within-the-same-24-hours,TheStreet,2026-06-24T14:37:00Z,"International Business Machines (IBM) picked up two separate catalysts within roughly a day this week, and only one came from a stock analyst. JPMorgan upgra...",False,2026-06-26T01:52:15.123311
The Time Horizon Growth Model Is Dead. Here’s What Should Replace It. - SPONSOR CONTENT SHOWCASE FROM OUTSHIFT BY CISCO,https://hbr.org/sponsored/2026/06/the-time-horizon-growth-model-is-dead-heres-what-should-replace-it,Harvard Business Review,2026-06-24T14:29:01Z,Sponsor Content Showcase from Outshift by Cisco.,True,2026-06-26T01:52:15.123312
Why Investors Are Finally Separating Quantum Computing Winners From Losers,https://247wallst.com/investing/2026/06/24/why-investors-are-finally-separating-quantum-computing-winners-from-losers/,24/7 Wall St.,2026-06-24T14:28:46Z,"For much of the past two years, investors treated quantum computing as a single investment theme. Whether a company pursued trapped-ion systems, superconduct...",True,2026-06-26T01:52:15.123314
A new quantum computer sets a high watermark for accuracy – are we on the verge of a big breakthrough?,https://theconversation.com/a-new-quantum-computer-sets-a-high-watermark-for-accuracy-are-we-on-the-verge-of-a-big-breakthrough-285753,The Conversation Africa,2026-06-24T14:21:40Z,US-UK company Quantinuum has produced a fault-tolerant quantum computer with high performance.,True,2026-06-26T01:52:15.123315
"As Q-Day looms, 90% of systems are unprepared for PQC",https://www.techtarget.com/searchsecurity/news/366645009/As-Q-Day-looms-90-of-systems-are-unprepared-for-PQC,Techtarget.com,2026-06-24T14:16:00Z,"Quantum computing could break encryption in the next several years, and research suggests that few organizations are ready. Experts say CISOs must act now.",True,2026-06-26T01:52:15.123316
"Trump admin unveils 11-foot-tall, AI-designed nuclear test flight vehicle at the Great American State Fair",https://www.foxnews.com/politics/trump-admin-unveils-11-foot-tall-ai-designed-nuclear-test-flight-vehicle-great-american-state-fair,Fox News,2026-06-24T14:03:23Z,"NNSA to unveil an AI-designed nuclear test flight vehicle on the National Mall, touting a faster, cheaper path to advancing U.S. deterrence capabilities amid Chinese competition.",True,2026-06-26T01:52:15.123318
Decoding visual object recognition from EEG signals,https://journals.plos.org/plosone/article?id=10.1371/journal.pone.0351872,Plos.org,2026-06-24T14:00:00Z,"Brain–computer interfaces (BCIs) and clinical EEG require compact and interpretable decoders, yet scalp sensors mix cortical signals and blur frequency-specific activity. Identifying which cortical regions and features carry discriminative visual information …",True,2026-06-26T01:52:15.123319
#DealMonitor - Stark erhält 500 Millionen – Finn sammelt 140 Millionen ein,https://www.deutsche-startups.de/2026/06/24/stark-erhaelt-500-millionen-finn-sammelt-140-millionen-ein/,Deutsche-startups.de,2026-06-24T13:55:00Z,"+++ #DealMonitor +++ DefenseTech-Unicorn Stark erhält 500 Millionen +++ Auto-Abo-Grownup Finn sammelt 140 Millionen ein - und wird ein Unicorn +++ KI-Startup Ora Computing sammelt 3,5 Millionen ein +++ Robotik-Startup Innok Robotics erhält 3,3 Millionen +++",True,2026-06-26T01:52:15.123320
oqc-qcaas-sdk 0.1.20,https://pypi.org/project/oqc-qcaas-sdk/0.1.20/,Pypi.org,2026-06-24T13:35:06Z,Oxford Quantum Circuits Quantum Computing as a Service (QCaaS) SDK for task submission,True,2026-06-26T01:52:15.123322
classiq 1.18.1,https://pypi.org/project/classiq/1.18.1/,Pypi.org,2026-06-24T13:09:32Z,Classiq's Python SDK for quantum computing,True,2026-06-26T01:52:15.123323
Bull and Alice & Bob partner up to bring quantum computers into HPC,https://www.globenewswire.com/news-release/2026/06/24/3316907/0/en/Bull-and-Alice-Bob-partner-up-to-bring-quantum-computers-into-HPC.html,GlobeNewswire,2026-06-24T13:07:00Z,"Paris, France – 24 June, 2026 – Bull, a leader in advanced computing and AI, and Alice & Bob, a leader in fault-tolerant quantum computing specialising in cat qubits, today announce the signature of a Memorandum of Understanding to extend their joint collabor…",True,2026-06-26T01:52:15.123324
How right-wing media turns Trump’s failures into conspiracies,https://www.salon.com/2026/06/24/how-right-wing-media-turns-trumps-failures-into-conspiracies/,Salon,2026-06-24T13:05:14Z,"With no evidence behind them, Trump has amplified MAGA media's claims about the Reflecting Pool",True,2026-06-26T01:52:15.123325
Is NVIDIA (NVDA) One of the Best Big Tech Stocks to Buy According to Wall Street Analysts?,https://finance.yahoo.com/technology/articles/nvidia-nvda-one-best-big-124100998.html,Yahoo Entertainment,2026-06-24T12:41:00Z,"NVIDIA Corporation (NASDAQ:NVDA) is one of the best big tech stocks to buy according to Wall Street analysts. Reuters reported on June 11 that, according to...",False,2026-06-26T01:52:15.123327
WiMi Develops Quantum Convolutional Neural Network Model for Classical Data Classification,https://www.prnewswire.com/news-releases/wimi-develops-quantum-convolutional-neural-network-model-for-classical-data-classification-302809230.html,PRNewswire,2026-06-24T12:30:00Z,"BEIJING, June 24, 2026 /PRNewswire/ -- WiMi Hologram Cloud Inc. (NASDAQ: WIMI) (""WIMI"" or the ""Company""), a leading global Hologram Augmented Reality (""AR"") Technology provider, has completed systematic benchmark testing on fully parameterized quantum convolu…",True,2026-06-26T01:52:15.123328
Takaichi Government Targets 370 Trillion Yen Investment Push,https://newsonjapan.com/article/149781.php,Newsonjapan.com,2026-06-24T12:11:48Z,"The Takaichi government said on June 24 that public and private investment in 17 strategic fields, including AI and semiconductors, is expected to exceed 370 trillion yen by 2040, as it seeks to draw out private-sector spending and turn advanced technologies …",True,2026-06-26T01:52:15.123330
Quantum Cyber Announces Compliance With Trump Administration's National Quantum Initiative Executive Order Following Washington D.C. Delegation and Capitol Hill Engagements,https://www.globenewswire.com/news-release/2026/06/24/3316811/0/en/Quantum-Cyber-Announces-Compliance-With-Trump-Administration-s-National-Quantum-Initiative-Executive-Order-Following-Washington-D-C-Delegation-and-Capitol-Hill-Engagements.html,GlobeNewswire,2026-06-24T12:10:00Z,"Presidential Executive Order Directs DoD to Field Quantum Sensors by 2028, Build Domestic Quantum Supply Chains, and Advance National Security Quantum Computing Aligns with QUCY’s Quantum Antenna and Other Technologies Presidential Executive Order Directs DoD…",True,2026-06-26T01:52:15.123333
Quantum Leap Acquisition Corp Closing of the Full Exercise of the Over-Allotment Option,https://www.globenewswire.com/news-release/2026/06/24/3316807/0/en/Quantum-Leap-Acquisition-Corp-Closing-of-the-Full-Exercise-of-the-Over-Allotment-Option.html,GlobeNewswire,2026-06-24T12:05:00Z,"MENLO PARK, Calif., June 24, 2026 (GLOBE NEWSWIRE) -- Quantum Leap Acquisition Corp (“Quantum Leap” or the “Company”) today announced that the underwriters of its previously announced initial public offering fully exercised their over-allotment option to purc…",True,2026-06-26T01:52:15.123335
Twenty glorious years of Dedoimedo!,https://www.dedoimedo.com/life/dedoimedo-20-years.html,Dedoimedo.com,2026-06-24T12:00:00Z,"Celebrate good times, come on! Here's a milestone article announcing the twentieth anniversary of Dedoimedo, including early work, rise and growth in popularity, usefulness of the site as a career booster, the slow deterioration of the Internet, overall take …",False,2026-06-26T01:52:15.123336
The quantum-computing mistakes America must avoid,https://biztoc.com/x/ffa510a76957095d,Biztoc.com,2026-06-24T11:52:43Z,"Donald Trump is rightly trying to escape supply-chain dependency, but he should be careful, write Joshua Zoffer and Chris Miller",True,2026-06-26T01:52:15.123337
Data centers key to driving 8 percent economic growth: Minister,https://en.antaranews.com/news/420327/data-centers-key-to-driving-8-percent-economic-growth-minister,Antaranews.com,2026-06-24T11:50:13Z,Coordinating Minister for Economic Affairs Airlangga Hartarto stated that data center development is one of the main levers for driving higher economic growth ...,True,2026-06-26T01:52:15.123339
Should Investors Choose IonQ Over a More Established Quantum Computing Stock?,https://biztoc.com/x/91dbbcc7d132da39,Biztoc.com,2026-06-24T10:08:37Z,"As investors look for opportunities in tech, many have turned to quantum computing. Amid the industry's growth, start-up companies such as IonQ (NYSE: IONQ) have come about to fill specific market niches.
Moreover, quantum has long attracted established tech …",True,2026-06-26T01:52:15.123340
You can ignore Trump’s threats to leave NATO: Pimco says they’re a ‘paper tiger’,https://fortune.com/2026/06/24/nato-trump-threat-to-leave-pimco-paper-tiger/,Fortune,2026-06-24T09:43:31Z,Everything you need to know before you reach the office this morning.,True,2026-06-26T01:52:15.123341
Should Investors Choose IonQ Over a More Established Quantum Computing Stock?,https://consent.yahoo.com/v2/collectConsent?sessionId=1_cc-session_eadb858b-756f-49cf-a100-288c2b5d4ff6,Yahoo Entertainment,2026-06-24T09:34:00Z,,False,2026-06-26T01:52:15.123342
"Business is moving past the tech bro era and learning to value ‘real people, real places’",https://fortune.com/2026/06/24/post-tech-bro-era-steve-case-david-rubenstein-ai/,Fortune,2026-06-24T09:27:56Z,Also: All the news and watercooler chat from Fortune.,True,2026-06-26T01:52:15.123344
DAILY CURRENT AFFAIRS IAS | UPSC Prelims and Mains Exam – 23rd June 2026,https://iasbaba.com/2026/06/daily-current-affairs-ias-upsc-prelims-and-mains-exam-23rd-june-2026/,Iasbaba.com,2026-06-24T09:15:29Z,"Archives (PRELIMS  Focus) (MAINS Focus)  
The post DAILY CURRENT AFFAIRS IAS | UPSC Prelims and Mains Exam – 23rd June 2026 appeared first on IASbaba.",True,2026-06-26T01:52:15.123345
IBM targets Anderon venture to anchor quantum wafer supply,https://www.digitimes.com/news/a20260624VL214/ibm-quantum-computing-silicon-development-subsidiary.html,Digitimes,2026-06-24T07:36:01Z,"IBM is building a foundry to produce silicon wafers used in quantum-computing processors, seeking to become an indispensable part of the quantum economy under development. Called Anderon, the independent subsidiary is set to begin production this year, a deca…",True,2026-06-26T01:52:15.123346
wy-qcos 1.5.0,https://pypi.org/project/wy-qcos/1.5.0/,Pypi.org,2026-06-24T06:08:43Z,"WuYue QCOS (Quantum Computing Operating System), is an open-source, general-purpose Quantum Computing Operating System designed to provide unified software support for quantum computers of diverse architectures (e.g., SuperConducting, Neutral Atom, Ion Trap, …",True,2026-06-26T01:52:15.123348
wy-qcos-client 1.5.0,https://pypi.org/project/wy-qcos-client/1.5.0/,Pypi.org,2026-06-24T06:08:34Z,"WuYue QCOS Client and CLI. WuYue QCOS (Quantum Computing Operating System), is an open-source, general-purpose Quantum Computing Operating System designed to provide unified software support for quantum computers of diverse architectures (e.g., SuperConductin…",True,2026-06-26T01:52:15.123349
"New superconducting X-ray detector is up to 1,000 times more sensitive",https://www.sciencedaily.com/releases/2026/06/260623083108.htm,Science Daily,2026-06-24T06:05:27Z,"A groundbreaking superconducting X-ray spectrometer has begun operation at BESSY II, giving Europe its first TES-based system and boosting photon detection efficiency by up to 1,000 times. The advance enables scientists to explore atomically thin materials, n…",True,2026-06-26T01:52:15.123350
"Trump Orders US to Speed Quantum Adoption, Boost Cyber Defenses",https://www.insurancejournal.com/news/national/2026/06/24/874980.htm,Insurance Journal,2026-06-24T05:14:30Z,"President Donald Trump signed executive orders June 22 aimed at accelerating quantum research, laying the groundwork for federal agencies to adopt the technology and strengthen US defenses against cyberattacks. The orders would boost the US “as the world lead…",True,2026-06-26T01:52:15.123352
Fujitsu Receives Frost & Sullivan's 2026 Asia-Pacific Enabling Technology Leadership Recognition for Advancing Quantum-Inspired Computing Innovation,https://www.prnewswire.co.uk/news-releases/fujitsu-receives-frost--sullivans-2026-asia-pacific-enabling-technology-leadership-recognition-for-advancing-quantum-inspired-computing-innovation-302807746.html,PR Newswire UK,2026-06-24T05:00:00Z,"The digital transformation leader is recognized for its innovation, hybrid computing strategy, and scalable quantum-inspired computing solutions to solve complex enterprise optimization challenges. SAN ANTONIO, June 24, 2026 /PRNewswire/ -- Frost & Sullivan h…",True,2026-06-26T01:52:15.123353
Fujitsu Receives Frost & Sullivan's 2026 Asia-Pacific Enabling Technology Leadership Recognition for Advancing Quantum-Inspired Computing Innovation,https://www.prnewswire.com/news-releases/fujitsu-receives-frost--sullivans-2026-asia-pacific-enabling-technology-leadership-recognition-for-advancing-quantum-inspired-computing-innovation-302807730.html,PRNewswire,2026-06-24T05:00:00Z,"The digital transformation leader is recognized for its innovation, hybrid computing strategy, and scalable quantum-inspired computing solutions to solve complex enterprise optimization challenges. SAN ANTONIO, June 24, 2026 /PRNewswire/ -- Frost & Sullivan h…",True,2026-06-26T01:52:15.123354
Classiq and Hatch Advance Quantum Chemistry in Singapore Running on AWS,https://www.globenewswire.com/news-release/2026/06/24/3316581/0/en/Classiq-and-Hatch-Advance-Quantum-Chemistry-in-Singapore-Running-on-AWS.html,GlobeNewswire,2026-06-24T05:00:00Z,Classiq and Hatch completed a quantum-classical computational chemistry POC executed via Amazon Web Services and Braket....,True,2026-06-26T01:52:15.123355
Quantum Strategy Helps IBM Steer Around Tech Wreck,https://www.thedailyupside.com/technology/quantum-future-helps-ibm-defy-tech-wreck/,Thedailyupside.com,2026-06-24T04:01:00Z,"IBM shares rose 5% on Tuesday, thanks largely to a pair of executive orders signed that helped funnel it toward a quantum-fueled future.",True,2026-06-26T01:52:15.123357
Extra DGTS - Chad Regetti en Prof. Charles Marcus: 'Risico's rond Post-Quantum Cryptografie zijn angstzaaiing',https://omny.fm/shows/degrotetechshow/extra-dgts-chad-regetti-en-prof-charles-marcus-risicos-rond-post-quantum-cryptografie-zijn-angstzaaiing,Omny.fm,2026-06-24T04:00:00Z,"Quantumcomputers worden juist ontwikkeld door deskundigen en instanties over de hele wereld, maar twee absolute iconen in deze hoek van de sector komen (zoals het gros van digitale technologie, met name AI) toch 'gewoon' uit de VS. In deze extra aflevering va…",True,2026-06-26T01:52:15.123358
Supermicro levert NVIDIA Vera Rubin NVL4 end-to-end DCBBS Blueprint met native FP64-prestaties voor geconvergeerde HPC- en AI-infrastructuur,https://www.prnewswire.com/news-releases/supermicro-levert-nvidia-vera-rubin-nvl4-end-to-end-dcbbs-blueprint-met-native-fp64-prestaties-voor-geconvergeerde-hpc--en-ai-infrastructuur-302808655.html,PRNewswire,2026-06-24T03:53:00Z,"De totale oplossing omvat tot 1.152 NVIDIA Rubin-GPU's en 576 NVIDIA Vera-CPU's in vloeistofgekoelde racks. De 3,2 MW-schaalbare eenheid levert prestaties van de volgende generatie voor AI-workloads en FP64-simulaties en is schaalbaar tot onderzoeksclusters v…",True,2026-06-26T01:52:15.123359
Warum sich Risikokapitalgeber aus dem Silicon Valley plötzlich für Schweizer Startups interessieren,https://www.nzz.ch/wirtschaft/warum-sich-risikokapitalgeber-aus-dem-silicon-valley-ploetzlich-fuer-schweizer-startups-interessieren-ld.10012245,Www.nzz.ch,2026-06-24T03:30:00Z,"Internet und Software waren gestern. Venture-Tech-Fonds fokussieren jetzt auf Hochtechnologie wie Biotech, Robotik, Raumfahrt oder Quantencomputer. Davon profitiert die Schweiz massiv.",True,2026-06-26T01:52:15.123361
qedcbench 2.0.7,https://pypi.org/project/qedcbench/2.0.7/,Pypi.org,2026-06-24T03:25:52Z,QED-C Application-Oriented Quantum Computing Benchmarks and Execution Library,True,2026-06-26T01:52:15.123362
Soars 13.5% as US Wants Powerful Computers ASAP,https://biztoc.com/x/2e60fb2b8a0a6a7b,Biztoc.com,2026-06-24T02:46:51Z,"Quantinuum Inc. (NASDAQ:QNT) is one of the 10 Resilient Stocks Beating Market Slump.
Quantinuum saw its share prices increase by 13.46 percent on Tuesday to end at $77.46 apiece, as investors positioned their portfolios in quantum computing companies followin…",True,2026-06-26T01:52:15.123364
Quantinuum (QNT) Soars 13.5% as US Wants Powerful Computers ASAP,https://finance.yahoo.com/technology/ai/articles/quantinuum-qnt-soars-13-5-022418274.html,Yahoo Entertainment,2026-06-24T02:24:18Z,Quantinuum Inc. (NASDAQ:QNT) is one of the 10 Resilient Stocks Beating Market Slump. Quantinuum saw its share prices increase by 13.46 percent on Tuesday to...,False,2026-06-26T01:52:15.123365
Sarvam gets state backing; Andy Jassy’s India visit,https://economictimes.indiatimes.com/tech/newsletters/morning-dispatch/sarvam-gets-state-backing-andy-jassys-india-visit/articleshow/131980088.cms,The Times of India,2026-06-25T01:50:32Z,Happy Thursday! The Indian government may soon end up taking a stake in Sarvam AI. This and more in today’s ETtech Morning Dispatch.,True,2026-06-26T01:52:15.528495
"Cold Chain Packaging Market Size to Reach USD 93.1 Billion by 2033, Driven by Biopharmaceutical Expansion, E-commerce Growth, and Rising Demand for Temperature-Sensitive Logistics",https://www.prnewswire.com/news-releases/cold-chain-packaging-market-size-to-reach-usd-93-1-billion-by-2033--driven-by-biopharmaceutical-expansion-e-commerce-growth-and-rising-demand-for-temperature-sensitive-logistics-302807886.html,PRNewswire,2026-06-25T01:33:00Z,"Global market projected to grow at a CAGR of 13.5% from 2026 to 2033 as pharmaceutical, food, and healthcare industries increasingly rely on advanced cold chain packaging solutions SAN FRANCISCO, June 24, 2026 /PRNewswire/ -- The global cold chain packaging m…",True,2026-06-26T01:52:15.528509
Asian stocks rally as Micron Technology and SK Hynix boost market confidence,https://cryptobriefing.com/asian-stocks-rally-micron-sk-hynix-ai-chips/,Crypto Briefing,2026-06-25T01:07:13Z,"The surge in memory chip stocks highlights the critical role of AI infrastructure, driving global investment and reshaping tech supply chains.
The post Asian stocks rally as Micron Technology and SK Hynix boost market confidence appeared first on Crypto Brief…",True,2026-06-26T01:52:15.528511
China’s JCET to build new plant in Shanghai to expand advanced chip packaging,https://biztoc.com/x/f0dc0f760d0179a8,Biztoc.com,2026-06-25T00:36:43Z,"Chinese chip-packaging and testing giant Jiangsu Changjiang Electronics Technology (JCET) says it will invest 7.8 billion yuan (US$1.15 billion) to build a new plant, as demand for home-grown chips continues to surge amid the rapid development of artificial i…",True,2026-06-26T01:52:15.528512
SK Hynix surges 11% after filing for blockbuster Nasdaq listing,https://www.cnbc.com/2026/06/25/chip-tech-stocks-sk-hynix-nasdaq-adr-listing-29-billion-ai-investment.html,CNBC,2026-06-25T00:34:10Z,Shares of South Korean chip giant SK Hynix surged 11% on Thursday after the company said it is seeking to raise as much as $29.4 billion.,False,2026-06-26T01:52:15.528513
Mary Kay Extends Winning Streak With Fourth Year as #1 in Global Direct Selling Beauty,https://en.antaranews.com/news/420369/mary-kay-extends-winning-streak-with-fourth-year-as-1-in-global-direct-selling-beauty,Antaranews.com,2026-06-24T23:53:06Z,"-Mary Kay Inc., the iconic beauty and entrepreneurship company, has once again been named the #1 Direct Selling Brand of Skin Care and Color Cosmetics in the ...",True,2026-06-26T01:52:15.528515
"Qualcomm Claims Single-Core Leadership for Its First Server CPU, the Dragonfly C1000, Delivering 250+ Cores & 5 GHz By 2028",https://wccftech.com/qualcomm-single-core-leadership-first-server-cpu-dragonfly-c1000-250-cores-5-ghz-2028/,Wccftech,2026-06-24T21:40:11Z,"Qualcomm has introduced its first-ever CPU designed for Data Centers, the Dragonfly C1000, which leverages the Oryon architecture. Qualcomm Enters The Agentic AI CPU Race With Dragonfly C1000 Chip, Oryon-Based With Over 5 GHz Clocks, Over 250 Cores, & Aims To…",True,2026-06-26T01:52:15.528517
The 15 best Amazon Prime Day power bank deals to keep your phone alive in 2026,https://nypost.com/shopping/amazon-prime-day-power-banks-deals-2026/,New York Post,2026-06-24T19:30:00Z,The juice is lose.,False,2026-06-26T01:52:15.528519
高通攻AI資料中心，聯電獲點名，成先進封裝與製造合作主要夥伴,https://tw.stock.yahoo.com/news/%E9%AB%98%E9%80%9A%E6%94%BBai%E8%B3%87%E6%96%99%E4%B8%AD%E5%BF%83-%E8%81%AF%E9%9B%BB%E7%8D%B2%E9%BB%9E%E5%90%8D-%E6%88%90%E5%85%88%E9%80%B2%E5%B0%81%E8%A3%9D%E8%88%87%E8%A3%BD%E9%80%A0%E5%90%88%E4%BD%9C%E4%B8%BB%E8%A6%81%E5%A4%A5%E4%BC%B4-030159955.html,Yahoo Entertainment,2026-06-24T19:01:59Z,【財訊快報／記者李純君報導】高通（Qualcomm）於2026 Investor Day發表全新Dragonfly AI資料中心平台，揭露七家台資生態系夥伴，當中唯一一家獲點名的半導體業界就是聯電(2303)，高通也公布全球合作夥伴聲明。聯電（UMC）執行長王石表示，聯電很高興能與高通合作，共同推動下一代AI資料中心發展。王石表示：「隨著AI基礎設施持續演進，先進封裝與製造合作對於提供下一代資料中心所需的效能、能源效率及擴充能力，變得愈來愈重要。聯電很高興能與高通合作，在其AI資料中心產品布局持續推進的過程中，提…,False,2026-06-26T01:52:15.528520
Bank of America resets Intel stock price target,https://www.thestreet.com/investing/stocks/bank-of-america-raises-intel-stock-price-target,TheStreet,2026-06-24T17:07:00Z,"Intel (INTC) has gained about 263.09% year to date at the time of writing, Tuesday afternoon, June 23. Meanwhile, the SPDR S&P 500 index (SPY) is up about 8....",False,2026-06-26T01:52:15.528522
"SK Hynix plans to raise up to $29B in US listing, marking one of the largest ADR offerings ever",https://cryptobriefing.com/sk-hynix-29b-us-nasdaq-listing-2/,Crypto Briefing,2026-06-24T16:59:56Z,"SK Hynix's US listing could enhance global investor access, intensify competition with US firms, and impact existing shareholder value.
The post SK Hynix plans to raise up to $29B in US listing, marking one of the largest ADR offerings ever appeared first on …",True,2026-06-26T01:52:15.528523
owledge added to PyPI,https://pypi.org/project/owledge/,Pypi.org,2026-06-24T16:00:52Z,"Markdown-first durable memory for AI agents, existing repos, and knowledgebases.",True,2026-06-26T01:52:15.528525
Beyond SEZs: Companies want more than Industrial parks,https://www.thehindubusinessline.com/news/beyond-sezs-companies-want-more-than-industrial-parks/article71142710.ece,BusinessLine,2026-06-24T15:39:42Z,"Karnataka's integrated economic cities may redefine industrial development, prioritizing livability and talent retention over traditional industrial parks.",True,2026-06-26T01:52:15.528526
Radiopharmaceutical CDMO Market Size to Reach USD 8.14 Billion by 2035 | SNS Insider,https://www.globenewswire.com/news-release/2026/06/24/3317039/0/en/Radiopharmaceutical-CDMO-Market-Size-to-Reach-USD-8-14-Billion-by-2035-SNS-Insider.html,GlobeNewswire,2026-06-24T15:31:00Z,"The U.S. Radiopharmaceutical CDMO Market is projected to grow from USD 1.29 Billion in 2025 to USD 3.00 Billion by 2035, while Europe is expected to expand from USD 1.09 Billion to USD 3.24 Billion, supported by increasing radioligand therapy commercializatio…",True,2026-06-26T01:52:15.528527
"Industry leaders push for transparency, faster approvals in Tamil Nadu Industrial Policy 2026",https://www.thehindubusinessline.com/news/national/industry-leaders-push-for-transparency-faster-approvals-in-tamil-nadu-industrial-policy-2026/article71142274.ece,BusinessLine,2026-06-24T14:51:37Z,"Industry representatives raised concerns over skilled talent migration to other states and urged Tamil Nadu to strengthen its innovation ecosystem, focusing on semiconductors, electronics and biopharma while improving single-window clearances and regulatory p…",True,2026-06-26T01:52:15.528529
Wolfbox 4000A Car Battery Jump Starter for $80 + free shipping,https://www.dealnews.com/Wolfbox-4000-A-Car-Battery-Jump-Starter-for-80-free-shipping/21851899.html,Dealnews.com,2026-06-24T14:30:03Z,"Wolfbox 4000A Car Battery Jump Starter for $80, which is $150 off the $230 list price. A jump starter like this is useful to keep in your trunk if you drive older vehicles, live somewhere cold, or just want a backup that doesn't require another car nearby, an…",True,2026-06-26T01:52:15.528532
"Advanced Packaging Could Support AI Data Center Growth, Mizuho Says",https://biztoc.com/x/9ba823bd6b8bae68,Biztoc.com,2026-06-24T14:12:35Z,"Intel (NASDAQ:INTC) is one of the
Intel Corporation may benefit from tailwinds coming from advanced packaging technologies, which has led one firm to raise estimates and its price target for the stock. On June 22, Mizuho analyst Siti Panigrahi raised the pric…",True,2026-06-26T01:52:15.528533
"Intel (INTC) Advanced Packaging Could Support AI Data Center Growth, Mizuho Says",https://finance.yahoo.com/technology/ai/articles/intel-intc-advanced-packaging-could-134719489.html,Yahoo Entertainment,2026-06-24T13:47:19Z,"Intel (NASDAQ:INTC) is one of the 15 AI Stocks Analysts Are Watching: Microsoft, Nvidia, and More. Intel Corporation may benefit from tailwinds coming from a...",False,2026-06-26T01:52:15.528534
Frozen Assets: How Super Micro Puts AI Heat on Ice,https://www.marketbeat.com/articles/frozen-assets-how-super-micro-puts-ai-heat-on-ice/?utm_source=yahoofinance&amp;utm_medium=yahoofinance,MarketBeat,2026-06-24T13:25:00Z,Super Micro is capitalizing on advanced liquid-cooling blueprints alongside NVIDIA to revolutionize accelerated data center efficiency for global hyperscaler...,True,2026-06-26T01:52:15.528536
"TSMC is reportedly hiking prices for 'all advanced nodes,' accounting for 74% of the company’s wafer business — Nvidia, AMD, Apple, Qualcomm, and others will face higher wafer costs",https://www.tomshardware.com/tech-industry/semiconductors/tsmc-is-reportedly-hiking-prices-for-all-advanced-nodes-accounting-for-74-percent-of-the-companys-wafer-business-nvidia-amd-apple-qualcomm-and-others-will-face-higher-wafer-costs,Tom's Hardware UK,2026-06-24T13:06:45Z,"TSMC has reportedly told customers to prepare for 5% to 10% price hikes across advanced chip nodes, extending beyond 3nm to include 7nm and some legacy processes.",True,2026-06-26T01:52:15.528537
Crypto finally has a CLARITY Act date – delivery now depends on seven Senate Democrats,https://cryptoslate.com/crypto-finally-has-a-clarity-act-date-delivery-now-depends-on-seven-senate-democrats/,CryptoSlate,2026-06-24T13:05:31Z,"The House Financial Services Committee has scheduled a July 17 field hearing in New York on the CLARITY Act, giving the bill another public stage while the Senate floor vote that would decide its immediate path remains unscheduled. The CLARITY Act cleared the…",True,2026-06-26T01:52:15.528538
SK hynix files to raise up to $29 billion in historic Nasdaq listing — all proceeds going to advanced AI memory fabs and EUV tool orders,https://www.tomshardware.com/tech-industry/sk-hynix-files-to-raise-up-to-29-billion-in-nasdaq-listing,Tom's Hardware UK,2026-06-24T12:42:34Z,SK hynix filed a securities registration statement on Wednesday to raise up to 45.45 trillion won through an American depositary receipt listing on Nasdaq.,True,2026-06-26T01:52:15.528539
"VanEck Launches SMHC, Offering Pure-Play Access to China's Semiconductor Build-Out",https://www.prnewswire.com/news-releases/vaneck-launches-smhc-offering-pure-play-access-to-chinas-semiconductor-build-out-302808501.html,PRNewswire,2026-06-24T12:30:00Z,"The VanEck China Semiconductor ETF (SMHC) provides direct exposure to 25 of the largest and most liquid Chinese companies across the semiconductor value chain, a universe with no constituent overlap with existing U.S.-listed semiconductor funds.1 NEW YORK, Ju…",True,2026-06-26T01:52:15.528541
Advanced Installer Architect 23.8.0,https://post.rlsbb.to/advanced-installer-architect-23-8-0/,Rlsbb.to,2026-06-24T12:07:13Z,"Description: Windows Installer Packaging Tool for Developers, ISVs & Enterprises. Building MSI installers for 20+ years. Unmatched support for MSIX technology. Advanced Installer is a Windows installer authoring tool for installing, updating, and configuring …",True,2026-06-26T01:52:15.528542
X-Rite Pantone Adds MSI PRO MAX Displays to Pantone Validated Program for Proven Color Fidelity for Real World Colors,https://www.prnewswire.com/news-releases/x-rite-pantone-adds-msi-pro-max-displays-to-pantone-validated-program-for-proven-color-fidelity-for-real-world-colors-302808667.html,PRNewswire,2026-06-24T12:01:00Z,"New MSI Displays Meet Pantone Standards for Realistic Color and Skin Tone Reproduction GRAND RAPIDS, Mich., June 24, 2026 /PRNewswire/ -- X-Rite Pantone, the global authority in color standards and color science, announced that MSI's new PRO MAX Series displa…",True,2026-06-26T01:52:15.528543
Chevron’s Microsoft Deal Turns Natural Gas Into an AI Trade,https://www.marketbeat.com/articles/fueling-ai-chevron-bypasses-the-grid-for-ai/?utm_source=yahoofinance&amp;utm_medium=yahoofinance,MarketBeat,2026-06-24T11:40:00Z,Chevron is completely reshaping energy markets by finalizing a massive natural gas power agreement to fuel artificial intelligence data centers off the grid.,True,2026-06-26T01:52:15.528545
SK Hynix sets a $29 billion US listing that could top every ADR deal ever done,https://thenextweb.com/news/sk-hynix-29-billion-us-adr-listing/,The Next Web,2026-06-24T11:15:46Z,"SK Hynix has filed to raise up to 45.45 trillion won, roughly $29bn, through a listing of American depositary receipts on Nasdaq, the South Korean memory maker disclosed in a regulatory filing on Wednesday. The company has tentatively set July 10 for the debu…",True,2026-06-26T01:52:15.528546
we+ explores craft and digital fabrication through material intelligence,https://www.designboom.com/design/we-plus-craft-digital-fabrication-material-intelligence-interview/,Designboom,2026-06-24T10:50:34Z,"in an interview with designboom, we+ explains explains how making becomes a way of learning through materials.
The post we+ explores craft and digital fabrication through material intelligence appeared first on designboom | architecture & design magazine.",False,2026-06-26T01:52:15.528547
llmtune-local added to PyPI,https://pypi.org/project/llmtune-local/,Pypi.org,2026-06-24T10:48:11Z,Fine-tune any LLM locally using LoRA/QLoRA — browser UI + optional TUI,True,2026-06-26T01:52:15.528549
Metallic Stearates Market Size to Surpass USD 6.25 Billion by 2035 as Global Polymer and Pharmaceutical Demand Accelerates | SNS Insider,https://www.globenewswire.com/news-release/2026/06/24/3316680/0/en/Metallic-Stearates-Market-Size-to-Surpass-USD-6-25-Billion-by-2035-as-Global-Polymer-and-Pharmaceutical-Demand-Accelerates-SNS-Insider.html,GlobeNewswire,2026-06-24T10:30:00Z,"U.S. Metallic Stearates Market Set to Grow USD 1.56 Billion by 2035, While Europe Advances Toward USD 0.98 Billion on Regulatory-Driven Demand for High-Performance Additives U.S. Metallic Stearates Market Set to Grow USD 1.56 Billion by 2035, While Europe Adv…",True,2026-06-26T01:52:15.528550
S.Korea chip giant SK hynix seeks $29 bn in Nasdaq listing: regulatory filing,https://www.digitaljournal.com/article/s-korea-chip-giant-sk-hynix-seeks-29-bn-in-nasdaq-listing-regulatory-filing/,Digital Journal,2026-06-24T10:00:36Z,"The company filed an application with the US Securities and Exchange Commission in March to begin the listing process.
The post S.Korea chip giant SK hynix seeks $29 bn in Nasdaq listing: regulatory filing appeared first on Digital Journal.",False,2026-06-26T01:52:15.528551
Global market for advanced chip packaging set for rapid expansion,https://www.digitimes.com/news/a20260624PR202/packaging-glass-substrate-foplp-market-2030.html,Digitimes,2026-06-24T09:23:33Z,"The market for fan-out panel-level packaging(FOPLP) and glass substrate packaging is set to grow sharply as chipmakers race to support AI and high-performance computing. For global readers, the shift could shape future device performance, supply chains, and w…",True,2026-06-26T01:52:15.528553
How SK Hynix's bet on a niche memory chip made it more valuable than Samsung,https://economictimes.indiatimes.com/tech/technology/how-sk-hynixs-bet-on-a-niche-memory-chip-made-it-more-valuable-than-samsung/articleshow/131961600.cms,The Times of India,2026-06-24T09:03:31Z,"SK Hynix has risen to claim the title of South Korea's most valuable company, a testament to its visionary 14-year investment in high-bandwidth memory (HBM) chips. Initially viewed with doubt, this strategic pivot to a niche segment, particularly serving Nvid…",True,2026-06-26T01:52:15.528554
South Korea's SK Hynix says to raise $29 billion in ADR listing,https://economictimes.indiatimes.com/tech/technology/south-koreas-sk-hynix-says-to-raise-29-billion-in-adr-listing/articleshow/131960850.cms,The Times of India,2026-06-24T08:33:05Z,South Korea's SK Hynix is set to raise a massive $29.43 billion through American Depositary Receipts on Nasdaq. This significant capital infusion aims to bolster its investor base and expand production capacity for crucial AI chips. Funds will be channeled in…,True,2026-06-26T01:52:15.528555
ASE Technology Holding expands capacity with 15 new sites to meet surging AI chip demand,https://cryptobriefing.com/ase-technology-expands-capacity-ai-demand/,Crypto Briefing,2026-06-24T08:09:57Z,"ASE's expansion underscores the long-term growth potential of AI, signaling robust demand and strategic positioning in the semiconductor industry.
The post ASE Technology Holding expands capacity with 15 new sites to meet surging AI chip demand appeared first…",True,2026-06-26T01:52:15.528557
"Oil, AI and chips: The new resource race redrawing markets and nations",https://economictimes.indiatimes.com/industry/cons-products/electronics/oil-ai-and-chips-the-new-resource-race-redrawing-markets-and-nations/articleshow/131936189.cms,The Times of India,2026-06-24T05:31:18Z,"The leap to a $5 trillion valuation for Nvidia underscores a dramatic paradigm shift: semiconductors have become the driving force of global economic prowess, akin to oil in previous centuries. With nations such as Taiwan and South Korea emerging through powe…",True,2026-06-26T01:52:15.528564
viclix-vault added to PyPI,https://pypi.org/project/viclix-vault/,Pypi.org,2026-06-24T04:55:19Z,A client library for accessing Viclix Microservices API,True,2026-06-26T01:52:15.528565
Global Market: How SK Hynix's AI bet helped it eclipse Samsung in market value,https://economictimes.indiatimes.com/markets/us-stocks/news/global-market-how-sk-hynixs-ai-bet-helped-it-eclipse-samsung-in-market-value/articleshow/131955095.cms,The Times of India,2026-06-24T04:38:35Z,"SK Hynix’s rise to South Korea’s most valuable listed company reflects a long-term bet on HBM chips that became central to the AI boom. Backed by early investment and Nvidia demand, the company transformed from a struggling memory maker into a global semicond…",True,2026-06-26T01:52:15.528566
"Axial Flux Motor Market to Reach USD 4,970.69 Million by 2032 Amid Rising EV Adoption, High-Efficiency Drive Demand, and Growth in Aerospace and Robotics Applications - Credence Research",https://www.prnewswire.co.uk/news-releases/axial-flux-motor-market-to-reach-usd-4-970-69-million-by-2032-amid-rising-ev-adoption-high-efficiency-drive-demand-and-growth-in-aerospace-and-robotics-applications--credence-research-302808663.html,PR Newswire UK,2026-06-24T04:00:00Z,"LONDON, June 24, 2026 /PRNewswire/ -- The ""Axial Flux Motor Market – Growth, Share, Opportunities & Competitive Analysis, 2025 – 2032"" report has been added to the Credence Research Inc. offering. The global Axial Flux Motor Market was valued at USD 1,501.72 …",True,2026-06-26T01:52:15.528568
"Axial Flux Motor Market to Reach USD 4,970.69 Million by 2032 Amid Rising EV Adoption, High-Efficiency Drive Demand, and Growth in Aerospace and Robotics Applications - Credence Research",https://www.prnewswire.com/news-releases/axial-flux-motor-market-to-reach-usd-4-970-69-million-by-2032-amid-rising-ev-adoption-high-efficiency-drive-demand-and-growth-in-aerospace-and-robotics-applications--credence-research-302808657.html,PRNewswire,2026-06-24T03:54:00Z,"LONDON, June 24, 2026 /PRNewswire/ -- The ""Axial Flux Motor Market – Growth, Share, Opportunities & Competitive Analysis, 2025 – 2032"" report has been added to the Credence Research Inc. offering. The global Axial Flux Motor Market was valued at USD 1,501.72 …",True,2026-06-26T01:52:15.528569
How SK Hynix's bet on a niche memory chip made it more valuable than Samsung,https://finance.yahoo.com/technology/ai/articles/sk-hynixs-bet-niche-memory-023730244.html,Yahoo Entertainment,2026-06-24T02:37:30Z,SK Hynix's overtaking of Samsung Electronics to become South Korea's most valuable firm was the culmination of 14 years of bets that brought it skepticism an...,False,2026-06-26T01:52:15.528570
Qualcomm claims it's not too late for Dragonfly to land in datacenters,https://www.theregister.com/systems/2026/06/24/qualcomm-claims-its-not-too-late-for-dragonfly-to-land-in-datacenters/5261758,Theregister.com,2026-06-24T21:32:19Z,"Oh, Snap(dragon): DC chief says the mobile-chip giant sees bit barns as its next growth market",False,2026-06-26T01:52:15.770563
"AWS pipped AMD and Intel to the first CPU supporting PCIe 6.0, and you can now finally rent it by the hour (but don't expect any miracles)",https://www.techradar.com/pro/aws-pipped-amd-and-intel-to-the-first-cpu-supporting-pcie-6-0-and-you-can-now-finally-rent-it-by-the-hour-but-dont-expect-any-miracles,TechRadar,2026-06-24T19:35:00Z,"AWS has launched Graviton5 with PCIe 6.0 support, although supporting hardware capable of exploiting it remains scarce.",True,2026-06-26T01:52:15.770565
Broadcom and OpenAI unveil custom-built Jalapeño inference processor — OpenAI's first chip is a massive reticle-sized ASIC built in an ultra-fast nine-month development cycle,https://www.tomshardware.com/tech-industry/artificial-intelligence/broadcom-and-openai-unveil-custom-built-jalapeno-inference-processor-openais-first-chip-is-a-massive-reticle-sized-asic-built-in-an-ultra-fast-nine-month-development-cycle,Tom's Hardware UK,2026-06-24T18:50:56Z,Broadcom and OpenAI reveal their Jalapeño custom-built inference ASIC that allegedly beats existing leading-edge in terms of performance-per-watt.,True,2026-06-26T01:52:15.770567
"GEEKOM, arriva il Prime Day: tantissimi mini PC in offerta con sconti fino al 30% #AD",https://tech.everyeye.it/articoli/speciale-geekom-arriva-prime-day-tantissimi-mini-pc-offerta-sconti-30-67301.html,Everyeye.it,2026-06-24T06:42:00Z,Scopriamo le più interessanti proposte di GEEKOM per il Prime Day 2026 su Amazon Italia: un'occasione unica per risparmiare fino a 280 euro.,True,2026-06-26T01:52:15.770569
中國芯片出口額暴增110%，是否意味西方「封鎖失敗」？,https://www.bbc.com/zhongwen/articles/cg4w2n5ql32o/trad,BBC News,2026-06-25T01:48:08Z,「我們仍然有一種印象，也就是中國正受到美國的卡脖子或限制。為什麼數據與這種認知之間會存在這種反差？」深入拆解這組數字，就能夠找到答案。,True,2026-06-26T01:52:15.990898
Inventec NVIDIA GeForce RTX 4060 Laptop Graphics Driver 32.0.15.9186 for Windows 10 64-bit,https://drivers.softpedia.com/get/GRAPHICS-BOARD/NVIDIA/Inventec-NVIDIA-GeForce-RTX-4060-Laptop-Graphics-Driver-32-0-15-9186-for-Windows-10-64-bit.shtml,Softpedia.com,2026-06-25T01:47:01Z,"The package provides the installation files for Inventec NVIDIA GeForce RTX 4060 Laptop Graphics Driver version 32.0.15.9186. If the driver is already installed on your system, updating (overwrite-installing) may fix various issues, add new functions, or just…",False,2026-06-26T01:52:15.990908
Micron reports record Q3 earnings of $41.5B as AI demand sends revenue up fourfold,https://cryptobriefing.com/micron-record-q3-earnings-ai-demand/,Crypto Briefing,2026-06-25T01:43:42Z,"Micron's earnings surge highlights AI's transformative impact on tech supply chains, potentially sidelining crypto-driven demand in the semiconductor market.
The post Micron reports record Q3 earnings of $41.5B as AI demand sends revenue up fourfold appeared …",True,2026-06-26T01:52:15.990912
sixtytwo-cli 0.3.21,https://pypi.org/project/sixtytwo-cli/0.3.21/,Pypi.org,2026-06-25T01:38:57Z,"Sixtytwo CLI: `sixtytwo rent` reserves reliability-backed GPUs; `sixtytwo` qualifies, monitors, and NCCL-benchmarks your own GPU clusters, with Slurm/SkyPilot integration.",True,2026-06-26T01:52:15.990914
Intel Arc Pro B65现已在美国上市 售价910美元起,https://www.cnbeta.com.tw/articles/tech/1566744.htm,Cnbeta.com.tw,2026-06-25T01:36:30Z,"Intel 的专业显卡 Arc Pro B65 现在已经在美国市场开卖，起售价为 910 美元。 这款卡面向工作站和专业创作场景，主打 32GB GDDR6 显存，因此并不是为普通游戏玩家设计的消费级产品。
Arc Pro B65 配备 32GB GDDR6 显存，采用 256-bit 位宽，整卡定位明显偏向 AI 推理、3D 建模、视频剪辑和其他高显存负载工作。 华擎等合作伙伴也已经推出了基于这款 GPU 的版本，其中部分型号采用散热器或机箱设计上的差异化方案，面向不同工作站需求。 与更高一级的 Arc Pr…",True,2026-06-26T01:52:15.990915
Nvidia’s market cap hits $5T as it rolls out new Vera Rubin chip architecture,https://cryptobriefing.com/nvidia-5t-vera-rubin-chip-architecture/,Crypto Briefing,2026-06-25T01:35:18Z,"Nvidia's advancements could revolutionize AI efficiency, but geopolitical and supply chain risks may challenge its ability to meet soaring demand.
The post Nvidia’s market cap hits $5T as it rolls out new Vera Rubin chip architecture appeared first on Crypto …",True,2026-06-26T01:52:15.990917
Inventec NVIDIA GeForce RTX 3080 Ti Laptop Graphics Driver 32.0.15.9186 for Windows 10 version 1903 64-bit,https://drivers.softpedia.com/get/GRAPHICS-BOARD/NVIDIA/Inventec-NVIDIA-GeForce-RTX-3080-Ti-Laptop-Graphics-Driver-32-0-15-9186-for-Windows-10-version-1903-64-bit.shtml,Softpedia.com,2026-06-25T01:30:01Z,"The package provides the installation files for Inventec NVIDIA GeForce RTX 3080 Ti Laptop Graphics Driver version 32.0.15.9186. If the driver is already installed on your system, updating (overwrite-installing) may fix various issues, add new functions, or j…",False,2026-06-26T01:52:15.990918
dna-decode added to PyPI,https://pypi.org/project/dna-decode/,Pypi.org,2026-06-25T01:24:19Z,"Deterministic, interpretable genome->phenotype decoder: calls antibiotic/antiviral/antifungal resistance (R/S) from DNA and names the exact genes/mutations driving each call, with its own blind spots + provenance. Spans bacteria, M. tuberculosis, fungi, HIV-1…",True,2026-06-26T01:52:15.990919
高通带来 Dragonfly 数据中心产品组合：HBC 架构、C1000 CPU、AI300 推理加速器,https://www.ithome.com/0/968/257.htm,Ithome.com,2026-06-25T01:12:40Z,IT之家 6 月 25 日消息，Qualcomm（高通）今日在投资者日上宣布了其全面的 Dragonfly 数据中心解决方案，包括 HBC 架构、C1000 CPU、AI300 推理加速器，此外还有芯片设计服务与互连产品组合。HBC（高带宽计算）架构HBC 是一种分离式架构，其将完整芯片拆分为主 SoC 和 HBC 堆栈，两部分间采用标准 2D 有机基板互连。HBC 堆栈底部是近内存加速器单元，其上则以 TSV（硅通孔）技术堆叠 LPDDR DRAM Die。高通宣称 HBC 相较基于 HBM 的系统可实现更高能…,True,2026-06-26T01:52:15.990921
高通收購Modular，打造跨晶片AI運算平臺,https://www.ithome.com.tw/news/176872,Ithome.com.tw,2026-06-25T01:06:51Z,高通（Qualcomm）周三（6/24）宣布，將收購AI軟體新創Modular。Modular開發的AI運算平臺可讓AI模型跨CPU、GPU、NPU及客製化ASIC等不同硬體執行，而無須針對各種晶片重新修改程式碼，降低AI應用跨不同運算平臺的部署門檻。,True,2026-06-26T01:52:15.990922
Inventec NVIDIA GeForce RTX 4050 Laptop Graphics Driver 32.0.15.9186 for Windows 10 version 1809 64-bit,https://drivers.softpedia.com/get/GRAPHICS-BOARD/NVIDIA/Inventec-NVIDIA-GeForce-RTX-4050-Laptop-Graphics-Driver-32-0-15-9186-for-Windows-10-version-1809-64-bit.shtml,Softpedia.com,2026-06-25T01:06:01Z,"The package provides the installation files for Inventec NVIDIA GeForce RTX 4050 Laptop Graphics Driver version 32.0.15.9186. If the driver is already installed on your system, updating (overwrite-installing) may fix various issues, add new functions, or just…",False,2026-06-26T01:52:15.990924
[유미's 픽] 월가가 찍은 AI 수혜주…시스코 목표가 줄상향에 주가 '들썩',https://zdnet.co.kr/view/?no=20260625092634,Zdnet.co.kr,2026-06-25T00:56:07Z,[지디넷코리아]시스코가 월가에서 인공지능(AI) 데이터센터 수혜주로 재평가받고 있다. 생성형 AI 확산으로 데이터센터 내부 트래픽이 급증하면서 그래픽처리장치(GPU)를 연결하는 네트워크·광학 기술 중요성이 커진 영향으로 풀이된다.25일 업계에 따르면 해외 주요 투자은행(IB)들은 최근 시스코 목표주가를 잇달아 올리고 있다. 뱅크오브아메리카(BofA)는 지난 8일 시스코 목표주가를 135달러에서 150달러로 상향하고 매수 의견을 유지했다. BofA는 5월 26일…,True,2026-06-26T01:52:15.990925
SK Hynix’s $30B US listing poses serious challenges for Micron’s market position,https://cryptobriefing.com/sk-hynix-us-listing-micron-challenges/,Crypto Briefing,2026-06-25T00:55:29Z,"SK Hynix's US listing could reshape the competitive landscape, challenging Micron's dominance and altering investor strategies in AI memory.
The post SK Hynix’s $30B US listing poses serious challenges for Micron’s market position appeared first on Crypto Bri…",True,2026-06-26T01:52:15.990926
Inventec NVIDIA GeForce RTX 3080 Ti Laptop Graphics Driver 32.0.15.9186 for Windows 11,https://drivers.softpedia.com/get/GRAPHICS-BOARD/NVIDIA/Inventec-NVIDIA-GeForce-RTX-3080-Ti-Laptop-Graphics-Driver-32-0-15-9186-for-Windows-11.shtml,Softpedia.com,2026-06-25T00:52:02Z,"The package provides the installation files for Inventec NVIDIA GeForce RTX 3080 Ti Laptop Graphics Driver version 32.0.15.9186. If the driver is already installed on your system, updating (overwrite-installing) may fix various issues, add new functions, or j…",False,2026-06-26T01:52:15.990928
华强北内存降价，AI不和我们抢内存了？,https://www.bohaishibei.com/post/110565/,Bohaishibei.com,2026-06-25T00:49:58Z,内存涨价的鬼故事，咱们已经讲很久了。 但最近吧，网上又有不服的声音了，说什么华强北的现货价比起最高点已经掉了不少，主流 16G 条子从一千三跌回一千块上下。 于是一堆人开始喷：看吧， 内存根本不缺货，…,True,2026-06-26T01:52:15.990929
"OpenAI svela Jalapeno, il suo primo chip AI proprietario: meno dipendenza da NVIDIA",https://www.smartworld.it/news/openai-jalapeno-chip-ai-proprietario.html,Smartworld.it,2026-06-25T00:44:00Z,"OpenAI ha presentato Jalapeno, il suo primo chip AI sviluppato con Broadcom: più efficienza energetica e meno dipendenza da NVIDIA. Ecco cosa cambia.
L'articolo OpenAI svela Jalapeno, il suo primo chip AI proprietario: meno dipendenza da NVIDIA sembra essere…",True,2026-06-26T01:52:15.990930
"ROSEN, A LEADING NATIONAL FIRM, Encourages Microsoft Investors to Secure Counsel Before Important Deadline in Securities Class Action – MSFT",https://www.globenewswire.com/news-release/2026/06/25/3317243/673/en/ROSEN-A-LEADING-NATIONAL-FIRM-Encourages-Microsoft-Investors-to-Secure-Counsel-Before-Important-Deadline-in-Securities-Class-Action-MSFT.html,GlobeNewswire,2026-06-25T00:44:00Z,"NEW YORK, June 24, 2026 (GLOBE NEWSWIRE) -- WHY: Rosen Law Firm, a global investor rights law firm, reminds purchasers of common stock of Microsoft Corporation (NASDAQ: MSFT) between May 1, 2025 and January 28, 2026, inclusive (the “Class Period”), of the imp…",True,2026-06-26T01:52:15.990932
ペンギンソリューションズ、AIファクトリープラットフォーム向け新製品群の日本市場での販売開始を発表、大規模AI導入の迅速な立ち上げと安定運用を支援,https://prtimes.jp/main/html/rd/p/000000013.000087607.html,Prtimes.jp,2026-06-25T00:40:42Z,"[ペンギンソリューションズ株式会社]
米ペンギンソリューションズ（Penguin Solutions：ナスダック上場：PENG）の日本法人であるペンギンソリューションズ株式会社（本社：東京都千代田区、代表取締役社長：正田三四郎、以下ペンギンソリューションズ...",True,2026-06-26T01:52:15.990933
Inventec NVIDIA GeForce RTX 3080 Ti Laptop Graphics Driver 32.0.15.9186 for Windows 11 version 25H2,https://drivers.softpedia.com/get/GRAPHICS-BOARD/NVIDIA/Inventec-NVIDIA-GeForce-RTX-3080-Ti-Laptop-Graphics-Driver-32-0-15-9186-for-Windows-11-version-25H2.shtml,Softpedia.com,2026-06-25T00:39:01Z,"The package provides the installation files for Inventec NVIDIA GeForce RTX 3080 Ti Laptop Graphics Driver version 32.0.15.9186. If the driver is already installed on your system, updating (overwrite-installing) may fix various issues, add new functions, or j…",False,2026-06-26T01:52:15.990935
Intel Xeon 658X Review: 24 Cores Into Intel’s New Workstation Platform,https://www.storagereview.com/review/intel-xeon-658x-review-24-cores-into-intels-new-workstation-platform,Storagereview.com,2026-06-25T00:36:18Z,"Intel’s return to boxed workstation processors arrived on February 2, 2026, when the company announced the Xeon 600 series, codenamed Granite Rapids-WS, with retail parts reaching shelves in late March. The launch folded the old Xeon W-2500 and W-3500 lines i…",True,2026-06-26T01:52:15.990936
IndiaAI backing could make government a minority shareholder in Sarvam,https://economictimes.indiatimes.com/tech/technology/indiaai-backing-could-make-government-a-minority-shareholder-in-sarvam/articleshow/131975997.cms,The Times of India,2026-06-25T00:30:00Z,"The central government could end up with a 1-2% stake in AI startup Sarvam, valued at $1.5 billion, as part of its $300 million funding round. This rare instance of equity holding arises from non-cash support provided under the IndiaAI Mission, where the gove…",True,2026-06-26T01:52:15.990937
Dr.Buho【2026年完全版】MacでPhotoshopが重い原因と今すぐできる改善策｜Mチップ対応,https://japan.cnet.com/release/31181890/,CNET,2026-06-25T00:30:00Z,＿＿＿＿＿＿＿＿＿＿＿＿＿＿＿＿＿＿＿＿＿＿＿＿＿＿＿＿＿＿＿＿＿＿＿＿＿＿＿＿＿＿＿＿＿＿＿＿Dr.Buho Inc.はこのたび、Macクリーナー「BuhoCleaner」の新バージョンをリリースしました。本バージョンでは、Photoshopのキャッシュクリア機能および重複ファイル、大容量ファイルの削除機能を最適化しました。これ...,True,2026-06-26T01:52:15.990939
算力太多沒處花？Midjourney跨足醫療推全身掃描儀，免輻射、媲美MRI精細度，規格控看過來,https://www.techbang.com/posts/130496-midjourney-medical-imaging-whole-body-ultrasound-scanner,Techbang.com,2026-06-25T00:30:00Z,"IFENG
 發表於 2026年6月25日 08:30
 

 



 
 
 
 

 
以 AI 繪圖技術聞名的美國獨角獸平台 Midjourney，正在將其商業觸角從「生成貓咪圖」的創意領域，正式延伸至醫療健康界！

日前，Midjourney 執行長 David Holz 首度展示了該公司的第一款硬體產品——「Midjourney Scanner」全身超音波掃描儀，並宣布一項計畫：預計於舊金山開設配套的「體檢水療中心」（Midjourney Spa）。這項跨界舉動，無疑為科技與醫療界的融合投下…",True,2026-06-26T01:52:15.990940
MSI's Katana 15 is a solid midrange gaming laptop and it's 15% off during Prime Day,https://www.zdnet.com/article/msi-katana-15-hx-amazon-prime-day-deal-2026/,ZDNet,2026-06-25T00:26:44Z,"Save $200 on MSI's Katana 15 HX during Prime Day. It houses an Intel Core i7 CPU, RTX 5060 GPU, and a 165Hz QHD display.",True,2026-06-26T01:52:15.990941
Godot 源码分析（五）：3D 对象与贴图在 Godot 引擎中如何转化为 Vulkan 显示,https://blog.csdn.net/caimouse/article/details/162292890,Csdn.net,2026-06-25T00:20:37Z,文章浏览阅读67次。前四篇我们分别看了 Godot 的一级目录结构、后端的 5 个核心文件、以及四层调用关系。本篇聚焦到一个更具体的工程问题：用户创建一个 3D 角色（MeshInstance3D + ArrayMesh + Material + Texture），Godot 引擎内部是如何把这些「资源对象」转换为 Vulkan 能理解的VkBufferVkImageVkSamplerVkPipeline，并最终显示在窗口上的？,False,2026-06-26T01:52:15.990943
Inventec NVIDIA GeForce RTX 3080 Laptop Graphics Driver 32.0.15.9186 for Windows 11 version 22H2,https://drivers.softpedia.com/get/GRAPHICS-BOARD/NVIDIA/Inventec-NVIDIA-GeForce-RTX-3080-Laptop-Graphics-Driver-32-0-15-9186-for-Windows-11-version-22H2.shtml,Softpedia.com,2026-06-25T00:17:01Z,"The package provides the installation files for Inventec NVIDIA GeForce RTX 3080 Laptop Graphics Driver version 32.0.15.9186. If the driver is already installed on your system, updating (overwrite-installing) may fix various issues, add new functions, or just…",False,2026-06-26T01:52:15.990944
英伟达股东会摘要：黄仁勋豪言AI投资回报率的问题“已有答案”,https://www.cnbeta.com.tw/articles/tech/1566700.htm,Cnbeta.com.tw,2026-06-25T00:06:32Z,"周四凌晨，全球市值最高上市公司英伟达举行年度股东大会。AI产业领军人物黄仁勋在股东大会上表示，关于AI投资回报率的问题“已有答案”。在业务更新中，黄仁勋反复强调，AI数据中心是“制造词元（token）”的工厂，词元可以变成代码、答案、设计、行动和服务，因此每个token都是利润单位。
这里面也包含他整场最有市场情绪的一句话：有用的AI已经到来，并且已经能够赚钱（Useful AI has arrived， and it is profitable）。黄仁勋同时强调，英伟达系统可能不是采购价格最低的，但能产生最低…",True,2026-06-26T01:52:15.990946
pystatistics 3.18.0,https://pypi.org/project/pystatistics/3.18.0/,Pypi.org,2026-06-25T00:03:12Z,GPU-accelerated statistical computing for Python,True,2026-06-26T01:52:15.990947
Inventec NVIDIA GeForce RTX 3070 Ti Laptop Graphics Driver 32.0.15.9186 for Windows 11 version 24H2,https://drivers.softpedia.com/get/GRAPHICS-BOARD/NVIDIA/Inventec-NVIDIA-GeForce-RTX-3070-Ti-Laptop-Graphics-Driver-32-0-15-9186-for-Windows-11-version-24H2.shtml,Softpedia.com,2026-06-25T00:03:01Z,"The package provides the installation files for Inventec NVIDIA GeForce RTX 3070 Ti Laptop Graphics Driver version 32.0.15.9186. If the driver is already installed on your system, updating (overwrite-installing) may fix various issues, add new functions, or j…",False,2026-06-26T01:52:15.990948
OpenAI and Broadcom Unveil Jalapeno,https://www.c-sharpcorner.com/news/openai-and-broadcom-unveil-jalapesharp241o,C-sharpcorner.com,2026-06-25T00:00:00Z,"OpenAI and Broadcom unveil Jalapeño, OpenAI’s first custom AI inference chip built for LLM workloads, aiming to improve performance, efficiency, and reduce dependence on NVIDIA GPUs.",True,2026-06-26T01:52:15.990950
Why the AI Boom Could Trigger the Biggest Energy Trade in Decades,https://oilprice.com/Energy/Energy-General/Why-the-AI-Boom-Could-Trigger-the-Biggest-Energy-Trade-in-Decades.html,OilPrice.com,2026-06-25T00:00:00Z,"Artificial intelligence is creating a new class of infrastructure giants virtually overnight, and one innovative Bitcoin miner that made an early leap into the global power business, feeding the voracious appetite of AI data centers, is now being rewarded for…",True,2026-06-26T01:52:15.990951
Inventec NVIDIA GeForce RTX 3080 Laptop Graphics Driver 32.0.15.9186 for Windows 10 version 21H2 64-bit,https://drivers.softpedia.com/get/GRAPHICS-BOARD/NVIDIA/Inventec-NVIDIA-GeForce-RTX-3080-Laptop-Graphics-Driver-32-0-15-9186-for-Windows-10-version-21H2-64-bit.shtml,Softpedia.com,2026-06-24T23:57:01Z,"The package provides the installation files for Inventec NVIDIA GeForce RTX 3080 Laptop Graphics Driver version 32.0.15.9186. If the driver is already installed on your system, updating (overwrite-installing) may fix various issues, add new functions, or just…",False,2026-06-26T01:52:15.990952
OpenAI 攜手博通打造客製 AI 晶片 專攻 LLM 推論市場效率更高,https://tw.stock.yahoo.com/news/openai-%E6%94%9C%E6%89%8B%E5%8D%9A%E9%80%9A%E6%89%93%E9%80%A0%E5%AE%A2%E8%A3%BD-ai-%E6%99%B6%E7%89%87-%E5%B0%88%E6%94%BB-235355913.html,Yahoo Entertainment,2026-06-24T23:53:55Z,商傳媒｜方承業／綜合外電報導美國人工智慧（AI）公司 OpenAI 與半導體大廠博通（Broadcom）共同宣布，已成功開發一款名為 Jalapeño 的客製化 AI 晶片，專為大型語言模型（LLM）推論（inference）工作負載設計。這款晶片僅耗時九個月便完成試產（tape-out），展現極高的開發效率，並預計將於今年底部署至微軟（Microsoft）及其他合作夥伴的資料中心。 Jalapeño 晶片設計獨特，採用特殊應用積體電路（ASIC）架構，不同於市面上通用型 AI 處理器或訓練加速器，其核心目標是為…,False,2026-06-26T01:52:15.990954
再談 2026 PC 趨勢：舊瓶新酒回應平價 MacBook Neo 衝擊,https://technews.tw/2026/06/25/revisiting-2026-pc-trends-repackaging-old-concepts-respond-affordable-macbook-neo-impact/,Technews.tw,2026-06-24T23:50:06Z,2026 年 PC 市況不好相信大家已有耳聞，罪魁禍首就是 AI 基礎建設強勁需求而暴漲的記憶體，甚至 CPU 和 GPU 跟著短缺。但這時蘋果卻推出有史以來最便宜的 MacBook「MacBook Neo」搶占入門 PC 市場，Windows 陣營因此大受震動，各供應商無不絞盡腦汁想辦法回擊。就像...,False,2026-06-26T01:52:15.990955
Inventec NVIDIA GeForce RTX 3080 Ti Laptop Graphics Driver 32.0.15.9186 for Windows 10 64-bit,https://drivers.softpedia.com/get/GRAPHICS-BOARD/NVIDIA/Inventec-NVIDIA-GeForce-RTX-3080-Ti-Laptop-Graphics-Driver-32-0-15-9186-for-Windows-10-64-bit.shtml,Softpedia.com,2026-06-24T23:42:02Z,"The package provides the installation files for Inventec NVIDIA GeForce RTX 3080 Ti Laptop Graphics Driver version 32.0.15.9186. If the driver is already installed on your system, updating (overwrite-installing) may fix various issues, add new functions, or j…",False,2026-06-26T01:52:15.990956
Inventec NVIDIA GeForce RTX 3070 Ti Laptop Graphics Driver 32.0.15.9186 for Windows 10 version 1809 64-bit,https://drivers.softpedia.com/get/GRAPHICS-BOARD/NVIDIA/Inventec-NVIDIA-GeForce-RTX-3070-Ti-Laptop-Graphics-Driver-32-0-15-9186-for-Windows-10-version-1809-64-bit.shtml,Softpedia.com,2026-06-24T23:30:01Z,"The package provides the installation files for Inventec NVIDIA GeForce RTX 3070 Ti Laptop Graphics Driver version 32.0.15.9186. If the driver is already installed on your system, updating (overwrite-installing) may fix various issues, add new functions, or j…",False,2026-06-26T01:52:15.990958
Imervue 1.0.75,https://pypi.org/project/imervue/1.0.75/,Pypi.org,2026-06-24T23:24:30Z,"GPU-accelerated image viewer with non-destructive develop, RAW/HDR/panorama support, AI upscale, XMP sidecars, and a plugin system.",True,2026-06-26T01:52:15.990959
"퀄컴, AI 데이터센터 청사진 공개...""전용 CPU 2028년 출시""",https://zdnet.co.kr/view/?no=20260625062146,Zdnet.co.kr,2026-06-24T23:23:17Z,"[지디넷코리아]""퀄컴은 지난 몇 년 동안 마치 잠수함처럼 필요한 자산을 축적해 왔다. 그 결과 CPU, AI 가속기, 메모리, 네트워크, 소프트웨어를 모두 갖춘 종합 포트폴리오가 완성됐다. 퀄컴의 새로운 장은 데이터센터 플랫폼 구축에서 시작될 것이다.""24일(현지시간) 오후 미국 뉴욕에서 진행된 투자자 대상 '인베스터 데이' 행사에서 크리스티아노 아몬 퀄컴 CEO가 이렇게 강조했다.이날 퀄컴은 에이전틱 AI에 초점을 둔 새로운 서버용 프로세서 '드래곤플라이 C…",True,2026-06-26T01:52:15.990960
"퀄컴, AI 스타트업 '모듈러' 39억 달러에 인수",https://zdnet.co.kr/view/?no=20260625065650,Zdnet.co.kr,2026-06-24T23:20:18Z,[지디넷코리아]퀄컴이 24일(현지시간) AI 인프라 스타트업 모듈러(Modular)를 39억 달러(약 6조 196억원)에 인수한다고 밝혔다. 토큰 생성·처리 비용을 낮추기 위한 이기종 컴퓨팅 강화 목적이다.모듈러는 구글 출신 크리스 래트너와 팀 데이비스가 CPU와 GPU 제조사별로 파편화된 소프트웨어 문제를 해결하기 위해 2022년에 만든 스타트업이다. 파이썬 대비 실행 속도가 빠른 새 언어 '모조(mojo)' 등을 개발했다.특정 가속기마다 별도 코드를 작성해…,True,2026-06-26T01:52:15.990961
AI 技术日报 - 2026-06-25 - iTech,https://www.cnblogs.com/itech/p/20785789,Cnblogs.com,2026-06-24T23:14:00Z,AI 技术日报 - 2026-06-25 Top 10 AI 技术要闻 Dspyer - DSPy 和 LangGraph 的自纠正可优化 LLM 工作流转译器 Dspyer 是一个创新的 LLM 工作流优化工具，能够将有状态的命令式工作流转译为声明式 DSPy 程序。该项目采用 Python 开发,True,2026-06-26T01:52:15.990963
SpaceX投资者David George看好星舰，称发展太空AI算力不可避免,https://36kr.com/newsflashes/3867784007324680,36kr.com,2026-06-24T23:13:21Z,SpaceX投资者、Andreessen Horowitz LLC普通合伙人David George表示，新型星舰火箭的“快速可重复使用”特性，对于实现埃隆·马斯克利用轨道数据中心扩展AI算力的愿景至关重要。George周三在接受采访时表示，一旦星舰投入使用，将那些能力拓展至太空是不可避免的，因为地球上的AI数据中心容量正日益受限。他提出了一个看待这些未来卫星的新视角：“太空中飞机大小的GPU机架”。（新浪财经）,True,2026-06-26T01:52:15.990964
"La MSI MAG PANO M100L PZ White baja a 59,99€ en Amazon con un 30% de descuento",https://www.blogdechollos.com/la-msi-mag-pano-m100l-pz-white-baja-a-5999e-en-amazon-con-un-30-de-descuento/,Blogdechollos.com,2026-06-24T23:09:32Z,"Montar un PC pequeño ya no obliga a renunciar a una caja vistosa ni a pelearse con el cableado. El problema suele ser encontrar un chasis compacto que no se quede corto en ventilación, espacio útil o conectividad. La MSI MAG PANO M100L PZ White entra justo en…",False,2026-06-26T01:52:15.990965
Inventec NVIDIA GeForce RTX 3070 Laptop Graphics Driver 32.0.15.9186 for Windows 11 version 25H2,https://drivers.softpedia.com/get/GRAPHICS-BOARD/NVIDIA/Inventec-NVIDIA-GeForce-RTX-3070-Laptop-Graphics-Driver-32-0-15-9186-for-Windows-11-version-25H2.shtml,Softpedia.com,2026-06-24T23:06:02Z,"The package provides the installation files for Inventec NVIDIA GeForce RTX 3070 Laptop Graphics Driver version 32.0.15.9186. If the driver is already installed on your system, updating (overwrite-installing) may fix various issues, add new functions, or just…",False,2026-06-26T01:52:15.990967
FStorm 1.6 & 2.0M for 3DS Max Win,https://cgpersia.com/2026/06/fstorm-1-6-2-0m-for-3ds-max-win-204002.html,Cgpersia.com,2026-06-24T22:47:18Z,"FStorm 1.6 & 2.0M for 3DS Max Win Title: FStorm 1.6 & 2.0M for 3DS Max Win Info: FStormRender has being developed by PinkSoft LTD since 2015 and becomes the most popular GPU render with architectural 3d artists due to its speed, quality and simplicity. FStorm…",True,2026-06-26T01:52:15.990968
"Micron Technology forecasts strong sales, boosts US stock futures",https://cryptobriefing.com/micron-strong-sales-forecast-stock-futures/,Crypto Briefing,2026-06-24T22:35:05Z,"Micron's robust forecast highlights the underestimated AI demand, signaling potential growth for the tech sector and semiconductor industry.
The post Micron Technology forecasts strong sales, boosts US stock futures appeared first on Crypto Briefing.",True,2026-06-26T01:52:15.990969
Inventec NVIDIA GeForce RTX 3070 Laptop Graphics Driver 32.0.15.9186 for Windows 10 64-bit,https://drivers.softpedia.com/get/GRAPHICS-BOARD/NVIDIA/Inventec-NVIDIA-GeForce-RTX-3070-Laptop-Graphics-Driver-32-0-15-9186-for-Windows-10-64-bit.shtml,Softpedia.com,2026-06-24T22:31:01Z,"The package provides the installation files for Inventec NVIDIA GeForce RTX 3070 Laptop Graphics Driver version 32.0.15.9186. If the driver is already installed on your system, updating (overwrite-installing) may fix various issues, add new functions, or just…",False,2026-06-26T01:52:15.990971
aquila 0.3.5,https://pypi.org/project/aquila/0.3.5/,Pypi.org,2026-06-24T22:28:16Z,"Single control plane for multi-node vLLM inference — deploy, serve, and manage LLMs across a GPU cluster without Kubernetes.",True,2026-06-26T01:52:15.990972
france-opendata 0.15.1,https://pypi.org/project/france-opendata/0.15.1/,Pypi.org,2026-06-24T22:21:10Z,"Connecteurs Python data publique France (open data) : entreprises (Recherche Entreprises, Sirene, INPI bilans, BODACC), marchés publics (BOAMP), immobilier (DVF+ Cerema), foncier/cadastre/urbanisme (BAN, API Carto, BDTOPO, Sit@del, GPU, QPV, Géorisques, EPFIF…",True,2026-06-26T01:52:15.990975
Inventec NVIDIA GeForce RTX 3060 Laptop Graphics Driver 32.0.15.9186 for Windows 11 version 24H2,https://drivers.softpedia.com/get/GRAPHICS-BOARD/NVIDIA/Inventec-NVIDIA-GeForce-RTX-3060-Laptop-Graphics-Driver-32-0-15-9186-for-Windows-11-version-24H2.shtml,Softpedia.com,2026-06-24T22:17:02Z,"The package provides the installation files for Inventec NVIDIA GeForce RTX 3060 Laptop Graphics Driver version 32.0.15.9186. If the driver is already installed on your system, updating (overwrite-installing) may fix various issues, add new functions, or just…",False,2026-06-26T01:52:15.990976
"샌디스크, 내년 'HBF' 첫 샘플 공급…""AI PC시대 고성능 스토리지 중요""",https://www.inews24.com/view/1979065,Inews24.com,2026-06-24T22:15:02Z,"지난달 PC&middot;콘텐츠 제작 공략한 SSD 브랜드 '옵티머스' 제품 공개
SK하이닉스와 HBF 표준화 추진&hellip;내년 초 첫 디바이스 공개
&quot;AI 산업 '학습'에서 '추론'으로 이동...HBF로 메모리 월 해결&quot; 미국 낸드플래시 업체 샌디스크가 차세대 인공지능(AI) 메모리인 고대역폭플래시(HBF) 상용화 로드맵을 공개했다. 생성형 AI 확산으로 데이터 처리량이 급증하면서 연산 반도체뿐 아니라 메모리&middot;스토리지 …",True,2026-06-26T01:52:15.990978
FSR 4.1 Shows Massive Performance Gains on RDNA 3,https://www.techpowerup.com/350264/fsr-4-1-shows-massive-performance-gains-on-rdna-3,Techpowerup.com,2026-06-24T22:14:47Z,"When TechPowerUp spoke to AMD's Chief Software Officer and Senior Director of Software earlier in June, the executives made bold claims about the quality of its new FSR 4.1 implementation coming to older RDNA 3 GPUs, stating that, despite underlying technical…",False,2026-06-26T01:52:15.990979
Inventec NVIDIA GeForce RTX 3060 Laptop Graphics Driver 32.0.15.9186 for Windows 10 Vibranium 64-bit,https://drivers.softpedia.com/get/GRAPHICS-BOARD/NVIDIA/Inventec-NVIDIA-GeForce-RTX-3060-Laptop-Graphics-Driver-32-0-15-9186-for-Windows-10-Vibranium-64-bit.shtml,Softpedia.com,2026-06-24T22:07:01Z,"The package provides the installation files for Inventec NVIDIA GeForce RTX 3060 Laptop Graphics Driver version 32.0.15.9186. If the driver is already installed on your system, updating (overwrite-installing) may fix various issues, add new functions, or just…",False,2026-06-26T01:52:15.990980
MSI Claw 8 EX AI+ análisis: el handheld más potente de la historia cuesta lo que un PC gaming completo,https://wwwhatsnew.com/2026/06/25/msi-claw-8-ex-ai-plus-analisis-intel-arc-g3-extreme-precio-2026/,Wwwhatsnew.com,2026-06-24T22:00:49Z,"Si quieres el mejor ordenador portátil para gaming del mercado en este momento, ya sabes cuál es: el MSI Claw 8 EX AI+. El problema es que cuesta 1.799 dólares (≈ 1.693 euros), más que muchos portátiles gaming con RTX 5070, y que el precio se debe en parte a …",True,2026-06-26T01:52:15.990982
"Podvodníci inovují, nahradili křemík organikou: GeForce RTX 4090 s plastovým GPU",https://diit.cz/clanek/podvodnici-inovuji-nahradili-kremik-organikou-geforce-rtx-4090-s-plastovym-gpu,Diit.cz,2026-06-24T22:00:01Z,"Devadesátkové modely GeForce jsou úzkoprofilovým zbožím. Jednak proto, že Nvidia omezuje dodávky GeForce RTX 5090, v důsledku čehož dosahuje cena 2-3× vyšší úrovně než odpovídá MSRP (u luxusnějších modelů i více), ale také proto, že do řady zemí,...",True,2026-06-26T01:52:15.990983
Inventec NVIDIA GeForce RTX 3050 Ti Laptop Graphics Driver 32.0.15.9186 for Windows 11 version 25H2,https://drivers.softpedia.com/get/GRAPHICS-BOARD/NVIDIA/Inventec-NVIDIA-GeForce-RTX-3050-Ti-Laptop-Graphics-Driver-32-0-15-9186-for-Windows-11-version-25H2.shtml,Softpedia.com,2026-06-24T21:55:02Z,"The package provides the installation files for Inventec NVIDIA GeForce RTX 3050 Ti Laptop Graphics Driver version 32.0.15.9186. If the driver is already installed on your system, updating (overwrite-installing) may fix various issues, add new functions, or j…",False,2026-06-26T01:52:15.990984
Mehrere Probleme in webkit2gtk3 (SUSE),https://www.pro-linux.de/sicherheit/2/105333/sicherheit-mehrere-probleme-in-webkit2gtk3.html,Pro-Linux,2026-06-24T21:52:41Z,"Kostenlose Nachrichten, Web-Support und Foren rund um Linux, OpenSource und Freie Software. Angebote wie News, Berichte, Workshops, Tipps, Links und Kalender.",True,2026-06-26T01:52:15.990986
onvif-m-producer added to PyPI,https://pypi.org/project/onvif-m-producer/,Pypi.org,2026-06-24T21:49:27Z,RTSP → object detection → ONVIF Profile-M metadata producer,True,2026-06-26T01:52:15.990987
france-opendata 0.15.0,https://pypi.org/project/france-opendata/0.15.0/,Pypi.org,2026-06-24T21:49:22Z,"Connecteurs Python data publique France (open data) : entreprises (Recherche Entreprises, Sirene, INPI bilans, BODACC), marchés publics (BOAMP), immobilier (DVF+ Cerema), foncier/cadastre/urbanisme (BAN, API Carto, BDTOPO, Sit@del, GPU, QPV, Géorisques, EPFIF…",True,2026-06-26T01:52:15.990989
Inventec NVIDIA GeForce RTX 3060 Laptop Graphics Driver 32.0.15.9186 for Windows 10 version 1809 64-bit,https://drivers.softpedia.com/get/GRAPHICS-BOARD/NVIDIA/Inventec-NVIDIA-GeForce-RTX-3060-Laptop-Graphics-Driver-32-0-15-9186-for-Windows-10-version-1809-64-bit.shtml,Softpedia.com,2026-06-24T21:43:01Z,"The package provides the installation files for Inventec NVIDIA GeForce RTX 3060 Laptop Graphics Driver version 32.0.15.9186. If the driver is already installed on your system, updating (overwrite-installing) may fix various issues, add new functions, or just…",False,2026-06-26T01:52:15.990990
vaultspec-rag 0.2.24,https://pypi.org/project/vaultspec-rag/0.2.24/,Pypi.org,2026-06-24T21:41:52Z,"GPU-accelerated semantic search for your docs and source code: hybrid dense + sparse RAG on a local Qdrant backend, served to Claude Code and other MCP clients.",True,2026-06-26T01:52:15.990992
OpenAI 推出首款 AI 處理器 Jalapeño　媲美 Nvidia 與 Google 晶片,https://www.newmobilelife.com/2026/06/25/openai-jalapeno-ai-processor-broadcom/,Newmobilelife.com,2026-06-24T21:41:33Z,"<!-- wp:paragraph {""canvasClassName"":""cnvs-block-core-paragraph-1782337160286""} -->
OpenAI 於週三公佈其首款自研 AI 處理器，名為 Jalapeño，這是一顆與 Broadcom 合作開發的專用集成電路（ASIC），專門用於 AI 推理任務。該晶片旨在驅動目前及未來的大型語言模型，減輕 OpenAI 對 Nvidia GPU 的依賴。自 OpenAI 在九個月前透露與 Broadcom 聯手設計晶片以來，Jalapeño …",True,2026-06-26T01:52:15.990993
uni-db-metal 2.3.0,https://pypi.org/project/uni-db-metal/2.3.0/,Pypi.org,2026-06-24T21:39:24Z,Python bindings for Uni Graph Database (all 11 providers + Apple GPU/ANE),True,2026-06-26T01:52:15.990994
"Runpod raises $100M at $1B valuation, rejects $500M buyout offers",https://cryptobriefing.com/runpod-raises-100m-billion-valuation-rejects-buyout/,Crypto Briefing,2026-06-24T21:32:49Z,"Runpod's decision to remain independent highlights its strategic focus on long-term growth and market dominance in the AI infrastructure sector.
The post Runpod raises $100M at $1B valuation, rejects $500M buyout offers appeared first on Crypto Briefing.",True,2026-06-26T01:52:15.990996
TSMC Gelişmiş Çip Üretiminde Fiyatları Artırıyor,https://shiftdelete.net/?p=1269308,Shiftdelete.net,2026-06-24T21:30:00Z,"TSMC, 7nm ve daha gelişmiş çip üretim süreçlerinde fiyat artışına gidiyor. Apple, Nvidia ve AMD gibi devleri etkileyecek süreç hakkında detaylar.",True,2026-06-26T01:52:15.990997
Podman 6.0 chega com suporte a GPUs AMD e mudanças que impactam usuários,https://www.edivaldobrito.com.br/podman-6-0-chega-com-suporte-a-gpus-amd-e-mudancas-que-impactam-usuarios/,Edivaldobrito.com.br,2026-06-24T21:26:21Z,"Confira as novidades do Podman 6.0, incluindo suporte a GPUs AMD e grandes mudanças que exigem atenção dos usuários Linux.
O post Podman 6.0 chega com suporte a GPUs AMD e mudanças que impactam usuários apareceu primeiro em Blog do Edivaldo - Informações e No…",True,2026-06-26T01:52:15.990999
Inventec NVIDIA GeForce RTX 3050 Ti Laptop Graphics Driver 32.0.15.9186 for Windows 11,https://drivers.softpedia.com/get/GRAPHICS-BOARD/NVIDIA/Inventec-NVIDIA-GeForce-RTX-3050-Ti-Laptop-Graphics-Driver-32-0-15-9186-for-Windows-11.shtml,Softpedia.com,2026-06-24T21:21:01Z,"The package provides the installation files for Inventec NVIDIA GeForce RTX 3050 Ti Laptop Graphics Driver version 32.0.15.9186. If the driver is already installed on your system, updating (overwrite-installing) may fix various issues, add new functions, or j…",False,2026-06-26T01:52:15.991000
"[Prime] $1099.99 | Acer Nitro V 16S AI Gaming Laptop | AMD Ryzen 7 260 | RTX 5060 Laptop GPU (572 AI Tops) | 16"" WUXGA IPS 180Hz | 32GB DDR5 | 1TB Gen 4 SSD at Amazon",https://slickdeals.net/f/19679664-prime-1099-99-acer-nitro-v-16s-ai-gaming-laptop-amd-ryzen-7-260-rtx-5060-laptop-gpu-572-ai-tops-16-wuxga-ips-180hz-32gb-ddr5-1tb-gen-4-ssd-at-amazon,Slickdeals.net,2026-06-24T21:13:22Z,"Amazon [amazon.com] has Acer Nitro V 16S AI Gaming Laptop | AMD Ryzen 7 260 | NVIDIA GeForce RTX 5060 Laptop GPU (572 AI Tops) | 16"" WUXGA IPS 180Hz Display | 32GB DDR5 | 1TB Gen 4 SSD for $1099.",True,2026-06-26T01:52:15.991001
Najhitrejši superračunalnik spet kitajski,https://slo-tech.com/novice/t854856,Slo-tech.com,2026-06-24T21:12:39Z,"Najhitrejši superračunalnik spet kitajski

<ul><li>Matej Huš 
:: ravnokar</li><li>Znanost in tehnologija</li></ul>



[dodaj]
Slo-Tech - Izšla je že 67. inačica lestvice najhitrejših petsto superračunalnikov na svetu, na kateri je primat ponovno prevzela…",True,2026-06-26T01:52:15.991003
"Get a HP Omen RTX 5090 desktop for under $2740 — the ultimate workstation for AI devs, creative pros, and STEM students heading back to school",https://www.techradar.com/pro/get-a-hp-omen-rtx-5090-desktop-for-under-usd2740-the-ultimate-workstation-for-ai-devs-creative-pros-and-stem-students-heading-back-to-school,TechRadar,2026-06-24T21:10:00Z,Serious horsepower under the hood.,False,2026-06-26T01:52:15.991004
【西川和久の不定期コラム】4万円台でアクセサリ全部入り。Blackviewの12.2型タブ「MEGA 5」,https://pc.watch.impress.co.jp/docs/column/nishikawa/2119812.html,Impress.co.jp,2026-06-24T21:07:00Z,BlackviewはUNISOC T7300/12GB/256GBを搭載した12.2型Androidタブレット「MEGA 5」を販売中だ。編集部から実機が送られてきたので試用レポートをお届けしたい。,True,2026-06-26T01:52:15.991005
(PR) ASUS ROG Strix SCAR 18 Now Available with 320W Total System Power and New ROG Nebula Extreme Low Motion Blur (ELMB) Displays,https://www.techpowerup.com/350263/asus-rog-strix-scar-18-now-available-with-320w-total-system-power-and-new-rog-nebula-extreme-low-motion-blur-elmb-displays,Techpowerup.com,2026-06-24T21:05:49Z,"ASUS Republic of Gamers (ROG) announced today that the 2026 ROG Strix SCAR 18 is now available for purchase from ASUS and partner retailers. Built for gamers, creators, developers, and power users, the refreshed flagship pairs an Intel Core Ultra 9 290HX Plus…",False,2026-06-26T01:52:15.991006
Inventec NVIDIA GeForce RTX 3050 Ti Laptop Graphics Driver 32.0.15.9186 for Windows 10 version 1903 64-bit,https://drivers.softpedia.com/get/GRAPHICS-BOARD/NVIDIA/Inventec-NVIDIA-GeForce-RTX-3050-Ti-Laptop-Graphics-Driver-32-0-15-9186-for-Windows-10-version-1903-64-bit.shtml,Softpedia.com,2026-06-24T21:04:01Z,"The package provides the installation files for Inventec NVIDIA GeForce RTX 3050 Ti Laptop Graphics Driver version 32.0.15.9186. If the driver is already installed on your system, updating (overwrite-installing) may fix various issues, add new functions, or j…",False,2026-06-26T01:52:15.991008
Avast One Ultimate,https://uk.pcmag.com/security-suites/145967/avast-one-ultimate,PCMag.com,2026-06-24T21:02:02Z,"Your security suite protects your privacy and security in many ways. You get antivirus protection against malware, firewall protection against network-based attacks, and more. But these standard security components can’t help when your bank accounts are drain…",True,2026-06-26T01:52:15.991009
تسريبات جديدة تكشف عن مواصفات معالج هاتف Nothing Phone 4b القادم وتفاصيل سعره الاقتصادي,https://www.unlimit-tech.com/2026/06/%d8%aa%d8%b3%d8%b1%d9%8a%d8%a8%d8%a7%d8%aa-%d8%ac%d8%af%d9%8a%d8%af%d8%a9-%d8%aa%d9%83%d8%b4%d9%81-%d8%b9%d9%86-%d9%85%d9%88%d8%a7%d8%b5%d9%81%d8%a7%d8%aa-%d9%85%d8%b9%d8%a7%d9%84%d8%ac-%d9%87%d8%a7/,Unlimit-tech.com,2026-06-24T21:00:05Z,"هذا الموضوع تسريبات جديدة تكشف عن مواصفات معالج هاتف Nothing Phone 4b القادم وتفاصيل سعره الاقتصادي ظهر على التقنية بلا حدود.
تم إطلاق هاتفي Nothing Phone 4a وأيضا طراز Nothing Phone 4a Pro والمعروض حاليا بسعر 509 USD دولار في شهر مارس من عام 2026 الحالي وأكد…",True,2026-06-26T01:52:15.991010
なぜ中国のスパコン「霊晟」はエヌビディア製GPUなしで世界一になれたのか？ カギは“モンスターCPU” - 中国,https://jbpress.ismedia.jp/articles/-/95578,Ismedia.jp,2026-06-24T21:00:00Z,「霊晟」は理論上のピーク性能の8割相当の実測性能2.198exaFLOPS（エクサフロップス、1秒間に100京回の浮動小数点演算を実行できる性能）を達成。持続的な演算性能で2exaFLOPSを超えた世界初のスパコンとなった。これまで首位を守ってきた米エネルギー省の「El Capitan」は1.809exaFLOPSで2位に後退した。　日本勢の理化学研究所と富士通が共同開発した「富岳」は0.442ex,True,2026-06-26T01:52:15.991012
Swift 6.4,https://mjtsai.com/blog/2026/06/24/swift-6-4/,Mjtsai.com,2026-06-24T20:54:42Z,"Swift 6.4 is now available in beta form with Xcode 27. The Swift Evolution proposals are listed here. What’s new in Swift: Discover the latest language advancements, including updates for everyday ergonomics, improved concurrency, and safer high-performance c…",True,2026-06-26T01:52:15.991013
"This 18-Inch Asus ROG Strix Gaming Laptop at $1,239 Is the Steal of Prime Day",https://uk.pcmag.com/laptops/165804/this-18-inch-asus-rog-strix-gaming-laptop-at-1239-is-the-steal-of-prime-day,PCMag.com,2026-06-24T20:52:47Z,"This 27%-off Asus ROG Strix G18 is one of the most surprising laptop deals I've encountered for Prime Day (ever). Amazon's also offering the MSI Katana 15 for $370 off!
Look, I've been editing gaming laptop reviews for well more than a decade now, and I've be…",True,2026-06-26T01:52:15.991014
"В Китае изобрели суперкомпьютер, который обогнал разработки США и Германии",https://novate.ru/news/9749/,Novate.ru,2026-06-24T20:48:00Z,"На проходящей в Гамбурге международной конференции ISC 2026 была опубликована 67-я редакция авторитетного глобального рейтинга TOP500. Главной сенсацией стало возвращение Китая на вершину мирового ИТ-олимпа.
Подробнее..",True,2026-06-26T01:52:15.991015
Inventec NVIDIA GeForce RTX 3050 Ti Laptop Graphics Driver 32.0.15.9186 for Windows 10 64-bit,https://drivers.softpedia.com/get/GRAPHICS-BOARD/NVIDIA/Inventec-NVIDIA-GeForce-RTX-3050-Ti-Laptop-Graphics-Driver-32-0-15-9186-for-Windows-10-64-bit.shtml,Softpedia.com,2026-06-24T20:43:01Z,"The package provides the installation files for Inventec NVIDIA GeForce RTX 3050 Ti Laptop Graphics Driver version 32.0.15.9186. If the driver is already installed on your system, updating (overwrite-installing) may fix various issues, add new functions, or j…",False,2026-06-26T01:52:15.991017
"AMD confirms Adrenalin 26.6.2 driver fails to launch on Windows 10, recommends rolling back",https://www.tweaktown.com/news/112339/amd-confirms-adrenalin-26-6-2-driver-fails-to-launch-on-windows-10-recommends-rolling-back/index.html,TweakTown,2026-06-24T20:40:07Z,"AMD confirmed the issue and recommends rolling back to 26.6.1, but that means losing FSR 4.1 support on RDNA 3 until a fixed version ships.Continue reading at TweakTown",False,2026-06-26T01:52:15.991018
У китайцев получился процессор на уровне Intel Xeon 6. Hygon анонсировала CPU C86-5G — 128 ядер и 512 потоков,https://www.ixbt.com/news/2026/06/24/hygon-c86-5g-128-512-intel-xeon-6.html,Ixbt.com,2026-06-24T20:34:00Z,Hygon также готовит новые графические ускорители для дата-центров,True,2026-06-26T01:52:15.991019
Nothing Phone (4b) leak reveals chipset details and affordable pricing,https://www.notebookcheck.net/Nothing-Phone-4b-leak-reveals-chipset-details-and-affordable-pricing.1327754.0.html,Notebookcheck.net,2026-06-24T20:34:00Z,A Geekbench listing has revealed early performance details of the Nothing Phone (4b). The upcoming smartphone is tipped to feature the Snapdragon 6 Gen 4 chipset and may launch as a cheaper alternative to the Phone (4a).,True,2026-06-26T01:52:15.991021
animica-node added to PyPI,https://pypi.org/project/animica-node/,Pypi.org,2026-06-24T20:32:44Z,"Animica node — slim, no-GPU runtime: run a full node + JSON-RPC (native + Bitcoin- and Ethereum-compatible). Built for exchanges and infrastructure operators.",True,2026-06-26T01:52:15.991022
Inventec NVIDIA GeForce RTX 3050 4GB Laptop Graphics Driver 32.0.15.9186 for Windows 11 version 22H2,https://drivers.softpedia.com/get/GRAPHICS-BOARD/NVIDIA/Inventec-NVIDIA-GeForce-RTX-3050-4GB-Laptop-Graphics-Driver-32-0-15-9186-for-Windows-11-version-22H2.shtml,Softpedia.com,2026-06-24T20:26:01Z,"The package provides the installation files for Inventec NVIDIA GeForce RTX 3050 4GB Laptop Graphics Driver version 32.0.15.9186. If the driver is already installed on your system, updating (overwrite-installing) may fix various issues, add new functions, or …",False,2026-06-26T01:52:15.991024
Test Lenovo ThinkPad X1 Carbon Gen 14 Aura Edition : un ultraportabke qui préfigure ce que devrait être la réparabilité à l'avenir,https://www.zdnet.fr/guide-achat/test-lenovo-thinkpad-x1-carbon-gen-14-aura-edition-un-ultraportabke-qui-prefigure-ce-que-devrait-etre-la-reparabilite-a-lavenir-497504.htm,ZDNet France,2026-06-24T20:24:36Z,"Dévoilé au CES 2026, ce ordinateur destiné avant tout aux professionnels est doté d'une carte mère double face repensée et de composants facilement échangeables.",False,2026-06-26T01:52:15.991025
ASUS ROG Strix SCAR 18 Now Available with 320W Total System Power and New ROG Nebula Extreme Low Motion Blur (ELMB) Displays,https://www.globenewswire.com/news-release/2026/06/24/3317173/0/en/ASUS-ROG-Strix-SCAR-18-Now-Available-with-320W-Total-System-Power-and-New-ROG-Nebula-Extreme-Low-Motion-Blur-ELMB-Displays.html,GlobeNewswire,2026-06-24T20:21:00Z,"The flagship gaming laptop brings desktop-class performance, an 18-inch 4K 240Hz mini-LED display, and enthusiast-ready upgradeability The flagship gaming laptop brings desktop-class performance, an 18-inch 4K 240Hz mini-LED display, and enthusiast-ready upgr…",True,2026-06-26T01:52:15.991027
"Dünyanın işlem hızı en yüksek süper bilgisayarı belli oldu: Çin'in geliştirdiği bilgisayar, dünya birincisi oldu",https://anlatilaninotesi.com.tr/20260624/dunyanin-islem-hizi-en-yuksek-super-bilgisayari-belli-oldu-cinin-gelistirdigi-bilgisayar-dunya-1106752439.html,Anlatilaninotesi.com.tr,2026-06-24T20:20:38Z,"Çin’in Şıncın kentinde geliştirilen 'LineShine' süper bilgisayarı, saniyede 2.2 kentilyon işlem kapasitesiyle TOP500 listesinde dünyanın en hızlı süper bilgisayarı oldu.",True,2026-06-26T01:52:15.991028
Qualcomm unveils data center chip to counter Nvidia GPU and HBM,https://asia.nikkei.com/business/technology/artificial-intelligence/qualcomm-unveils-data-center-chip-to-counter-nvidia-gpu-and-hbm,Nikkei.com,2026-06-24T20:16:55Z,Qualcomm unveils data center chip to counter Nvidia GPU and HBMnikkei.com,True,2026-06-26T01:52:15.991029
中國LineShine登全球超算榜首，惟專家稱難代表AI算力領先美國,https://tw.stock.yahoo.com/news/%E4%B8%AD%E5%9C%8Blineshine%E7%99%BB%E5%85%A8%E7%90%83%E8%B6%85%E7%AE%97%E6%A6%9C%E9%A6%96-%E6%83%9F%E5%B0%88%E5%AE%B6%E7%A8%B1%E9%9B%A3%E4%BB%A3%E8%A1%A8ai%E7%AE%97%E5%8A%9B%E9%A0%98%E5%85%88%E7%BE%8E%E5%9C%8B-041435919.html,Yahoo Entertainment,2026-06-24T20:14:35Z,【財訊快報／陳孟朔】路透報導，中國深圳國家超算中心的LineShine系統登上最新全球超級電腦TOP500榜首，超越美國勞倫斯利佛摩國家實驗室(Lawrence Livermore National Laboratory)用於核武庫存維護與模擬的El Capitan，成為全球最快超級電腦。這是中國自2023年停止提交系統參與TOP500排名後，三年來首次重返榜單並奪下第一，被視為北京展示本土晶片與自主算力系統的重要訊號。不過，受訪技術與政策專家指出，LineShine拿下TOP500榜首，並不等於中國已擁有全球最…,False,2026-06-26T01:52:15.991030
Inventec NVIDIA GeForce RTX 3050 4GB Laptop Graphics Driver 32.0.15.9186 for Windows 10 version 21H2 64-bit,https://drivers.softpedia.com/get/GRAPHICS-BOARD/NVIDIA/Inventec-NVIDIA-GeForce-RTX-3050-4GB-Laptop-Graphics-Driver-32-0-15-9186-for-Windows-10-version-21H2-64-bit.shtml,Softpedia.com,2026-06-24T20:14:01Z,"The package provides the installation files for Inventec NVIDIA GeForce RTX 3050 4GB Laptop Graphics Driver version 32.0.15.9186. If the driver is already installed on your system, updating (overwrite-installing) may fix various issues, add new functions, or …",False,2026-06-26T01:52:15.991032
TECfusions Recognized as Official Sponsor and Participating Partner of Bo Nickal and Historic UFC Freedom 250 Event at the White House,https://www.globenewswire.com/news-release/2026/06/24/3317160/0/en/TECfusions-Recognized-as-Official-Sponsor-and-Participating-Partner-of-Bo-Nickal-and-Historic-UFC-Freedom-250-Event-at-the-White-House.html,GlobeNewswire,2026-06-24T20:10:00Z,TECFUSIONS RECOGNIZED AS OFFICIAL SPONSOR AND PARTICIPATING PARTNER OF BO NICKAL AND HISTORIC UFC FREEDOM 250 EVENT AT THE WHITE HOUSE...,True,2026-06-26T01:52:15.991033
"La ASUS Prime Radeon RX 9070 XT OC cae a 629,44€ en Amazon",https://www.blogdechollos.com/la-asus-prime-radeon-rx-9070-xt-oc-cae-a-62944e-en-amazon/,Blogdechollos.com,2026-06-24T20:09:32Z,"Quien busca una gráfica de este nivel suele tener el mismo temor: gastar mucho dinero y descubrir después que el salto real no era para tanto, o que el modelo elegido encaja peor de lo esperado en su caja y en su forma de jugar. Con la ASUS Prime Radeon RX 90…",False,2026-06-26T01:52:15.991034
Inventec NVIDIA GeForce RTX 3050 4GB Laptop Graphics Driver 32.0.15.9186 for Windows 10 version 1803 64-bit,https://drivers.softpedia.com/get/GRAPHICS-BOARD/NVIDIA/Inventec-NVIDIA-GeForce-RTX-3050-4GB-Laptop-Graphics-Driver-32-0-15-9186-for-Windows-10-version-1803-64-bit.shtml,Softpedia.com,2026-06-24T20:04:01Z,"The package provides the installation files for Inventec NVIDIA GeForce RTX 3050 4GB Laptop Graphics Driver version 32.0.15.9186. If the driver is already installed on your system, updating (overwrite-installing) may fix various issues, add new functions, or …",False,2026-06-26T01:52:15.991036
「NTTが鉱山会社になる日」AI革命の裏で始まる〝銅のレアメタル化〟…日本はまだ中国に勝てる道がある！,https://wedge.ismedia.jp/articles/-/40779,Ismedia.jp,2026-06-24T20:00:00Z,「NVIDIAの次に儲かるのは銅かもしれない」。世の中はNVIDIA、GPU、生成AI、データセンターに熱狂している。だが私は、AI革命の本当の主役は半導体だけではないと見ている。本当に足りなくなるのは電力である。そして電力を運ぶのは銅である。,True,2026-06-26T01:52:15.991037
OpenAI Unveils First Chip As Part of Broadcom Deal,https://hardware.slashdot.org/story/26/06/24/1755203/openai-unveils-first-chip-as-part-of-broadcom-deal,Slashdot.org,2026-06-24T20:00:00Z,"OpenAI and Broadcom have unveiled Jalapeno, OpenAI's first custom AI chip, designed primarily to handle inference for ChatGPT and other services. It's a major step in OpenAI's plan to ""build the full stack behind its models and products,"" says OpenAI. ""By des…",True,2026-06-26T01:52:15.991038
Inventec NVIDIA GeForce RTX 2080 Super Graphics Driver 32.0.15.9186 for Windows 11 version 24H2,https://drivers.softpedia.com/get/GRAPHICS-BOARD/NVIDIA/Inventec-NVIDIA-GeForce-RTX-2080-Super-Graphics-Driver-32-0-15-9186-for-Windows-11-version-24H2.shtml,Softpedia.com,2026-06-24T19:58:01Z,"The package provides the installation files for Inventec NVIDIA GeForce RTX 2080 Super Graphics Driver version 32.0.15.9186. If the driver is already installed on your system, updating (overwrite-installing) may fix various issues, add new functions, or just …",False,2026-06-26T01:52:15.991040
"Best Prime Day Deals on Asus Gaming Gear: Save on Laptops, Headsets, Mice, Keyboards and More",https://www.cnet.com/deals/best-prime-day-deals-on-asus-gaming-gear/,CNET,2026-06-24T19:50:43Z,It's a good time right now for gamers to upgrade their setup.,True,2026-06-26T01:52:15.991041
Crise de la RAM : Octave Klaba annonce de nouvelles hausses de prix chez OVHcloud,https://www.frandroid.com/culture-tech/intelligence-artificielle/3156041_crise-de-la-ram-octave-klaba-annonce-de-nouvelles-hausses-de-prix-chez-ovhcloud,Frandroid,2026-06-24T19:50:28Z,"Octave Klaba reprend la parole sur la crise de la RAM. Le patron d'OVHcloud annonce de nouvelles hausses de prix dès cet été, et confirme que la facture du cloud va continuer de grimper jusqu'en 2028.",True,2026-06-26T01:52:15.991042
"Qualcomm presenta Dragonfly C1000, su nueva CPU para IA que Meta usará desde 2028",https://www.diariobitcoin.com/tecnologia/qualcomm-presenta-dragonfly-c1000-su-nueva-cpu-para-ia-que-meta-usara-a-partir-de-2028/,Diariobitcoin.com,2026-06-24T19:47:25Z,"Qualcomm presentó Dragonfly C1000, una nueva CPU para centros de datos enfocada en IA agente y eficiencia energética, y anunció que Meta la utilizará cuando arranque la producción en 2028. El movimiento refuerza la ofensiva de la compañía por diversificarse m…",True,2026-06-26T01:52:15.991043
Hanwha Power Marks U.S. Market with Successful Commissioning of Trumbull Energy Center CCGT,https://www.prnewswire.com/news-releases/hanwha-power-marks-us-market-with-successful-commissioning-of-trumbull-energy-center-ccgt-302810006.html,PRNewswire,2026-06-25T01:00:00Z,"Trumbull CCPP Grand Opening Ceremony held in Trumbull County, Ohio, on June 24, 2026. Hanwha Power secures U.S. combined cycle power plant equipment contract with an innovative Variable Frequency Drive Integrally Geared Centrifugal Compressor design. 9-year L…",True,2026-06-26T01:52:16.230254
"Tesla, Sunrun team up on 16 GW virtual power plant for data centers",http://electrek.co/2026/06/24/tesla-sunrun-16gw-vpp-data-centers/,Electrek,2026-06-24T19:48:01Z,"Sunrun, Tesla, and Renew Home announced an agreement today to aggregate more than 16 gigawatts of home batteries, thermostats, and other devices into what they say would be the largest distributed power plant in the country, aimed squarely at the surging elec…",True,2026-06-26T01:52:16.230267
"Hyperscale Data Receives Utility ""Will Serve"" Determination for Approximately 125 Additional Megawatts at One of its Montana Sites",https://www.prnewswire.com/news-releases/hyperscale-data-receives-utility-will-serve-determination-for-approximately-125-additional-megawatts-at-one-of-its-montana-sites-302809728.html,PRNewswire,2026-06-24T18:37:00Z,"Company Currently Operates Approximately 10 Megawatts at the Montana Facility and Plans to Advance Development Activities Following Utility Determination LAS VEGAS, June 24, 2026 /PRNewswire/ -- Hyperscale Data, Inc. (NYSE American: GPUS), an artificial intel…",True,2026-06-26T01:52:16.230268
US Largest Grid Updates Emergency Plan as AI Stretches Capacity,https://financialpost.com/pmn/business-pmn/us-largest-grid-updates-emergency-plan-as-ai-stretches-capacity,Financial Post,2026-06-24T16:35:52Z,The largest US power grid is creating a new emergency warning as surging data-center demand pushes electricity supplies toward shortages beyond periods of extreme weather.,False,2026-06-26T01:52:16.230270
Sunrun Surges Over 30% on Tesla Deal to Supply Power for AI,https://financialpost.com/pmn/business-pmn/sunrun-surges-over-30-on-tesla-deal-to-supply-power-for-ai,Financial Post,2026-06-24T16:05:15Z,Sunrun Inc.’s stock jumped as much as 31% after the home solar provider announced it will partner with Tesla Inc. and Renew Home to provide power for data centers and utilities across the US.,False,2026-06-26T01:52:16.230271
Sunrun Surges 26% on 16-Gigawatt Virtual Power Plant Deal With Tesla and Renew Home,https://247wallst.com/investing/2026/06/24/sunrun-surges-26-on-16-gigawatt-virtual-power-plant-deal-with-tesla-and-renew-home/,24/7 Wall St.,2026-06-24T15:47:38Z,Sunrun (NASDAQ:RUN) stock is up 26% to $16.17 in midday trading Wednesday after the residential solar leader unveiled a sweeping virtual power plant (VPP) pa...,True,2026-06-26T01:52:16.230272
Cable Lugs Market Size to Hit USD 6.60 Billion by 2035 | SNS Insider,https://www.globenewswire.com/news-release/2026/06/24/3317012/0/en/Cable-Lugs-Market-Size-to-Hit-USD-6-60-Billion-by-2035-SNS-Insider.html,GlobeNewswire,2026-06-24T14:30:00Z,"Global Cable Lug Market Size, Share, Revenue Trends & Segment by Material Type, Product Type, Voltage Type, End-Use Industry, Region and Forecast 2026–2035",True,2026-06-26T01:52:16.230274
Man as an Extension of Nature – Not a Techno Hybrid Simulation,https://www.globalresearch.ca/man-extension-nature-not-techno-hybrid-simulation/5931196,Globalresearch.ca,2026-06-24T13:31:58Z,"We humans evolved, over millions of years, from single cell amoebae to multi cellular organisms, invertebrates, vertebrates and finally to by-pedal ‘pithecanthropus erectus.’ We are therefore indisputably part of nature; traceable within a direct flow startin…",True,2026-06-26T01:52:16.230275
Why Off-Grid Solar Suddenly Makes Instant Sense,https://www.activistpost.com/why-off-grid-solar-suddenly-makes-instant-sense/,Activistpost.com,2026-06-24T11:57:00Z,"I Used to Mock EVs — Here’s What Changed My Mind I’ll be the first to admit it: I spent years mocking early electric vehicles. The early models had laughable range, charging took hours, and battery replacement costs could total the car. When I first heard abo…",True,2026-06-26T01:52:16.230276
X-Sense SD20-W Wireless Interconnected Smoke Alarm 6-Pack for $90 + free shipping,https://www.dealnews.com/products/X-Sense/SD20-W-Wireless-Interconnected-Smoke-Alarm/501215.html,Dealnews.com,2026-06-24T09:31:37Z,"Wireless interconnected smoke alarms link together so when one detects smoke, all of them sound at once, which is the main advantage over standard standalone units and particularly useful in larger homes or multi-floor setups. At $90, it's $60 off the normal …",True,2026-06-26T01:52:16.230281
Sunrun partners with Tesla and Renew Home to meet AI data center power needs,https://cryptobriefing.com/sunrun-tesla-renew-home-ai-data-center-power/,Crypto Briefing,2026-06-24T09:16:59Z,"The partnership highlights a shift towards decentralized energy solutions, potentially transforming grid management and accelerating renewable adoption.
The post Sunrun partners with Tesla and Renew Home to meet AI data center power needs appeared first on Cr…",True,2026-06-26T01:52:16.230282
IPTO: A ‘step change’ after the successful share capital increase,https://www.naftemporiki.gr/english/2128428/ipto-a-step-change-after-the-successful-share-capital-increase/,Naftemporiki.gr,2026-06-24T06:28:00Z,"IPTO has completed its 1.0-billion-euro share capital increase, a move directly linked to accelerating its investment programme, Chairman and Chief Executive Officer Manos Manousakis said.
“The success of the share…
IPTO: A ‘step change’ after the successful …",True,2026-06-26T01:52:16.230284
"Lies, Damn Lies, and the History of Capitalism",https://www.lewrockwell.com/2026/06/no_author/lies-damn-lies-and-the-history-of-capitalism/,Lewrockwell.com,2026-06-24T04:01:00Z,"Mark Twain popularized the phrase, “There are three kinds of lies: lies, damn lies, and statistics.” This phrase could equally well be adapted to depict the role of socialist narratives taught as “history”—narratives that wreak even more economic havoc than o…",False,2026-06-26T01:52:16.230285
2016 Porsche Macan Turbo,https://bringatrailer.com/listing/2016-porsche-macan-turbo-20/,Bringatrailer.com,2026-06-24T23:50:27Z,"This 2016 Porsche Macan Turbo features the Premium Plus and Sport Chrono packages as well as a panoramic roof, PASM dampers, 20"" Macan SportDesign wheels, heated and ventilated front seats, and adaptive cruise control with PAS. Finished in Agate Gray Metallic…",True,2026-06-26T01:52:16.440854
2025 Entegra Coach Qwest SE 24L,https://bringatrailer.com/listing/2025-entegra-coach-qwest-se/,Bringatrailer.com,2026-06-24T23:30:14Z,"This 2025 Entegra Coach Qwest SE 24L was built on a 2025 Mercedes-Benz Sprinter 3500 chassis, and the seller has accumulated 4,200 miles on the RV after purchasing it new. The cabin is appointed with a kitchenette, which has a standing refrigerator/freezer, a…",True,2026-06-26T01:52:16.440864
2027 BMW X6 Gets Pricier While the New X5 Moves On,https://www.bmwblog.com/2026/06/24/2027-bmw-x6-pricing-updates-buyers-guide/,BMWBLOG,2026-06-24T23:15:06Z,"Generally, the BMW X6 and its more practical mechanical twin, the BMW X5, run a nearly identical production course. Not so this time around. While we’ll be seeing the new G65 BMW X5 sooner rather...
First published by https://www.bmwblog.com",True,2026-06-26T01:52:16.440866
2012 Mercedes-Benz CLS550,https://bringatrailer.com/listing/2012-mercedes-benz-cls550-13/,Bringatrailer.com,2026-06-24T23:00:16Z,This 2012 Mercedes-Benz CLS550 has been registered in California since new and remained under the care of its original owner until 2026. The car has 67k miles and is powered by a twin-turbocharged 4.6-liter V8 paired with a seven-speed automatic transmission.…,True,2026-06-26T01:52:16.440868
24k-Mile 2017 Mercedes-Benz E400 4MATIC Wagon at No Reserve,https://bringatrailer.com/listing/2017-mercedes-benz-e400-wagon-18/,Bringatrailer.com,2026-06-24T22:57:58Z,"This 2017 Mercedes-Benz E400 4MATIC wagon has been driven 24k miles, and it is powered by a twin-turbocharged 3.0-liter V6 that drives all four wheels through a nine-speed automatic transmission and a 4MATIC all-wheel-drive system. The car was specified in De…",True,2026-06-26T01:52:16.440869
"4,200-Mile 2008 Ducati Monster S4RS Tricolore",https://bringatrailer.com/listing/2008-ducati-monster-s4rs-11/,Bringatrailer.com,2026-06-24T22:54:49Z,"This 2008 Ducati Monster S4RS is #256 of 400 Tricolore motorcycles produced. Finished in red, white, and green, it is powered by a liquid-cooled 998cc Testastretta L-twin paired with a six-speed transmission. Equipment includes a desmodromic valvetrain, an oi…",True,2026-06-26T01:52:16.440871
1959 Armstrong Siddeley Star Sapphire at No Reserve,https://bringatrailer.com/listing/1959-armstrong-siddeley-star-sapphire/,Bringatrailer.com,2026-06-24T22:43:17Z,"This 1959 Armstrong Siddeley Star Sapphire is a left-hand-drive saloon that reportedly was built for a US-based Armstrong Siddeley employee, and it was later purchased by the seller's father in 2013 and was subsequently refurbished around 2020. The car was re…",True,2026-06-26T01:52:16.440872
17k-Mile 2017 Porsche 911 Carrera S Coupe Endurance Racing Edition,https://bringatrailer.com/listing/2017-porsche-911-carrera-s-coupe-35/,Bringatrailer.com,2026-06-24T22:37:48Z,"This 2017 Porsche 911 Carrera S is one of 235 Endurance Racing Edition examples produced worldwide to commemorate the marque’s 17 victories at the 24 Hours of Le Mans. Finished in white over black leather, the car is equipped with the Sport Package, which add…",True,2026-06-26T01:52:16.440873
Modified 2018 Mercedes-Benz SL450,https://bringatrailer.com/listing/2018-mercedes-benz-sl450-3/,Bringatrailer.com,2026-06-24T22:35:02Z,"This 2018 Mercedes-Benz SL450 is powered by a twin-turbocharged 3.0-liter V6 fitted with RENNtech engine management software and linked to a nine-speed automatic transmission. The car is finished in Obsidian Black Metallic over a beige interior, and it rides …",True,2026-06-26T01:52:16.440875
32k-Mile 2015 Mercedes-Benz S63 AMG Sedan 4MATIC,https://bringatrailer.com/listing/2015-mercedes-benz-s63-amg-sedan-21/,Bringatrailer.com,2026-06-24T22:15:06Z,"This 2015 Mercedes-Benz S63 AMG sedan has been registered in California since new, and it has 32k miles. Power is provided by a twin-turbocharged 5.5-liter V8 paired with a seven-speed automatic transmission and an AMG Performance 4MATIC Plus all-wheel-drive …",True,2026-06-26T01:52:16.440876
19k-Mile Modified 2016 Mercedes-AMG G65,https://bringatrailer.com/listing/2016-mercedes-amg-g65-11/,Bringatrailer.com,2026-06-24T21:30:04Z,"This 2016 Mercedes-AMG G65 is a black-over-black example that has been modified with the installation of a RENNtech ECU tune, 22"" alloy wheels, Lorinser suspension lowering springs, and an Oynx Concept Bespoke G7 body kit. Power comes from a twin-turbocharged…",True,2026-06-26T01:52:16.440877
Website Design Inspiration: 50+ Fresh & Modern Examples,https://graphicdesignjunction.com/2026/06/website-design-inspiration-50-fresh-modern-examples/,Graphicdesignjunction.com,2026-06-24T21:19:10Z,"A modern and UI/UX friendly website design does not happen by accident. Every landing page you admire was built with clear decisions about layout, color, fonts, and user flow. 
The post Website Design Inspiration: 50+ Fresh & Modern Examples first appeared on…",False,2026-06-26T01:52:16.440879
21k-Mile 2018 BMW M4 Coupe Competition Package,https://bringatrailer.com/listing/2018-bmw-m4-coupe-17/,Bringatrailer.com,2026-06-24T21:15:31Z,"This 2018 BMW M4 coupe was ordered with the Executive, Competition, and M Performance packages, and carbon-fiber components have been added to its Silverstone Metallic-finished body. Black Merino leather covers the heated power-adjustable lightweight front se…",True,2026-06-26T01:52:16.440880
1993 Mazda RX-7 Touring 5-Speed at No Reserve,https://bringatrailer.com/listing/1993-mazda-rx-7-touring-3/,Bringatrailer.com,2026-06-24T21:13:40Z,This 1993 Mazda RX-7 Touring is finished in Montego Blue Metallic over tan leather and is powered by a twin-turbocharged 1.3-liter Wankel rotary engine linked to a five-speed manual transmission and a limited-slip differential. It has been modified with Wilwo…,True,2026-06-26T01:52:16.440881
44k-Mile 2015 BMW Alpina B6 xDrive Gran Coupe,https://bringatrailer.com/listing/2015-bmw-alpina-b6-xdrive-gran-coupe-6/,Bringatrailer.com,2026-06-24T21:00:29Z,"This 2015 BMW Alpina B6 xDrive Gran Coupe was purchased new by the current owner from BMW of Austin in Texas, and it now has 44k miles. The car is finished in Alpina Blue Metallic over Platinum Merino leather and is powered by a twin-turbocharged 4.4-liter V8…",True,2026-06-26T01:52:16.440883
Original-Owner 2014 Triumph 675R at No Reserve,https://bringatrailer.com/listing/2014-triumph-675r-2/,Bringatrailer.com,2026-06-24T20:56:52Z,"This 2014 Triumph Daytona 675R came factory equipped with adjustable Öhlins suspension, Brembo Monobloc front brake calipers, carbon-fiber trim, and a quick-shifter, and it was purchased new by the seller. It also features an Arrow muffler and mid-pipe, a pas…",True,2026-06-26T01:52:16.440884
2005 Harley-Davidson Sportster 1200 Roadster at No Reserve,https://bringatrailer.com/listing/2005-harley-davidson-sportster-5-2/,Bringatrailer.com,2026-06-24T20:45:13Z,"This 2005 Harley-Davidson Sportster 1200 Roadster was initially sold in Connecticut and remained under original ownership until the selling dealer's acquisition in 2026. Finished in Black Cherry Pearl and Birch White, the bike is powered by an air-cooled 1,20…",True,2026-06-26T01:52:16.440885
10k-Mile 2015 McLaren 650S Spider,https://bringatrailer.com/listing/2015-mclaren-650s-spider-41/,Bringatrailer.com,2026-06-24T20:43:15Z,"This 2015 McLaren 650S Spider is finished in Aurora Blue over Saddle Tan Full leather and was ordered with nearly $70k in options. The specification is highlighted by the Carbon Fiber Exterior and Interior Upgrade packs as well as a Sport exhaust, the Stealth…",True,2026-06-26T01:52:16.440887
"[Latest] Global Stem Cell Culture Media Market Size/Share Worth USD 2714 Million by 2035 at a 13.5% CAGR: Healthcare Foresights (Analysis, Outlook, Leaders, Report, Trends, Forecast, Segmentation, Growth Rate, Value, SWOT Analysis)",https://www.globenewswire.com/news-release/2026/06/24/3317174/0/en/Latest-Global-Stem-Cell-Culture-Media-Market-Size-Share-Worth-USD-2714-Million-by-2035-at-a-13-5-CAGR-Healthcare-Foresights-Analysis-Outlook-Leaders-Report-Trends-Forecast-Segmenta.html,GlobeNewswire,2026-06-24T20:30:00Z,"[220+ Pages Latest Report] According to a market research study published by Healthcare Foresights, the demand analysis of Global Stem Cell Culture Media Market size & share revenue was valued at approximately USD 765 Million in 2025 and is expected to reach …",True,2026-06-26T01:52:16.440888
Why MASTERS OF THE UNIVERSE 2 Could Still Happen Despite the Movie Bombing at the Box Office,https://geektyrant.com/news/why-masters-of-the-universe-2-could-still-happen-despite-the-movie-bombing-at-the-box-office,GeekTyrant,2026-06-24T20:27:00Z,"The theatrical run of Masters of the Universe didn’t exactly unfold the way many fans or industry analysts expected. While the long-awaited adaptation brought He-Man and Eternia back to the big screen, its box office numbers fell well short of blockbuster ter…",True,2026-06-26T01:52:16.440892
12-Mile 2006 Harley-Davidson Dyna Super Glide 35th Anniversary at No Reserve,https://bringatrailer.com/listing/2006-harley-davidson-dyna-super-glide-2/,Bringatrailer.com,2026-06-24T20:10:11Z,"This 2006 Harley-Davidson Dyna Super Glide is one of 3,500 35th Anniversary units produced to celebrate the 1971 introduction of the FX Super Glide model, and this example was reportedly purchased new by the seller's father. Now indicating 12 miles, the bike …",True,2026-06-26T01:52:16.440894
Revolutionizing Canada’s food and fermentation sectors with new AI technology,https://financialpost.com/globe-newswire/revolutionizing-canadas-food-and-fermentation-sectors-with-new-ai-technology,Financial Post,2026-06-24T20:04:12Z,"New partnership will develop and enable AI technology that will reduce energy use and enhance ingredient production Summerland, BC, June 24, 2026 (GLOBE NEWSWIRE) — Canada’s ability to create more value from its agricultural resources is taking a significant …",False,2026-06-26T01:52:16.440895
"Four countries, countless experiences: Vietnam, Bali, Malaysia & Cambodia in one epic journey from London   for £650",https://www.fly4free.com/flight-deals/europe/vietnam-bali-cambodia-from-london/,Fly4free.com,2026-06-24T20:00:28Z,"This itinerary is the definition of a multi-destination adventure. Over five weeks, you'll move between some of Southeast Asia's most fascinating countries: from the street-food culture and natural wonders of Vietnam to Bali's temples and beaches, Malaysia's …",True,2026-06-26T01:52:16.440897
Revolutionizing Canada’s food and fermentation sectors with new AI technology,https://www.globenewswire.com/news-release/2026/06/24/3317146/0/en/Revolutionizing-Canada-s-food-and-fermentation-sectors-with-new-AI-technology.html,GlobeNewswire,2026-06-24T20:00:00Z,New partnership will develop and enable AI technology that will reduce energy use and enhance ingredient production New partnership will develop and enable AI technology that will reduce energy use and enhance ingredient production,True,2026-06-26T01:52:16.440898
"Modified, 42k-Mile 2019 Jeep Wrangler Unlimited Sahara Moab Edition",https://bringatrailer.com/listing/2019-jeep-wrangler-unlimited-4/,Bringatrailer.com,2026-06-24T19:22:07Z,"This 2019 Jeep Wrangler Unlimited Sahara is a Moab Edition example that was purchased new by the seller and subsequently fitted with overlanding-style components including a lifted suspension, a rooftop tent, a 270-degree awning, a Warn winch, a high-pressure…",True,2026-06-26T01:52:16.440899
476-Mile 2024 Ferrari 296 GTB,https://bringatrailer.com/listing/2024-ferrari-296-gtb-16/,Bringatrailer.com,2026-06-24T19:15:16Z,"This 2024 Ferrari 296 GTB has 476 miles and was ordered with approximately $90k in options, some of which include a black-painted roof that complements the Rosso Scuderia body as well as carbon-fiber Daytona-style racing seats trimmed in Nero leather and Alca…",True,2026-06-26T01:52:16.440901
2018 Porsche Panamera Turbo Sport Turismo,https://bringatrailer.com/listing/2018-porsche-panamera-turbo-26/,Bringatrailer.com,2026-06-24T18:29:47Z,"This 2018 Porsche Panamera Turbo Sport Turismo was optioned with over $34k in equipment including the Sport, Assistance, and Carbon Fiber Interior packages along with the Premium Package Plus, and they together provided the contents of the Sport Chrono Packag…",True,2026-06-26T01:52:16.440902
2022 Porsche 911 Turbo S Coupe,https://bringatrailer.com/listing/2022-porsche-911-turbo-s-coupe-77/,Bringatrailer.com,2026-06-24T18:13:56Z,"This 2022 Porsche 911 Turbo S is a Canadian-market coupe that was purchased new by the seller on Vancouver Island, British Columbia, and now indicates 9k kilometers (~6k miles). Specified in black over black leather, the car is powered by a twin-turbocharged …",True,2026-06-26T01:52:16.440903
1976 Jeep CJ-7 360 at No Reserve,https://bringatrailer.com/listing/1976-jeep-cj-7-34/,Bringatrailer.com,2026-06-24T17:41:50Z,"This 1976 Jeep CJ-7 is powered by a 360ci V8 that features an Edelbrock camshaft, intake manifold, and 1406 four-barrel carburetor and is linked with a rebuilt TH400 three-speed automatic transmission and a Dana 20 dual-range transfer case. Additional upgrade…",True,2026-06-26T01:52:16.440905
14k-Mile 2006 Chevrolet SSR,https://bringatrailer.com/listing/2006-chevrolet-ssr-97/,Bringatrailer.com,2026-06-24T17:38:34Z,"This 2006 Chevrolet SSR was acquired by the current owner in 2008, and it now has 14k miles. Finished in Aqua Blue Metallic over Ebony leather, it is powered by a 6.0-liter V8 linked to a four-speed automatic transmission and a limited-slip differential. The …",True,2026-06-26T01:52:16.440906
920-Mile 2021 Ferrari F8 Tributo,https://bringatrailer.com/listing/2021-ferrari-f8-tributo-18/,Bringatrailer.com,2026-06-24T17:37:03Z,"This 2021 Ferrari F8 Tributo has 920 miles and is powered by a twin-turbocharged 3.9-liter V8 paired with a seven-speed dual-clutch automated transaxle. Finished in Bianco Avus over Rosso Ferrari leather, the car is equipped with an electronically controlled …",True,2026-06-26T01:52:16.440908
2007 Ducati SportClassic GT1000 at No Reserve,https://bringatrailer.com/listing/2007-ducati-sportclassic-gt1000-8/,Bringatrailer.com,2026-06-24T16:40:17Z,"This 2007 Ducati SportClassic GT1000 remained with its first owner in California from new until its 2011 acquisition by the seller. Finished in red with white graphics, the bike is powered by an air-cooled 992cc desmodromic L-twin paired with a six-speed tran…",True,2026-06-26T01:52:16.440909
HelloTwin launches ‘Digital Authority’ to bring governed AI agents to the enterprise,https://siliconangle.com/2026/06/24/hellotwin-launches-digital-authority-bring-governed-ai-agents-enterprise/,SiliconANGLE News,2026-06-24T16:30:30Z,HelloTwin.ai GmbH today announced what it calls an accountable artificial intelligence AI twin that holds business intelligence and goals in a single source of truth. HelloTwin said it built its data model on a patent-pending compiler designed to pull answers…,True,2026-06-26T01:52:16.440910
This is the SUV £20k buys you now – and it’s worrying China’s car rivals,https://www.the-independent.com/cars/electric-vehicles/chery-tiggo-4-price-uk-specs-suv-under-20000-b3002369.html,The-independent.com,2026-06-24T16:16:45Z,"The Chery Tiggo 4 shows how far sub-£20k hybrid SUVs have come – and why China’s new wave of cheap, well-equipped cars is starting to unsettle established brands, writes EV editor Steve Fowler in the latest DriveSmart newsletter",False,2026-06-26T01:52:16.440911
2016 Alfa Romeo 4C Spider,https://bringatrailer.com/listing/2016-alfa-romeo-4c-spider-16/,Bringatrailer.com,2026-06-24T16:06:17Z,"This 2016 Alfa Romeo 4C Spider was factory optioned with the Track Package and the Convenience Group, while modifications include a Eurocompulsion air-intake system, 18"" and 19"" OZ Racing Ultraleggera HLT wheels, a revised sound system, and additional carbon-…",True,2026-06-26T01:52:16.440913
"What’s up with… Qualcomm, Verizon, TM Forum & GSMA",https://www.telecomtv.com/content/network-automation/what-s-up-with-qualcomm-verizon-gsma-55760/,TelecomTV,2026-06-24T15:40:04Z,- Bullets,True,2026-06-26T01:52:16.440914
2020 Ducati Multistrada 1260 Pikes Peak,https://bringatrailer.com/listing/2020-ducati-multistrada-1260-pikes-peak/,Bringatrailer.com,2026-06-24T15:30:08Z,"This 2020 Ducati Multistrada 1260 Pikes Peak was acquired by the seller in 2022, and it now indicates 7k miles. Powered by a liquid-cooled 1,262cc Testastretta DVT L-twin paired with a six-speed transmission with Ducati Quick Shift up/down, the motorcycle is …",True,2026-06-26T01:52:16.440915
Fervo Energy Just Partnered With Nvidia and PNNL on a Geothermal Digital Twin. What This Means for FRVO Stock,https://biztoc.com/x/45ca4d5dc768dd67,Biztoc.com,2026-06-24T14:11:10Z,"Geothermal energy is getting attention again, and the timing makes sense. The International Energy Agency says electricity demand from data centers will grow 15% a year through 2030, about four times faster than other sectors.
Power use from AI servers alone …",True,2026-06-26T01:52:16.440917
Fervo Energy Just Partnered With Nvidia and PNNL on a Geothermal Digital Twin. What This Means for FRVO Stock.,https://www.barchart.com/story/news/2627266/fervo-energy-just-partnered-with-nvidia-and-pnnl-on-a-geothermal-digital-twin-what-this-means-for-frvo-stock,Barchart.com,2026-06-24T14:00:02Z,"Fervo Energy partnered with Nvidia and the Pacific Northwest National Laboratory to develop EGS-Twin, a digital twin platform that uses real-time data and AI...",False,2026-06-26T01:52:16.440918
"“공간이 스스로 판단하는 도시”…서울로보틱스, 1981억 원 규모 K-AI 시티 구축 참여",https://www.venturesquare.net/1093597/,Venturesquare.net,2026-06-24T13:29:41Z,"서울로보틱스가 현대자동차 등과 함께 총 1981억 원 규모의 국토부 AI 특화 시범도시 사업에 참여한다. 회사는 마스터 디지털 트윈과 피지컬 AI 플랫폼 구축을 담당하며, 도시 단위 자율운영 체계 구현에 나선다. 이를 계기로 공장·물류 중심 사업에서 스마트시티 분야로 ...
The post “공간이 스스로 판단하는 도시”…서울로보틱스, 1981억 원 규모 K-AI 시티 구축 참여 appeared first on 벤처스퀘어.",True,2026-06-26T01:52:16.440919
The Best Anime of Spring 2026,https://www.animenewsnetwork.com/seasonal/2026/spring/.237622,Anime News Network,2026-06-24T13:00:00Z,"Anime fans continue to eat well each season, and spring was no exception.",True,2026-06-26T01:52:16.440921
"Doctor Who's Big Return Is Just 2 Weeks Away, and It's Bringing Back the Daleks",https://screenrant.com/new-doctor-who-circuit-breaker-dalek-release-details/,Screen Rant,2026-06-24T12:30:20Z,A Dalek-starring story will launch with its first installment in just two weeks. Can you hear that? It sounds like something is saying… EXTERMINATE!,True,2026-06-26T01:52:16.440922
Coyote-Powered 1970 Ford Bronco,https://bringatrailer.com/listing/1970-ford-bronco-269/,Bringatrailer.com,2026-06-24T12:25:08Z,"This 1970 Ford Bronco is powered by a 5.0-liter Coyote V8 linked to a 4R70W four-speed automatic transmission, an Atlas II dual-range transfer case, and ARB air locking differentials. The truck is finished in matte gray with a black removable hardtop and is f…",True,2026-06-26T01:52:16.440924
"Digital Twin Market Expands Rapidly with AI, IoT, and Smart Manufacturing Driving 31.1% CAGR Through 2033, Reports Grand View Research",https://www.prnewswire.com/news-releases/digital-twin-market-expands-rapidly-with-ai-iot-and-smart-manufacturing-driving-31-1-cagr-through-2033--reports-grand-view-research-302806738.html,PRNewswire,2026-06-24T10:49:00Z,"Digital Twin Technology Emerges as Cornerstone of Enterprise AI and Industrial Automation Strategies as Next-Generation Digital Twins Transform Industrial Intelligence, Creating Multi-Billion-Dollar Market Opportunities SAN FRANCISCO, June 24, 2026 /PRNewswir…",True,2026-06-26T01:52:16.440925
Jack Technology Launches SmartLink Master in Vietnam,https://en.antaranews.com/news/420292/jack-technology-launches-smartlink-master-in-vietnam,Antaranews.com,2026-06-24T09:10:30Z,"On June 16, 2026, Jack Technology held the global launch of its SmartLink Master in Ho Chi Minh City. Under the theme &quot;SmartLink Master FULL-PLANT QUICK ...",True,2026-06-26T01:52:16.440926
"Canadian peacekeepers' cemetery in Gaza completely destroyed, satellite imagery shows",https://www.cbc.ca/news/politics/gaza-peacekeeper-cemetery-canada-veterans-9.7244382,CBC News,2026-06-24T08:00:00Z,"Satellite photos and video analyzed by CBC's visual investigations team reveals the total destruction of a part of the Gaza War Cemetery that holds the remains of 22 Canadian Forces peacekeepers, including the use of high-powered explosives and heavy earthmov…",False,2026-06-26T01:52:16.440930
"The ePlane Company targets commercial production by 2028, aims for annual capacity of 80 aircraft",https://www.thehindubusinessline.com/companies/the-eplane-company-targets-commercial-production-by-2028-aims-for-annual-capacity-of-80-aircraft/article71140873.ece,BusinessLine,2026-06-24T07:04:17Z,IIT Madras-incubated electric aircraft start-up The ePlane Company is targeting commercial production of its air ambulance eVTOLs in 2028 with an initial manufacturing capacity of around 80 aircraft a year.,True,2026-06-26T01:52:16.440931
"Nokia, Amazon Web Services expand collaboration to deliver autonomous networks built for the AI era",https://www.globenewswire.com/news-release/2026/06/24/3316601/0/en/Nokia-Amazon-Web-Services-expand-collaboration-to-deliver-autonomous-networks-built-for-the-AI-era.html,GlobeNewswire,2026-06-24T07:00:00Z,"Press ReleaseNokia, Amazon Web Services expand collaboration to deliver autonomous networks built for the AI era  Leveraging AWS’s AI and cloud services,...",True,2026-06-26T01:52:16.440933
"Amid ‘extraordinary scrutiny’, Adani Group invested ₹1.5 lakh crore in FY26: Gautam Adani",https://www.thehindubusinessline.com/companies/amid-extraordinary-scrutiny-adani-group-invested-15-lakh-crore-in-fy26-gautam-adani/article71140672.ece,BusinessLine,2026-06-24T05:49:50Z,"At the company’s AGM, Adani said the group continued to expand across energy, transport, logistics, airports, digital infrastructure and industrial manufacturing despite global uncertainties and heightened scrutiny.",True,2026-06-26T01:52:16.440934
Dassault Systèmes brings virtual twins and sovereign cloud to Europe's health-tech startups,https://www.digitimes.com/news/a20260624PD204/dassault-partnership-infrastructure-data-france.html,Digitimes,2026-06-24T03:58:12Z,"Dassault Systèmes, a major provider of 3D digital twin technology, has partnered with PariSanté Campus, France's healthcare-focused AI and digital innovation hub, to support health-tech startups in France and across Europe.",True,2026-06-26T01:52:16.440935
數位孿生重塑建築未來 Aiii VBIM引領新時代,https://consent.yahoo.com/v2/collectConsent?sessionId=1_cc-session_6733f325-1a99-4cd8-ba7d-52318bd8147a,Yahoo Entertainment,2026-06-24T03:14:54Z,全球建築產業面臨缺工、缺料及高利率與淨零轉型等多重挑戰下，「數位孿生（Digital Twin）」成為建築科技發展的重要趨勢，相較過去傳統BIM僅聚焦於設計與施工階段，數位孿生強調建築全生命週期等管理，包含從規劃設計、施工驗收到後續營運維護，都能透過即時數據進行智慧監控。星宴國際開發執行長江家瑀，長期深耕智慧建築與數位科技整合領域，分享未來建築產業的競爭關鍵，不再只是蓋出一棟房子，而是透過數據持續經營，讓建築成為具有感知、分析與管理能力的智慧資產。,False,2026-06-26T01:52:16.440937
ヨーロッパ、過去最多となる 35 の新しい NVIDIA AI スーパーコンピューターを発表,https://prtimes.jp/main/html/rd/p/000000632.000012662.html,Prtimes.jp,2026-06-24T06:40:52Z,"[NVIDIA]
[画像: https://prcdn.freetls.fastly.net/release_image/12662/632/12662-632-6125c3bd60b3545e96101e6ca8d4347c-1920x1080.jpg?width=536&quality=85%2C75&format=jpeg&auto=webp&fit=bounds&a...",True,2026-06-26T01:52:16.667072
Exploring the internal representations of Pangram 3.3.2,https://www.pangram.com/pangram-space,Pangram.com,2026-06-25T01:36:45Z,Exploring the internal representations of Pangram 3.3.2,True,2026-06-26T01:52:16.894449
When Personalized Learning Works Better Than Adaptive Learning,https://spencereducation.com/personalized-or-adaptive/,Spencereducation.com,2026-06-25T00:55:42Z,"When a Library Feels Like a Candy Store Eight students stood in line whispering to one another and fidgeting in excitement. A few of them had peeked into the windows to see what was new. One girl had a tiny notebook with a list. Most...
The post When Personal…",True,2026-06-26T01:52:16.894460
Hollywood powerhouses bring AI fight to Europe,https://www.nzherald.co.nz/entertainment/hollywood-powerhouses-bring-ai-fight-to-europe/SAF6WIJNQVCWTMYGE7DMUBFRBE/,New Zealand Herald,2026-06-25T00:30:54Z,Cate Blanchett launched the free tool at the European Parliament in Brussels.,True,2026-06-26T01:52:16.894462
Tech Mahindra CEO Mohit Joshi’s FY26 pay climbs 12% to Rs 67.5 crore,https://economictimes.indiatimes.com/tech/information-tech/tech-mahindra-ceo-mohit-joshis-fy26-pay-climbs-12-to-rs-67-5-crore/articleshow/131974436.cms,The Times of India,2026-06-25T00:30:00Z,"Tech Mahindra CEO Mohit Joshi's pay surged 11.7% to Rs 67.5 crore in FY26, surpassing peers at Wipro and TCS. This reflects the company's aggressive push into AI and its ongoing turnaround strategy.  While median employee pay dipped, Tech Mahindra reported st…",True,2026-06-26T01:52:16.894464
"JPMorgan turns cautious on IT, sees growth headwinds ahead",https://economictimes.indiatimes.com/markets/stocks/news/jpmorgan-turns-cautious-on-it-sees-growth-headwinds-ahead/articleshow/131979827.cms,The Times of India,2026-06-25T00:18:54Z,"JPMorgan anticipates challenges for Indian IT firms over the next two years, citing uncertain demand and a mix of technology and economic headwinds. The brokerage has downgraded several stocks, including HCL Technologies and Wipro, due to current valuations n…",True,2026-06-26T01:52:16.894465
Kioxia Signs Partnership Agreement for the 20th Asian Games and 5th Asian Para Games,https://en.antaranews.com/news/420373/kioxia-signs-partnership-agreement-for-the-20th-asian-games-and-5th-asian-para-games,Antaranews.com,2026-06-25T00:11:24Z,"-Kioxia Corporation, a world leader in memory solutions, is pleased to announce the signing of a partnership agreement with the Aichi-Nagoya Asian Games and ...",True,2026-06-26T01:52:16.894466
From content localization to global multiplatform distribution and monetization: How Linguana is connecting creators and brands,https://www.tubefilter.com/2026/06/24/linguana-content-localization-distribution-monetization-in-2026/,Tubefilter,2026-06-25T00:05:32Z,"When Linguana launched in 2023, its plan was to help YouTubers establish relationships with international audiences by fully localizing their content. Now, three years later, it’s still doing just that–but it’s also doing a lot more for thousands of creator p…",False,2026-06-26T01:52:16.894468
"Applied Scientist, Amazon Robotics",https://nlppeople.com/job/applied-scientist-amazon-robotics/,Nlppeople.com,2026-06-25T00:00:00Z,Are you interested in how to build AI reasoning systems that give provably correct answers? Are you excited by science at the interface of classical AI reasoning and Large Language Models (LLMs)? Would you like to apply your technology to serve operations cus…,True,2026-06-26T01:52:16.894469
Advances and challenges of splicing prediction with AI,https://www.nature.com/articles/s41588-026-02629-4,Nature.com,2026-06-25T00:00:00Z,Predicting splicing outcomes is a central challenge in precision medicine. This Review traces the evolution of computational approaches from early statistical heuristics to modern artificial intelligence frameworks to characterize splicing events.,True,2026-06-26T01:52:16.894470
From alert fatigue to automated action: Automated patching in the AI era,https://www.redhat.com/en/blog/alert-fatigue-automated-action-automated-patching-ai-era,Redhat.com,2026-06-25T00:00:00Z,"AI models are outpacing human-scale security operations. AI can surface vulnerabilities across major systems faster than teams can act, and most organizations lack the patching capacity to keep up. The solution isn't more intelligence—it's a smarter approach …",True,2026-06-26T01:52:16.894472
Anthropic Lead: HTML Increasingly Better Than Markdown at Keeping Humans Engaged in Agentic Loops,https://www.infoq.com/news/2026/06/anthropic-html-markdown-agent/,InfoQ.com,2026-06-24T23:06:00Z,"Thariq Shihipar, engineering lead for the Claude Code team, recently published a blog post (Using Claude Code: The Unreasonable Effectiveness of HTML) arguing that HTML, with its richer visualizations, color, and interactivity, improves the productivity of hu…",True,2026-06-26T01:52:16.894473
OpenAI endorses bipartisan DEFIANCE Act to combat explicit deepfakes,https://cryptobriefing.com/openai-endorses-defiance-act-deepfakes/,Crypto Briefing,2026-06-24T23:00:37Z,"OpenAI's support for the DEFIANCE Act signals a shift towards increased accountability and legal frameworks in the AI industry.
The post OpenAI endorses bipartisan DEFIANCE Act to combat explicit deepfakes appeared first on Crypto Briefing.",True,2026-06-26T01:52:16.894475
【月刊AI検索業界レポート2026年6月号】AI検索、ついに「測れる」時代へ───米国のゼロクリックは68％に到達。検索の評価軸は「順位」から「引用シェア」へ,https://prtimes.jp/main/html/rd/p/000000032.000166736.html,Prtimes.jp,2026-06-24T23:00:00Z,"[ナレッジホールディングスLLMO対策本部]
2026年6月、AI検索は大きな転換点を迎えました。株式会社ナレッジホールディングス（本社：東京都港区）は、本レポートで各社のAI検索にかかわる公開データを整理します。
今月は、GoogleとMicrosoftが、自社サイ...",True,2026-06-26T01:52:16.894476
Qualcomm stock soars as Wall Street reacts to strong numbers,https://cryptobriefing.com/qualcomm-stock-soars-wall-street-ai-data-center/,Crypto Briefing,2026-06-24T22:27:28Z,"Qualcomm's strategic pivot towards AI and data centers could redefine its market position, challenging established players and diversifying revenue.
The post Qualcomm stock soars as Wall Street reacts to strong numbers appeared first on Crypto Briefing.",True,2026-06-26T01:52:16.894492
Fine-Tuning Large Language Models for Motivational Interviewing in Health Behavior Change: Development and Evaluation Study,https://formative.jmir.org/2026/1/e89077,Jmir.org,2026-06-24T22:17:25Z,"Background: Motivational interviewing (MI) is an effective counseling approach for promoting health behavior change, but its scalability is constrained by the need for highly trained human counselors. Large language models (LLMs) may provide a scalable way to…",True,2026-06-26T01:52:16.894494
"Ako AI mení internet, zákazníkov aj stratégie firiem",https://vat.pravda.sk/technologie/clanok/819099-ako-ai-meni-internet-zakaznikov-aj-strategie-firiem/,Pravda.sk,2026-06-24T22:00:00Z,"Giacomo Tognoni, CEO Webglobe",True,2026-06-26T01:52:16.894495
Can Only 3% of Top Global Brands Have AI-Ready Websites?,https://www.cmswire.com/digital-experience/can-only-3-of-brands-have-ai-ready-websites/,CMSWire,2026-06-24T21:52:45Z,"The finding raises a pressing question for leaders: Does AI understand your brand the way you intend it to?
Continue reading...",True,2026-06-26T01:52:16.894496
"‘Godmother of AI’ and tech entrepreneurs draw investors by pivoting from chatbots to ‘world models’ saying AI has to read the room, not just books",https://fortune.com/2026/06/24/ai-godmother-investors-chatbots/,Fortune,2026-06-24T21:18:13Z,"World models that react to the physical environment are ""one of the most important"" concepts in AI today as scientists shift away from chatbots.",True,2026-06-26T01:52:16.894499
Is AI Really Taking All the Jobs? Anthropic Co-Founder Reveals the Data.,https://freerepublic.com/focus/f-news/4385283/posts,Freerepublic.com,2026-06-24T21:14:46Z,"Jack Clark discusses Anthropic's regulatory fights, the possibility of recursive self-improvement, and how AI could reshape the economy.Today's guest is He's the co-founder of the artificial intelligence company behind Claudeand the head of its newly launched…",True,2026-06-26T01:52:16.894500
A24 Knows You’re Mad About the Google AI Collab,https://www.wired.com/story/a24-knows-youre-mad-about-the-google-ai-collab/,Wired,2026-06-24T21:05:51Z,"Indie movie fans are upset about Google DeepMind's $75 million investment in the studio, which comes as AI companies are deepening their influence in Hollywood.",True,2026-06-26T01:52:16.894502
Data centres hungry for power putting 'extraordinary pressure' on Hydro Ottawa,https://www.cbc.ca/news/canada/ottawa/data-centres-hungry-for-power-putting-extraordinary-pressure-on-hydro-ottawa-9.7247795,CBC News,2026-06-24T21:04:10Z,"'By the end of this year, we will have received requests to connect that exceed the total amount of power that is used today by residents and businesses within the city of Ottawa,' says company's CEO.",False,2026-06-26T01:52:16.894503
Q&A: Building trust for the future of AI commerce,https://www.digitaljournal.com/article/qa-building-trust-for-the-future-of-ai-commerce/,Digital Journal,2026-06-24T20:54:10Z,"We are entering a new era where AI agents are not just helping consumers make decisions, they are increasingly executing transactions independently.
The post Q&A: Building trust for the future of AI commerce appeared first on Digital Journal.",False,2026-06-26T01:52:16.894504
Figma Launches Code Layers & Motion at Config 2026,https://www.cmswire.com/digital-experience/figma-launches-code-layers-motion-at-config-2026/,CMSWire,2026-06-24T20:25:52Z,"Six new canvas capabilities push Figma deeper into code, animation and AI-generated design materials.
Continue reading...",True,2026-06-26T01:52:16.894508
"Cook County, IL Housing Market Update: May 2026",https://www.redfin.com/blog/cook-county-il-housing-market-update-may-2026/,Redfin.com,2026-06-24T20:18:36Z,"Cook County home prices hit $388,834 in May 2026, up 5.1% year over year, as inventory fell and half of homes sold above asking price.
The post Cook County, IL Housing Market Update: May 2026 appeared first on Redfin | Real Estate Tips for Home Buying, Sellin…",False,2026-06-26T01:52:16.894510
Meta CEO confirms multi-generation processor deal with Qualcomm,https://cryptobriefing.com/meta-qualcomm-multi-generation-processor-deal/,Crypto Briefing,2026-06-24T20:08:24Z,"Meta's strategic multi-generation chip deals with Qualcomm, Broadcom, and AMD solidify its XR and AI dominance, raising entry barriers for rivals.
The post Meta CEO confirms multi-generation processor deal with Qualcomm appeared first on Crypto Briefing.",True,2026-06-26T01:52:16.894511
Micron forecasts quarterly revenue above estimates,https://www.channelnewsasia.com/business/micron-forecasts-quarterly-revenue-above-estimates-6207896,CNA,2026-06-24T20:06:51Z,"June 24 : Micron Technology forecast quarterly revenue above Wall Street estimates on Wednesday, signaling that insatiable demand for AI-related infrastructure will continue to drive strong demand for its memory chips. Shares of the company rose around 4 per …",True,2026-06-26T01:52:16.894512
Micron forecasts strong quarterly results on soaring memory chip demand,https://www.channelnewsasia.com/business/micron-forecasts-strong-quarterly-results-soaring-memory-chip-demand-6207896,CNA,2026-06-24T20:06:51Z,"June 24 : Micron Technology forecast quarterly earnings above Wall Street estimates on Wednesday, signaling that heavy investments in AI-related infrastructure will drive strong demand for memory chips, sending its shares up more than 9 per cent in extended t…",True,2026-06-26T01:52:16.894514
Micron forecasts strong quarterly results on soaring memory chip demand,https://www.channelnewsasia.com/business/micron-memory-chip-demand-wall-street-forecast-quarterly-results-6207896,CNA,2026-06-24T20:06:00Z,<![CDATA[ Micron said demand for AI memory chips is higher than supply and is likely to stay that way for years. ]]>,True,2026-06-26T01:52:16.894515
"AI Is Moving Fast, But Trust Is Struggling To Keep Up: Why Security And Risk Leaders Can’t Miss Forrester’s AI Forum",https://www.forrester.com/blogs/ai-is-moving-fast-but-trust-is-struggling-to-keep-up-why-security-and-risk-leaders-cant-miss-forresters-ai-forum/,Forrester.com,2026-06-24T20:03:20Z,"AI adoption is accelerating, but confidence in its outcomes isn’t. At Forrester’s AI Forum 2026, security and risk leaders will learn how to shift from traditional protection to a trust-and-assurance mandate — with practical frameworks, real-world perspective…",True,2026-06-26T01:52:16.894517
RCMP hampered by outdated technology and 'risk averse' culture: report,https://nationalpost.com/news/politics/rcmp-hampered-by-outdated-technology-and-risk-averse-culture-report,National Post,2026-06-24T19:52:42Z,The report reveals that the RCMP created a generative AI chatbot called 'Polly' to help employees answer questions about the organization's policies,False,2026-06-26T01:52:16.894518
"Got $1,000? 2 Artificial Intelligence (AI) Stocks to Buy Right Now and Hold for the Next Decade",https://biztoc.com/x/2a0bbd292a2e8acc,Biztoc.com,2026-06-24T19:48:36Z,"Finding stocks to buy and hold over the next decade is no easy task. If you rewind to mid-2016, could you have predicted all of the various notable events that occurred over the next few years: COVID-19, the rise of generative AI, presidential election result…",True,2026-06-26T01:52:16.894519
"News Hallucinations, Citizen Activism, Data Center Noise Pollution, More: ResearchBuzz AI Update, June 24, 2026",https://researchbuzz.me/2026/06/24/news-hallucinations-citizen-activism-data-center-noise-pollution-more-researchbuzz-ai-update-june-24-2026/,Researchbuzz.me,2026-06-24T19:29:46Z,"AI PROBLEMS Techdirt: ‘News’ Site Keeps Hallucinating EFF Staffers. “News-USA Today is hardly the only slagheap that’s hallucinating or fabricating EFF personnel and quotes; as we wrote last September, media companies large […]",True,2026-06-26T01:52:16.894520
Norway Announces Major Ban on Generative AI Use in Elementary School Classrooms,https://mymodernmet.com/norway-ai-ban-elementary-classrooms/,My Modern Met,2026-06-24T19:20:56Z,"Norway Announces Major Ban on Generative AI Use in Elementary School Classrooms
At a time when AI seems to be permeating nearly every aspect of daily life, Norway is taking steps to protect young students. The European nation has decided to prohibit the use o…",True,2026-06-26T01:52:16.894522
"In Open Letter, Hundreds of Artists Urge Mayor Mamdani for Two-Year Ban on AI in Classrooms",https://www.artnews.com/art-news/news/letter-artists-zohran-mamdani-two-year-ban-ai-classrooms-1234790115/,ARTnews,2026-06-24T19:13:53Z,"“Please protect New York City’s creative future and set an example for school systems across the country,” some 500 artists, filmmakers, and writers ask in the letter.",True,2026-06-26T01:52:16.894523
REI got roasted for a nonsensical Instagram ad featuring a bike with 2 sets of handlebars — and blamed a Meta AI tool,https://www.businessinsider.com/rei-backlash-ai-ad-instagram-blamed-meta-ai-tool-2026-6#article,Business Insider,2026-06-24T19:13:02Z,REI faced backlash over an Instagram ad showing a bike with two handlebars. The company said it was the result of a Meta AI tool.,True,2026-06-26T01:52:16.894524
CD Projekt Red’s Reputation Hit After Cyberpunk 2077 Should Be A Warning To The Industry,http://comicbook.com/gaming/feature/cd-projekt-reds-reputation-gaming-industry-op-ed/,ComicBook.com,2026-06-24T19:00:00Z,"Gaming companies have a major lesson to learn from the way CD Projekt Red was bombarded five years ago by public fury among gamers. In December 2020, Cyberpunk 2077 was meant to be a game-changer for the industry at large. Instead, technical issues that riddl…",True,2026-06-26T01:52:16.894526
70% of companies deploying customer service AI agents see ROI in 60 days,https://www.zdnet.com/article/agentic-ai-in-customer-service/,ZDNet,2026-06-24T18:52:17Z,"Outcome-based resolution pricing means companies pay only when the AI agent resolves an issue autonomously, without human intervention.",True,2026-06-26T01:52:16.894527
Public-Sector A.I. Is Advancing Faster Than Public-Sector Data,https://biztoc.com/x/caa9064e39fc088f,Biztoc.com,2026-06-24T18:45:42Z,"The U.K. government’s AI Opportunities Action Plan, published in early 2025, committed to embedding A.I. across public services at speed. NHS England has accelerated its digital transformation agenda. Dozens of local authorities are piloting generative A.I. f…",True,2026-06-26T01:52:16.894528
Public-Sector A.I. Is Advancing Faster Than Public-Sector Data,https://observer.com/2026/06/public-sector-ai-data-infrastructure/,Observer,2026-06-24T18:30:12Z,Transform’s Will Lowe explores the overlooked infrastructure crisis beneath the public sector’s A.I. ambitions. Lowe argues that the greatest risk of government A.I. adoption lies in decades of fragmented data systems that leave institutions unable to see the…,True,2026-06-26T01:52:16.894530
AI-powered BI with Snowflake and Amazon Quick,https://aws.amazon.com/blogs/machine-learning/ai-powered-bi-with-snowflake-and-amazon-quick/,Amazon.com,2026-06-24T18:19:35Z,"In this post, you will learn how to build an end-to-end integration between Snowflake semantic views and Amazon Quick. The sample data is user review data for a media company. You start by loading movie review data from Amazon Simple Storage Service (Amazon S…",True,2026-06-26T01:52:16.894531
RACQ progresses digital transformation with expanded Adobe stack,https://www.itnews.com.au/news/racq-progresses-digital-transformation-with-expanded-adobe-stack-626911,iTnews,2026-06-24T18:18:00Z,Partners with vendor and Deloitte Digital.,True,2026-06-26T01:52:16.894532
Enterprise SaaS Contracts Are Secret AI Training Licenses,https://www.pymnts.com/news/artificial-intelligence/2026/enterprise-saas-contracts-are-secret-ai-training-licenses/,pymnts.com,2026-06-24T18:10:00Z,"Standard clauses buried in enterprise software agreements are giving artificial intelligence (AI) vendors sweeping rights to train models on source code, financial records, legal documents and customer data. Most companies don’t know the exposure exists. The …",True,2026-06-26T01:52:16.894534
Hold the onions – and see if they make you cry,https://www.newscientist.com/article/mg27036012-700-hold-the-onions-and-see-if-they-make-you-cry/,New Scientist,2026-06-24T18:00:00Z,"Feedback isn't sure what to make of a ground-breaking piece of research into the understudied topic of ""subjective individual variability in onion tearing and its relationship to chemosensory sensitivity""",True,2026-06-26T01:52:16.894535
Samsung Taps InMobi’s Glance to Deliver Interactive Shopping to Millions of Shoppers,http://wwd.com/sourcing-journal/industry-news/samsung-glance-inmobis-interactive-shopping-smart-tvs-1239029207/,WWD,2026-06-24T18:00:00Z,Samsung has partnered with Glance to bring an AI-driven interactive shopping platform directly to millions of smart televisions across the U.S.,True,2026-06-26T01:52:16.894536
Is Alphabet Stock a Long-Term Buy as AI Investments Drive Growth Amid Regulatory Scrutiny,https://www.ibtimes.com.au/alphabet-ai-dominance-antitrust-challenges-1871235,Ibtimes.com.au,2026-06-24T17:58:32Z,"Alphabet Inc. navigates AI innovation and antitrust challenges, with strong financials and growth prospects in cloud computing and advertising, while facing regulatory scrutiny and competitive pressures.",False,2026-06-26T01:52:16.894538
Deezer launches a remix tool that does not use AI and pays artists for every stream,https://thenextweb.com/news/deezer-remix-lab-fan-remixes-no-ai-artist-consent/,The Next Web,2026-06-24T17:37:56Z,"Deezer has launched Remix Lab, a feature that lets fans remix songs directly inside the app using in-app tools rather than artificial intelligence. The feature requires the explicit consent of the original artists and rights holders, and Deezer says artists g…",True,2026-06-26T01:52:16.894539
Brasileiro figura entre os dois maiores criadores de SEO do Instagram no mundo em meio à revolução da busca por inteligência artificial,https://valor.globo.com/patrocinado/pressworks/noticia/2026/06/24/brasileiro-figura-entre-os-dois-maiores-criadores-de-seo-do-instagram-no-mundo-em-meio-a-revolucao-da-busca-por-inteligencia-artificial-1.ghtml,Globo,2026-06-24T17:34:59Z,"Enquanto gigantes norte-americanos e europeus dominam a maior parte dos rankings globais de marketing digital, um especialista brasileiro acaba de aparecer na segunda posição mundial entre os criadores de conteúdo sobre SEO no Instagram, segundo o Favikon — p…",True,2026-06-26T01:52:16.894540
Tech entrepreneurs seeking the next AI frontier are pivoting from chatbots to 'world models',https://economictimes.indiatimes.com/tech/technology/tech-entrepreneurs-seeking-the-next-ai-frontier-are-pivoting-from-chatbots-to-world-models/articleshow/131974037.cms,The Times of India,2026-06-24T17:32:58Z,"AI is evolving beyond text-based chatbots, with researchers now focusing on ""world models."" These advanced systems aim to teach AI to understand and interact with the physical world, much like humans do. This shift is attracting significant investment, with a…",True,2026-06-26T01:52:16.894542
'Deepfake as a service' sees 39% spike in dark web conversations — and experts fear it will fuel the next wave of “fake boss” scams,https://www.techradar.com/pro/security/deepfake-as-a-service-sees-39-percent-spike-in-dark-web-conversations-and-experts-fear-it-will-fuel-the-next-wave-of-fake-boss-scams,TechRadar,2026-06-24T17:25:00Z,Businesses must prepare for what's coming by focusing on prevention and employee education.,True,2026-06-26T01:52:16.894545
Crucial Contributions of Indians in Generative AI and LLMs,https://www.c-sharpcorner.com/article/crucial-contributions-of-indians-in-generative-ai-and-llms/,C-sharpcorner.com,2026-06-24T17:14:05Z,"Discover what crucial contributions Indian researchers made to Generative AI and Large Language Models and how their work helped shape modern AI systems, multilingual models, and responsible AI research.",True,2026-06-26T01:52:16.894547
How to decide which AI features are worth turning on,https://www.techtarget.com/searcherp/feature/How-to-decide-which-AI-features-are-worth-turning-on,Techtarget.com,2026-06-24T17:07:00Z,"Enterprise leaders must strategically evaluate embedded AI features based on operational impact, risk and cost using clear governance frameworks and accountability measures.",True,2026-06-26T01:52:16.894548
How Home Depot is rebuilding retailing with AI,https://fortune.com/2026/06/24/home-depot-ai-home-improvement-retail/,Fortune,2026-06-24T17:01:17Z,"Amid a turbulent housing market, Home Depot has steadily invested in AI use cases for shoppers and workers.",True,2026-06-26T01:52:16.894550
Gartner warns AI model advantage is shrinking,https://www.computerweekly.com/news/366645093/Gartner-warns-AI-model-advantage-is-shrinking,ComputerWeekly.com,2026-06-24T17:00:00Z,"As foundational artificial intelligence capabilities converge, Gartner analysts urge IT leaders to focus on data quality, AI literacy and process integration, among other areas, rather than chasing the latest models",True,2026-06-26T01:52:16.894551
"AI Visitors Convert to Sign-Ups at 11x the Rate of Search Traffic, Yet Most Analytics Platforms Can't See Them, Rankability Analysis Finds",https://www.prnewswire.com/news-releases/ai-visitors-convert-to-sign-ups-at-11x-the-rate-of-search-traffic-yet-most-analytics-platforms-cant-see-them-rankability-analysis-finds-302809592.html,PRNewswire,2026-06-24T16:57:00Z,"LLM-referred visitors convert to sign-ups at 1.66%, more than eleven times the 0.15% rate recorded for traditional search traffic, yet most analytics platforms are misclassifying this channel entirely, according to new analysis from Rankability, an SEO and AI…",True,2026-06-26T01:52:16.894552
"How Loka Built a Natural, Low-Latency Voice Agent with Amazon Nova 2 Sonic",https://aws.amazon.com/blogs/machine-learning/how-loka-built-a-natural-low-latency-voice-agent-with-amazon-nova-2-sonic/,Amazon.com,2026-06-24T16:56:24Z,"In this post, we demonstrate the architecture and approach Loka used to solve a common frustration: robotic, slow voice assistants that cause customers to hang up, damaging brand reputation and driving up support costs.",True,2026-06-26T01:52:16.894554
"The NASDAQ Dropped 3% as Micron, Intel, and AMD Tumble, but One Tech Name Is Bucking the Trend",https://247wallst.com/investing/2026/06/24/the-nasdaq-dropped-3-as-micron-intel-and-amd-tumble-but-one-tech-name-is-bucking-the-trend/,24/7 Wall St.,2026-06-24T16:54:48Z,CNBC’s Dominic Chu opened Tuesday’s market coverage with a familiar tape pattern that has not shown up much in 2026. “The tech sell-off that began Monday bui...,True,2026-06-26T01:52:16.894555
"Aussortiert, unterschätzt, ignoriert : ""Die Maschine wertete das Merkmal ""Frau"" als Fehler aus""",https://www.brigitte.de/aktuell/gesellschaft/hasst-chatgpt-frauen---die-maschine-wertete-das-merkmal--frau--als-fehler-aus--14088636.html,Brigitte.de,2026-06-24T16:30:00Z,"Egal, ob wir uns um einen Job bewerben oder einen Kredit haben wollen: KI ist oft gefährlich voreingenommen. Die feministische Wissenschaftlerin Eva Gengler kämpft für eine Technik, die Frauen nicht länger diskriminiert. Hier erklärt sie auch, warum wir ""Chat…",True,2026-06-26T01:52:16.894556
"Over 21 million copyrighted songs are circulating among AI developers, watchdog tool launched",https://djmag.com/news/over-21-million-copyrighted-songs-are-circulating-among-ai-developers-watchdog-tool-launched,DJ Mag,2026-06-24T16:26:12Z,The Atlantic has exposed the exact copyrighted tracks powering generative AI music platforms,False,2026-06-26T01:52:16.894558
"NVIDIA claims its 'next‑gen AI infrastructure' offers a fix for data centers’ insatiable thirst — ""The water consumption challenge for data centers is largely solved.""",https://www.windowscentral.com/artificial-intelligence/nvidia-claims-its-next-gen-ai-infrastructure-offers-a-fix-for-data-centers-insatiable-thirst,Windows Central,2026-06-24T16:23:17Z,NVIDIA claims its new AI infrastructure largely solves data centers' massive water consumption challenge.,True,2026-06-26T01:52:16.894559
Figma now has AI motion graphics and shader tools,https://www.theverge.com/tech/955831/figma-code-design-tools-config-2026-announcements,The Verge,2026-06-24T16:18:13Z,"Figma has unveiled some new design and coding product updates at its annual Config conference that aim to help creatives ""push their ideas further"" and automate tedious tasks with AI. Part of this is a reimagined canvas that's now optimized for full-stack dev…",False,2026-06-26T01:52:16.894560
Hollywood Workers Are Training AI Models as Job Prospects Grow Slim,http://www.hollywoodreporter.com/business/digital/ai-training-hollywood-writer-jobs-prospects-1236628302/,Hollywood Reporter,2026-06-24T15:58:10Z,"Some TV and film vets are taking gigs in the world of Reinforcement Learning from Human Feedback, helping smooth out Gen AI systems that may pave the way to their own obsolescence.",True,2026-06-26T01:52:16.894562
Doja Cat ‘Really Disappointed’ Fans Thought AI Songs Were Leaks: ‘None of It Is Me’,http://www.rollingstone.com/music/music-news/doja-cat-slams-ai-leaks-1235583037/,Rolling Stone,2026-06-24T15:55:56Z,"""Fuck AI for real,"" the rapper said on X just days after both SZA and producer Kenneth Blume aired out their own grievances with AI",True,2026-06-26T01:52:16.894563
FCA Boss Warns AI is Moving Faster Than The Law,https://www.pymnts.com/news/artificial-intelligence/2026/fca-boss-warns-ai-is-moving-faster-than-the-law/,pymnts.com,2026-06-24T15:49:38Z,"A top U.K. finance watchdog says regulations cannot keep pace with artificial intelligence (AI). In a speech Wednesday (June 24), Financial Conduct Authority (FCA) CEO Nikhil Rathi said regulation must therefore evolve to meet the demands of artificial intell…",True,2026-06-26T01:52:16.894564
"Prime Day Smartphone Deals Are Live: Save Up to 44% on Samsung Foldables, Pixels, Motorolas, and More",https://uk.pcmag.com/mobile-phones/165795/prime-day-smartphone-deals-are-live-save-up-to-44-on-samsung-foldables-pixels-motorolas-and-more,PCMag.com,2026-06-24T15:48:03Z,"These are the Prime Day smartphone deals actually worth buying, featuring editor-approved picks from Samsung, Google, Motorola, and more.
Smartphones have become the one device we rely on for just about everything. They are our cameras, maps, wallets, enterta…",True,2026-06-26T01:52:16.894566
Did You Miss the Original Eruption of Mt. Vesuvius? Now You Can Experience It in Augmented Reality in Pompeii,https://www.artnews.com/art-news/news/eruption-mt-vesuvius-augmented-reality-pompeii-1234790131/,ARTnews,2026-06-24T15:47:06Z,"A new app allows visitors to Pompeii to see the ancient city when it was still thriving, before and even during the eruption of Mt. Vesuvius.",True,2026-06-26T01:52:16.894569
Is LA’s New AI Art Museum A Whole New Genre Of Contemporary Art?,https://news.artnet.com/art-world/refik-anadol-dataland-review-2-2781630,Artnet.com,2026-06-24T15:44:00Z,"In 2023 Jerry Saltz said Refik Anadol’s Unsupervised at MoMA was just a fancy lava lamp. He took that criticism and turned it into Dataland, which is so immersive, so expansive and incredible, (it) feels like an official ushering into our new contemporary art…",False,2026-06-26T01:52:16.894571
Meet Hootsuite Social OS: The social media AI tool for 2026,https://blog.hootsuite.com/social-media-ai-tools/,Hootsuite.com,2026-06-24T15:42:55Z,"Hootsuite rebuilt its social media AI tools from the ground up. Here's a complete guide to what's new, what changed, and how to get started.
The post Meet Hootsuite Social OS: The social media AI tool for 2026 appeared first on Social Media Marketing & Manage…",True,2026-06-26T01:52:16.894572
"CSP Agency Launches The Human-First GEO Framework™, Advancing The Field of Generative Engine Optimization",https://www.prnewswire.com/news-releases/csp-agency-launches-the-human-first-geo-framework-advancing-the-field-of-generative-engine-optimization-302809510.html,PRNewswire,2026-06-24T15:37:00Z,"National agency highlights why search engine optimization alone is no longer enough as brands compete for visibility inside AI-generated answers DENVER, June 24, 2026 /PRNewswire/ -- As AI-powered platforms redefine how information is discovered online, CSP A…",True,2026-06-26T01:52:16.894575
Children using AI in schools: How 3 major countries differ in policy amid debate on tech’s brain effects,https://biztoc.com/x/d4e55b080048c91a,Biztoc.com,2026-06-24T15:25:58Z,"On June 19, Norway’s prime minister Jonas Gahr Støre announced a near ban on the use of generative AI by elementary school students. 
The government’s new guidelines, which will be applied for the upcoming school year starting in August, lay out how much AI s…",True,2026-06-26T01:52:16.894576
AI’s environmental toll: How to reduce your digital footprint,https://wirehub.medianewsgroup.com/2026/06/24/ai-is-an-energy-and-water-hog-heres-what-you-can-do-to-counter-that/,Medianewsgroup.com,2026-06-24T15:25:33Z,Discover how to reduce your digital footprint as AI usage consumes energy and water.,True,2026-06-26T01:52:16.894578
AI coding costs to surpass average developer’s salary by 2028: Gartner,https://www.thehindubusinessline.com/info-tech/ai-coding-costs-to-surpass-average-developers-salary-by-2028-gartner/article71142721.ece,BusinessLine,2026-06-24T15:25:11Z,"Gartner predicts AI coding costs will exceed average developer salaries by 2028, emphasizing the need for operational discipline in AI deployment.",True,2026-06-26T01:52:16.894579
"Rainbow Ghosting: public support for diversity fades, hate speech rises 38%, and AI reflects these biases back to LGBTIQ+ profiles",https://www.globenewswire.com/news-release/2026/06/24/3317035/0/en/Rainbow-Ghosting-public-support-for-diversity-fades-hate-speech-rises-38-and-AI-reflects-these-biases-back-to-LGBTIQ-profiles.html,GlobeNewswire,2026-06-24T15:24:00Z,"GRAND RAPIDS, Mich., June 24, 2026 (GLOBE NEWSWIRE) -- In 2023, the public ecosystem supporting diversity was far more visible: twice as many news stories on diversity, equity and inclusion (DEI) were published as in 2025, and up to six times more than today.…",True,2026-06-26T01:52:16.894580
Google Home Speaker,https://me.pcmag.com/en/speakers/37540/google-home-speaker,PCMag.com,2026-06-24T15:22:18Z,"Google’s first smart speaker in years, the $99.99 Google Home Speaker signals a clear shift for the company's smart home strategy. Rather than relying on the long-running Google Assistant, it is powered by Gemini, bringing a more natural, conversational way t…",True,2026-06-26T01:52:16.894581
Vishal Sikka’s AI startup Hang Ten Systems raises $32 million led by Mayfield,https://economictimes.indiatimes.com/tech/funding/vishal-sikkas-ai-startup-hang-ten-systems-raises-32-million-led-by-mayfield/articleshow/131971910.cms,The Times of India,2026-06-24T15:21:52Z,"Former Infosys CEO Vishal Sikka has launched Hang Ten Systems, an AI startup focused on enterprise solutions, securing $32 million in seed funding led by Mayfield. The Palo Alto-based company aims to help large corporations translate AI investments into tangi…",True,2026-06-26T01:52:16.894585
"Scott Bessent calls Mamdani ‘leader of the Democratic Party,’ touts weekly Warsh breakfasts and a new push to put every American in the stock market",https://fortune.com/2026/06/24/scott-bessent-zohran-mamdani-leader-democratic-party-kevin-warsh-trump-accounts/,Fortune,2026-06-24T15:02:38Z,"""Do you want to keep more of your money?"" The Treasury Secretary asked on CNBC. ""it's not the fringe Democratic left anymore.""",True,2026-06-26T01:52:16.894587
"5W Releases ""1,000-Creator Playbook for Beauty 2026"" -- Finds 30,000+ Brands Now Compete on TikTok Shop, Forcing Seeding Operations to 10x Scale",https://www.prnewswire.com/news-releases/5w-releases-1-000-creator-playbook-for-beauty-2026--finds-30-000-brands-now-compete-on-tiktok-shop-forcing-seeding-operations-to-10x-scale-302774929.html,PRNewswire,2026-06-24T15:00:00Z,"New playbook from the AI Communications Firm details how Rhode, Merit, and CeraVe are eating shelf space at Sephora and Ulta — and why a 100-creator quarterly program is now structurally invisible. NEW YORK, July 2, 2026 /PRNewswire/ -- 5W, the AI communicati…",True,2026-06-26T01:52:16.894588
A Milano cultura e scienza al servizio della filantropia,https://www.ilgiornale.it/news/attualit/milano-cultura-e-scienza-servizio-filantropia-2683776.html,Ilgiornale.it,2026-06-24T14:59:42Z,"Progetti formativi per l’infanzia fondati sulla musica: al via la raccolta fondi con gli ""Harmony Days"". La seconda edizione si terrà a ottobre, aperte le prenotazioni. Tra i relatori, Federico Faggin",False,2026-06-26T01:52:16.894589
Upskilling is key to building AI-driven data teams,https://www.techtarget.com/searchbusinessanalytics/feature/Upskilling-is-key-to-building-AI-driven-data-teams,Techtarget.com,2026-06-24T14:57:00Z,"External hires and consultants can help, but strengthening the current data team for AI work often leads to quicker progress, lower costs and better retention.",True,2026-06-26T01:52:16.894590
Amazon’s record Prime Day masks a darker truth: Americans are spending more and getting less,https://fortune.com/2026/06/24/amazon-prime-day-2026-fear-spending-gen-z-panic-buy/,Fortune,2026-06-24T14:56:54Z,"The world's biggest shopping event is breaking records—but shrinking cart sizes, debt-fueled checkouts and a bid for younger customers tell another story.",True,2026-06-26T01:52:16.894592
Micron Shares Pop on Partnership With Anthropic. How to Play MU Stock Here,https://biztoc.com/x/31341746fa9b8f92,Biztoc.com,2026-06-24T14:56:48Z,"Memory chip giant Micron (MU) and the maker of the Claude generative AI platform, Anthropic, have inked a partnership wherein the latter will make use of the former's infrastructure to strengthen its memory supply. MU stock popped about 7% on the news but yes…",True,2026-06-26T01:52:16.894593
AI for social media just got a new standard: Here’s what we built,https://blog.hootsuite.com/ai-for-social-media/,Hootsuite.com,2026-06-24T14:39:00Z,"Hootsuite Social OS is here. Here's how we rebuilt AI social media marketing around real-time signal, not last quarter's data.
The post AI for social media just got a new standard: Here’s what we built appeared first on Social Media Marketing & Management Das…",True,2026-06-26T01:52:16.894594
"AI가 만드는 보안의 역설…인섹시큐리티, ‘파일부터 의심하라’는 제로 트러스트 전략 제시",https://www.venturesquare.net/1093665/,Venturesquare.net,2026-06-24T14:37:08Z,"인섹시큐리티가 옵스왓과 함께 개최한 ‘제로 트러스트 파일 보안 세미나’에서 AI 시대 파일 기반 사이버 공격 대응 전략을 소개했다. 행사에서는 ‘Trust No File, Trust No Device’를 핵심 원칙으로 한 예방 중심 보안 체계와 멀티 안티바이러스, CD...
The post AI가 만드는 보안의 역설…인섹시큐리티, ‘파일부터 의심하라’는 제로 트러스트 전략 제시 appeared first on 벤처스퀘어.",True,2026-06-26T01:52:16.894596
Tech Exactly Expands AI Capabilities with Voice AI Integration Service for Customer-Facing Operations,https://www.globenewswire.com/news-release/2026/06/24/3317010/0/en/Tech-Exactly-Expands-AI-Capabilities-with-Voice-AI-Integration-Service-for-Customer-Facing-Operations.html,GlobeNewswire,2026-06-24T14:30:00Z,"The new service connects conversational voice agents to the systems businesses already run — CRMs, contact centers, EHRs, and ecommerce platforms — rather than deploying standalone bots The new service connects conversational voice agents to the systems busin…",True,2026-06-26T01:52:16.894597
HPE Discover 2026: Lessons in optimizing AI economics,https://www.techtarget.com/searchitoperations/opinion/HPE-Discover-2026-Lessons-in-optimizing-AI-economics,Techtarget.com,2026-06-24T14:29:00Z,"HPE Discover 2026 highlighted four ways to improve AI ROI: modernize networks, control token costs, automate IT ops and reduce legacy infrastructure expenses.",True,2026-06-26T01:52:16.894598
Trailer: Kore-eda’s “Sheep in the Box”,https://www.darkhorizons.com/trailer-kore-edas-sheep-in-the-box/,Dark Horizons,2026-06-24T14:22:19Z,"The official U.S. trailer is out for “Shoplifters” and “Monster” filmmaker Hirokazu Kore-eda’s “Sheep in the Box,” a new sci-fi drama which premiered in competition at this year’s Cannes Film Festival. The story unfolds in a Japan a half-step into the future,…",False,2026-06-26T01:52:16.894600
Failing Robot Cop Company Knightscope Now Publishing Bizarre AI Slop Fan Fiction About Its Robots Solving Absurd Crimes,https://futurism.com/robots-and-machines/knightscope-robot-cop-company-fan-fiction,Futurism,2026-06-24T14:13:27Z,"""The name matched. The money moved. Baby Bob was back.""
The post Failing Robot Cop Company Knightscope Now Publishing Bizarre AI Slop Fan Fiction About Its Robots Solving Absurd Crimes appeared first on Futurism.",True,2026-06-26T01:52:16.894601
The Best Books on Art and Design to Read This Summer,https://weandthecolor.com/the-best-books-on-art-and-design-to-read-this-summer/210421,Weandthecolor.com,2026-06-24T14:13:14Z,"Summer is the one season that actually gives you permission to read slowly. Not the frantic, bookmark-everything-and-come-back-to-it reading we do the rest of the year. Real reading—the kind where you sit with an idea long enough to let it change how you see …",True,2026-06-26T01:52:16.894602
Google Home Speaker review: The smart speaker that elevates the Gemini for Home experience,https://www.zdnet.com/home-and-office/home-entertainment/google-home-speaker-review-2026/,ZDNet,2026-06-24T14:12:05Z,"Google just launched its Google Home Speaker, a new smart home speaker that directly competes with the Apple HomePod mini and Echo Dot Max.",True,2026-06-26T01:52:16.894603
"Q&A: Tennis Channel SVP Direct-to-Consumer Matthew Graham Talks Launching, Programming, and Scaling the Tennis Channel App",https://www.streamingmedia.com/Articles/ReadArticle.aspx?ArticleID=175400,Streamingmedia.com,2026-06-24T14:00:00Z,"In late 2023, Tennis Channel brought in AMC Networks and PBS Digital veteran Matthew Graham to spearhead the development of the network's DTC app. In this Q&A, Graham delves into the app's content, monetization, partnership, and growth strategy, as well as ho…",True,2026-06-26T01:52:16.894605
Beyond resistance: Emerging methods to dissect drug responses in Leishmania,https://journals.plos.org/plospathogens/article?id=10.1371/journal.ppat.1014331,Plos.org,2026-06-24T14:00:00Z,"Treatment failure and relapse remain major challenges in leishmaniasis despite available chemotherapies. Historically, these outcomes have been interpreted through the lens of classical drug resistance driven by heritable genetic mutations. However, drug resp…",True,2026-06-26T01:52:16.894606
Optimally sequencing semantic search predicts creativity,https://journals.plos.org/plosone/article?id=10.1371/journal.pone.0352328,Plos.org,2026-06-24T14:00:00Z,"Creativity is a fundamental human activity which drives progress and innovation. Extant research has documented the link between creative performance and the efficient navigation of semantic space during the creative process, but we argue that an important as…",True,2026-06-26T01:52:16.894607
Here Is the 1 Dirt-Cheap Tech Giant I Am Loading Up,https://247wallst.com/investing/2026/06/24/here-is-the-1-dirt-cheap-tech-giant-i-am-loading-up/,24/7 Wall St.,2026-06-24T13:59:27Z,I keep hitting the buy button on Adobe (NASDAQ:ADBE) because the market has handed me a chance to own a global software franchise at a multiple normally rese...,True,2026-06-26T01:52:16.894609
How Bad is AI for the Environment?,https://www.nakedcapitalism.com/2026/06/how-bad-is-ai-for-the-environment.html,Nakedcapitalism.com,2026-06-24T13:55:31Z,"A tally of the great planetary damage expected to result from AI growing use, thanks to its insatiable hunger for power.",True,2026-06-26T01:52:16.894610
AI Traffic Growth Nears 100% on Amazon Prime Day — and Converts Better Than Every Other Channel,https://www.cmswire.com/digital-experience/adobe-ai-shopping/,CMSWire,2026-06-24T13:54:07Z,"Adobe tracked a 98.3% year-over-year surge in AI-referred retail traffic on Prime Day — and a 50.7% conversion advantage over every other channel.
Continue reading...",True,2026-06-26T01:52:16.894611
Getty Stock Nearly Doubled on an OpenAI Deal. Analysts Think It Can Gain Another 228% from Here,https://biztoc.com/x/1f556541c51171a3,Biztoc.com,2026-06-24T13:40:11Z,"For years, Getty Images Holdings (GETY) looked like a company with its back against the wall. As generative AI exploded onto the scene, many critics saw the writing on the wall, arguing that machines capable of creating images on demand would turn stock photo…",True,2026-06-26T01:52:16.894612
AI slop is coming for your kids,https://www.businessinsider.com/ai-slop-kids-tiktok-2026-6#article,Business Insider,2026-06-24T13:30:31Z,A report on the state of AI slop on TikTok said some kid-targeted hashtags are overrun with AI-generated videos.,True,2026-06-26T01:52:16.894614
"Why International SEO Needs A Global Knowledge Integrity Strategy via @sejournal, @billhunt",https://www.searchenginejournal.com/why-international-seo-needs-a-global-knowledge-integrity-strategy/577880/,Search Engine Journal,2026-06-24T13:30:17Z,"AI search transforms international SEO challenges from selecting correct pages to ensuring accurate, market-specific information survives AI synthesis and retrieval.
The post Why International SEO Needs A Global Knowledge Integrity Strategy appeared first on …",True,2026-06-26T01:52:16.894615
Hang Ten Systems raises $32M to disrupt IT services with AI,https://cryptobriefing.com/hang-ten-systems-raises-32m-ai-services/,Crypto Briefing,2026-06-25T00:55:32Z,"Hang Ten Systems' AI-driven approach could significantly lower costs and increase efficiency in enterprise IT, reshaping industry standards.
The post Hang Ten Systems raises $32M to disrupt IT services with AI appeared first on Crypto Briefing.",True,2026-06-26T01:52:17.418624
Classic,https://leancrew.com/all-this/2026/06/Classic/,Leancrew.com,2026-06-24T22:52:10Z,"This week’s episode of Upgrade (which I listened to on a longish drive yesterday) has a preview of Jason Snell and Myke Hurley’s upcoming Designed in California podcast. No, not the “Road to the Apple II” series they’ve been squeezing into the Upgrade feed th…",True,2026-06-26T01:52:17.418638
Micron stock surges after Micron earnings report crushes estimates: How is AI demand driving Micron to new heights and what does it mean for the future?,https://economictimes.indiatimes.com/news/international/us/micron-stock-surges-after-micron-earnings-report-crushes-estimates-how-is-ai-demand-driving-micron-to-new-heights-and-what-does-it-mean-for-the-future/articleshow/131978090.cms,The Times of India,2026-06-24T22:22:04Z,"Micron's revenue has surged by over four times, reaching $41.46 billion in its fiscal third quarter, driven by the booming AI sector and a global memory crunch.  The company's stock saw a significant jump as soaring demand for memory chips, essential for AI h…",True,2026-06-26T01:52:17.418640
Mehrere Probleme in java-1_8_0-openjdk (SUSE),https://www.pro-linux.de/sicherheit/2/105332/sicherheit-mehrere-probleme-in-java-1_8_0-openjdk.html,Pro-Linux,2026-06-24T21:52:41Z,"Kostenlose Nachrichten, Web-Support und Foren rund um Linux, OpenSource und Freie Software. Angebote wie News, Berichte, Workshops, Tipps, Links und Kalender.",True,2026-06-26T01:52:17.418646
Überschreiben von Dateien in tar (SUSE),https://www.pro-linux.de/sicherheit/2/105317/sicherheit-%C3%9Cberschreiben-von-dateien-in-tar.html,Pro-Linux,2026-06-24T21:42:41Z,"Kostenlose Nachrichten, Web-Support und Foren rund um Linux, OpenSource und Freie Software. Angebote wie News, Berichte, Workshops, Tipps, Links und Kalender.",True,2026-06-26T01:52:17.418647
Mehrere Probleme in google-guest-agent (SUSE),https://www.pro-linux.de/sicherheit/2/105320/sicherheit-mehrere-probleme-in-google-guest-agent.html,Pro-Linux,2026-06-24T21:42:41Z,"Kostenlose Nachrichten, Web-Support und Foren rund um Linux, OpenSource und Freie Software. Angebote wie News, Berichte, Workshops, Tipps, Links und Kalender.",True,2026-06-26T01:52:17.418649
Mehrere Probleme in bind (SUSE),https://www.pro-linux.de/sicherheit/2/105315/sicherheit-mehrere-probleme-in-bind.html,Pro-Linux,2026-06-24T21:42:41Z,"Kostenlose Nachrichten, Web-Support und Foren rund um Linux, OpenSource und Freie Software. Angebote wie News, Berichte, Workshops, Tipps, Links und Kalender.",True,2026-06-26T01:52:17.418650
Mehrere Probleme in bind (SUSE),https://www.pro-linux.de/sicherheit/2/105316/sicherheit-mehrere-probleme-in-bind.html,Pro-Linux,2026-06-24T21:42:41Z,"Kostenlose Nachrichten, Web-Support und Foren rund um Linux, OpenSource und Freie Software. Angebote wie News, Berichte, Workshops, Tipps, Links und Kalender.",True,2026-06-26T01:52:17.418652
"Jackson School Class Helped Model July 4 Storm, and Found That Rainfall was Slightly Suppressed",https://www.jsg.utexas.edu/news/2026/06/jackson-school-class-helped-model-july-4-storm-and-found-that-rainfall-was-slightly-suppressed/,Utexas.edu,2026-06-24T20:58:47Z,"Last fall, a group of 12 students huddled around their laptops in a dark room in the Jackson School of Geosciences building. Their screens, which...",True,2026-06-26T01:52:17.418655
"Vaultwarden has been running on a Raspberry Pi Zero in a drawer for a year, and it's the most underrated thing I host",https://www.xda-developers.com/vaultwarden-on-raspberry-pi-zero-most-underrated-thing-i-host/,XDA Developers,2026-06-24T20:30:24Z,"Embrace the simplicity and efficiency of self-hosting Vaultwarden on a Raspberry Pi Zero 2W, and the freedom of managing your own passwords",True,2026-06-26T01:52:17.418656
KULR Technology Group Chairman and CEO Michael Mo Releases Shareholder Letter,https://www.globenewswire.com/news-release/2026/06/24/3317162/0/en/KULR-Technology-Group-Chairman-and-CEO-Michael-Mo-Releases-Shareholder-Letter.html,GlobeNewswire,2026-06-24T20:15:00Z,"NYSE: KULR today published a letter from the Company's Chairman and Chief Executive Officer, Michael Mo....",True,2026-06-26T01:52:17.418658
"Some Microsoft Surface devices just got big price cuts — but the catch is they've had big RAM cuts, too",https://www.techradar.com/computing/windows-laptops/some-microsoft-surface-devices-just-got-big-price-cuts-but-the-catch-is-theyve-had-big-ram-cuts-too,TechRadar,2026-06-24T20:00:00Z,"Microsoft has dropped the RAM to 8GB with new entry-level models, prompting questions over whether that's enough memory.",True,2026-06-26T01:52:17.418659
Epictetus on Love and Loss: The Stoic Strategy for Surviving Heartbreak,https://www.themarginalian.org/2026/06/24/epictetus-love-loss/,Themarginalian.org,2026-06-24T19:27:32Z,"""Who is good if he knows not who he is? and who knows what he is, if he forgets that things which have been made are perishable, and that it is not possible for one human being to be with another always?""",False,2026-06-26T01:52:17.418662
"Hygon’s 128-Core & 512-Thread C86 CPU Targets Intel Xeon With 15% IPC Gain, As China Races to Cut Foreign Chip Reliance",https://wccftech.com/hygon-128-core-512-thread-c86-cpu-targets-intel-xeon-as-china-races-to-cut-foreign-chip-reliance/,Wccftech,2026-06-24T17:40:01Z,"Hygon, China's premier chipmaker, has presented its latest CPUs and GPUs for data centers, offering up to 128 cores & 512 threads. Hygon, based in Beijing, China, has been hard at work producing high-quality chips for the domestic markets. Their previous C86 …",True,2026-06-26T01:52:17.418663
Broadcom targets over $100B in AI semiconductor revenue by 2028,https://cryptobriefing.com/broadcom-100b-ai-semiconductor-revenue-2028/,Crypto Briefing,2026-06-24T16:28:13Z,"Broadcom's ambitious AI revenue goals could reshape tech supply chains, influence crypto market dynamics, and challenge semiconductor competitors.
The post Broadcom targets over $100B in AI semiconductor revenue by 2028 appeared first on Crypto Briefing.",True,2026-06-26T01:52:17.418664
"China tops the list of fastest supercomputers with a CPU-only behemoth, ending US champion El Capitan's reign — 2.198 exaflops of performance without a single GPU",https://www.tomshardware.com/tech-industry/supercomputers/china-tops-the-top500-with-a-cpu-only-supercomputer-ending-el-capitans-reign,Tom's Hardware UK,2026-06-24T16:15:10Z,"China's LineShine supercomputer has taken the top spot on the 67th TOP500 list, posting 2.198 exaflops on the High Performance Linpack benchmark.",True,2026-06-26T01:52:17.418666
"Edsger Dijkstra's Library (Housed and Archived in Leuven, Belgium)",https://www.dijkstrascry.com/inventory,Dijkstrascry.com,2026-06-24T15:10:27Z,"Article URL: https://www.dijkstrascry.com/inventory
Comments URL: https://news.ycombinator.com/item?id=48661179
Points: 5
# Comments: 0",True,2026-06-26T01:52:17.418671
Geekom Prime Day deals take up to 34% off a new mini PC with our exclusive promo code — Get an AMD or Intel mini PC for less now,https://www.tomshardware.com/desktops/mini-pcs/mini-pc-amazon-prime-day-sale-geekom,Tom's Hardware UK,2026-06-24T15:10:10Z,Mini PC specialist Geekom has stuffed its Amazon webstore with a multitude of diminutive computers with discounts as deep as 34% off.,True,2026-06-26T01:52:17.418672
FEDI-CODE: A federated and causally-informed framework for dementia risk prediction using multi-site patient data,https://journals.plos.org/plosone/article?id=10.1371/journal.pone.0351957,Plos.org,2026-06-24T14:00:00Z,"Early detection of dementia is critical for timely intervention and disease management, yet it remains a challenging task due to the fragmented nature of healthcare data and the need for privacy-preserving solutions. This paper proposes FEDI-CODE, a Federated…",True,2026-06-26T01:52:17.418680
(PR) Transcend Launches New 218-Layer 3D NAND Storage Solutions for AI Computing and Edge Applications,https://www.techpowerup.com/350249/transcend-launches-new-218-layer-3d-nand-storage-solutions-for-ai-computing-and-edge-applications,Techpowerup.com,2026-06-24T13:17:21Z,"Global leader in storage and embedded solutions, Transcend Information, Inc. (Transcend), today announced its new generation of industrial SSD and memory card solutions powered by advanced 218-layer 3D NAND flash technology. Featuring optimized architecture a…",False,2026-06-26T01:52:17.418682
Fabric.AI (Nasdaq: FABC) Stockholders Ratify Kopin Strategic Partnership to Develop Neural I/o™ MicroLED Optical Interconnect Technology for Next Generation AI Data Centers,https://www.globenewswire.com/news-release/2026/06/24/3316915/0/en/Fabric-AI-Nasdaq-FABC-Stockholders-Ratify-Kopin-Strategic-Partnership-to-Develop-Neural-I-o-MicroLED-Optical-Interconnect-Technology-for-Next-Generation-AI-Data-Centers.html,GlobeNewswire,2026-06-24T13:15:00Z,Company advances development of its MicroLED-based interconnect technology to address the growing demands of high-performance computing and reaffirms its strategic priorities Company advances development of its MicroLED-based interconnect technology to addres…,True,2026-06-26T01:52:17.418683
OpenAI unveils custom chip it designed with Broadcom to boost its AI infrastructure,https://economictimes.indiatimes.com/tech/technology/openai-unveils-custom-chip-it-designed-with-broadcom-to-boost-its-ai-infrastructure/articleshow/131969608.cms,The Times of India,2026-06-24T13:07:39Z,"OpenAI has unveiled its first custom AI chip, Jalapeno, developed with Broadcom to boost its infrastructure. This move aims to overcome computing power shortages and reduce reliance on Nvidia's GPUs. Designed for AI inference, the chip is comparable to Nvidia…",True,2026-06-26T01:52:17.418684
Rocket One Regains Full Nasdaq Compliance with Minimum Bid Price Requirement,https://www.prnewswire.com/news-releases/rocket-one-regains-full-nasdaq-compliance-with-minimum-bid-price-requirement-302809267.html,PRNewswire,2026-06-24T12:37:00Z,"Company Satisfies Nasdaq Listing Rule 5550(a)(2); Compliance Matter Officially Closed HOBOKEN, N.J., June 24, 2026 /PRNewswire/ -- Rocket One Inc. (Nasdaq: RKTO) (""Rocket One"" or the ""Company""), a technology company focused on next-generation AI computing, de…",True,2026-06-26T01:52:17.418687
AI data center boom hits a human bottleneck — critical skilled labor shortages could slow deployment despite billions in funding,https://www.tomshardware.com/tech-industry/data-centers/ai-data-center-boom-hits-a-human-bottleneck-critical-skilled-labor-shortages-could-slow-deployment-despite-billions-in-funding,Tom's Hardware UK,2026-06-24T12:31:56Z,"Data center construction is facing many challenges, and among them is a shortage of skilled hands to assemble the things.",True,2026-06-26T01:52:17.418688
Oracle Health Extends AI into the Operating Room in Collaboration with Theator,https://www.prnewswire.com/news-releases/oracle-health-extends-ai-into-the-operating-room-in-collaboration-with-theator-302808286.html,PRNewswire,2026-06-24T12:05:00Z,"AI-powered surgical intelligence solutions will improve documentation accuracy, patient care, and revenue cycle management for surgical procedures AUSTIN, Texas, June 24, 2026 /PRNewswire/ -- Oracle Health and Theator are working together to provide AI-powere…",True,2026-06-26T01:52:17.418689
"Commodore Gets Transparent on Callback Flip Phone Pricing, Drops $100 Ahead of June 30 Pre-Orders",https://www.prnewswire.com/news-releases/commodore-gets-transparent-on-callback-flip-phone-pricing-drops-100-ahead-of-june-30-pre-orders-302809216.html,PRNewswire,2026-06-24T11:50:00Z,"Tiered pricing brings base price on select models to $399, putting the smarter flip phone in more hands for less DOVER, Del., June 24, 2026 /PRNewswire/ -- Following last week's reveal of the Commodore Callback 8020, the first flip phone to balance the modern…",True,2026-06-26T01:52:17.418692
Amazon Prime Day Sale: The Best 130+ Tech Deals Worth Buying Now,https://uk.pcmag.com/amazon-prime-big-deal-days/165778/amazon-prime-day-sale-the-best-130-tech-deals-worth-buying-now,PCMag.com,2026-06-24T11:09:52Z,"The annual summer sales event is a go, and our editors have scoured Amazon's earliest deals to bring you the best discounts on headphones, laptops, tablets, speakers, SSDs, and other tech.
Amazon Prime Day has officially kicked off with some of the best tech …",True,2026-06-26T01:52:17.418693
"MEXC Reports 105% Rise in May Stock Futures Volume, MU Surges 1,002% on AI Storage Demand",https://zycrypto.com/mexc-reports-105-rise-in-may-stock-futures-volume-mu-surges-1002-on-ai-storage-demand/,ZyCrypto,2026-06-24T11:01:59Z,"VICTORIA, Seychelles, June 24, 2026 – MEXC, a pioneer in 0-fee digital asset trading, released its May TradFi Futures trading data, showing rising user demand for U.S. stock-related products and broader participation across AI, semiconductor, index, and ETF m…",False,2026-06-26T01:52:17.418695
Looking for More Storage? These Prime Day SSD Deals Start at Just $40,https://www.cnet.com/deals/best-prime-day-ssd-deals-2026-06-24/,CNET,2026-06-24T10:04:00Z,"Whether you need more space or faster load times, these SSD deals make upgrading easy and affordable.",True,2026-06-26T01:52:17.418696
"MEXC May Stock Futures Volume Rises 105%, MU Volume Surges 1,002% as AI Storage Momentum Builds",https://www.prnewswire.com/news-releases/mexc-may-stock-futures-volume-rises-105-mu-volume-surges-1-002-as-ai-storage-momentum-builds-302808897.html,PRNewswire,2026-06-24T10:00:00Z,"VICTORIA, Seychelles, June 24, 2026 /PRNewswire/ -- MEXC, a pioneer in 0-fee digital asset trading, released its May TradFi Futures trading data, showing rising user demand for U.S. stock-related products and broader participation across AI, semiconductor, in…",True,2026-06-26T01:52:17.418697
"MEXC May Stock Futures Volume Rises 105%, MU Volume Surges 1,002% as AI Storage Momentum Builds",https://www.globenewswire.com/news-release/2026/06/24/3316645/0/en/MEXC-May-Stock-Futures-Volume-Rises-105-MU-Volume-Surges-1-002-as-AI-Storage-Momentum-Builds.html,GlobeNewswire,2026-06-24T10:00:00Z,"In May, MEXC's Stock Futures trading volume increased 105% month over month, while MU (Micron) Futures volume surged more than 1,000%. ...",True,2026-06-26T01:52:17.418699
jutul-agent added to PyPI,https://pypi.org/project/jutul-agent/,Pypi.org,2026-06-24T08:24:24Z,Specialized scientific agent for AD-enabled simulators built on the Jutul framework.,True,2026-06-26T01:52:17.418705
Odine and Supermicro Announce Strategic Partnership to Advance AI Infrastructure in Türkiye,https://www.prnewswire.com/news-releases/odine-and-supermicro-announce-strategic-partnership-to-advance-ai-infrastructure-in-turkiye-302809024.html,PRNewswire,2026-06-24T08:21:00Z,"This move is considered a significant milestone in the development of the infrastructure layer enabling AI investments in Türkiye. ISTANBUL, June 24, 2026 /PRNewswire/ -- Odine, a global technology partner combining consultancy, system integration, and AI-pow…",True,2026-06-26T01:52:17.418707
Everpure breidt AI-ready data-oplossingen uit met Data Stream,https://www.emerce.nl/wire/everpure-breidt-aiready-dataoplossingen-uit-data-stream,Emerce.nl,2026-06-24T07:56:11Z,"Nieuwe functie biedt een duidelijk implementatietraject voor productie AI, waardoor klanten hun data ‘AI-ready’ kunnen maken voor natuurlijke taal, zoekfuncties […]",True,2026-06-26T01:52:17.418708
"China’s LineShine named world’s most powerful supercomputers, tops US models in global ranking",https://www.cnn.com/2026/06/24/tech/china-tops-world-supercomputer-ranking-intl-hnk,CNN,2026-06-24T07:27:26Z,"China has clinched the top spot on a list of the world’s most powerful supercomputers, overtaking the United States for the first time since 2017 with homegrown chips amid an intense race for tech supremacy between the two superpowers.",True,2026-06-26T01:52:17.418711
(PR) Biostar Introduces EdgeComp MS-NAT5000 Edge AI System,https://www.techpowerup.com/350242/biostar-introduces-edgecomp-ms-nat5000-edge-ai-system,Techpowerup.com,2026-06-24T06:31:53Z,"BIOSTAR, a leading manufacturer of edge AI solutions, industrial motherboards, motherboards, graphics cards, and storage devices, today announces the EdgeComp MS-NAT5000, a compact edge AI computing system that integrates the NVIDIA Jetson Thor T5000 module t…",False,2026-06-26T01:52:17.418712
The Reflect Package | Internals for Interns,https://internals-for-interns.com/posts/go-runtime-reflect/,Internals-for-interns.com,2026-06-24T05:47:01Z,"<p>In the <a href=""/posts/go-runtime-stacktraces/"">previous article</a>
 we watched the runtime rebuild an entire stack trace out of metadata the compiler and linker had frozen into the binary at build time. I told you at the end that reflect works on exactly…",True,2026-06-26T01:52:17.418713
Chinese supercomputer using local processors heads TOP500 list,https://www.theregister.com/hpc/2026/06/24/chinese-supercomputer-using-local-processors-heads-top500-list/5260532,Theregister.com,2026-06-24T03:34:44Z,Use of Arm cores and Linux mean Beijing hasn’t broken away from the world,False,2026-06-26T01:52:17.418716
skill-cert added to PyPI,https://pypi.org/project/skill-cert/,Pypi.org,2026-06-24T02:54:52Z,通用 AI Skill 评测引擎 — 自解析、自生成测试、自执行、自评估,True,2026-06-26T01:52:17.418718
盤前／搶攻FOPLP明星 台廠10強出列,https://tw.news.yahoo.com/%E7%9B%A4%E5%89%8D-%E6%90%B6%E6%94%BBfoplp%E6%98%8E%E6%98%9F-%E5%8F%B0%E5%BB%A010%E5%BC%B7%E5%87%BA%E5%88%97-200500396.html,Yahoo Entertainment,2026-06-24T20:05:00Z,隨著AI晶片需求激增，先進封裝技術正迎來重大變革。台積電積極推動CoPoS與面板級封裝（PLP）技術，採用方形玻璃基板以降低成本並提升效能。法人指出，相較於傳統圓形矽中介層，玻璃基板具備低翹曲與高訊號完整性優勢，可降低封裝成本逾六成。此趨勢將帶動志聖、家登、均華等十檔台廠設備與材料供應鏈。隨著FOPLP成為半導體新戰場，相關台廠可望在AI浪潮中迎來新一波成長循環，成為封裝主流受惠者。,False,2026-06-26T01:52:17.628324
日月光股東會》下一代先進封裝FOPLP年底量產！吳田玉：法說會盼有好消息,https://consent.yahoo.com/v2/collectConsent?sessionId=1_cc-session_ea16998c-5d9e-4e88-b1c4-37e6d20b486a,Yahoo Entertainment,2026-06-24T06:01:45Z,隨著AI晶片尺寸持續擴大、封裝成本與散熱需求同步攀升，被視為下一代先進封裝重要技術之一的面板級封裝（Fan-Out Panel Level Packaging；FOPLP）正成為全球半導體產業關注焦點。日月光投控（3711）營運長吳田玉今（24）日於股東會後受訪時透露，日月光首條具備世界級經濟效益的全自動化FOPLP量產線預計將於今年底正式量產，目前客戶驗證......,False,2026-06-26T01:52:17.628337
AI 加持 30 年 FOPLP／玻璃基板市場規模估飆增逾 11 倍,https://technews.tw/2026/06/24/foplp-and-glass-substrate-market-expected-to-exceed-8-billion-by-2030/,Technews.tw,2026-06-24T03:30:08Z,在AI、高效能運算（HPC）需求加持下，全球 FOPLP（扇出型面板級封裝）及玻璃基板市場規模預估將呈現大幅度增長，2030 年市場規模有望較 2024 年狂飆逾 11 倍。 Counterpoint Research 23日公布調查報告指出，隨著半導體企業為了因應日益複雜的AI以及HPC工作負載，...,False,2026-06-26T01:52:17.628338
"“반도체부터 우주의약까지”…중기부, 딥테크 국가대표 7개팀 선발",https://www.venturesquare.net/1093585/,Venturesquare.net,2026-06-24T13:24:16Z,"중기부가 생태계혁신형 DCP 예비연구 프로젝트 7개 팀을 선정하고 공식 출범시켰다. 반도체, SMR, 바이오헬스, 우주항공 등 국가 전략기술 분야의 혁신 생태계 구축이 목표다. 예비연구를 거쳐 최종 5개 프로젝트를 선정하며, 선정 과제에는 최대 200억 원 규모의 R&...
The post “반도체부터 우주의약까지”…중기부, 딥테크 국가대표 7개팀 선발 appeared first on 벤처스퀘어.",True,2026-06-26T01:52:17.963614
Article: Beyond CLEAN and MVP: Architecting an Offline-first Reactive Data Layer in Android,https://www.infoq.com/articles/rdla-offline-first-reactive-android-data-layer/,InfoQ.com,2026-06-24T09:00:00Z,"With the Reactive Data Layer Architecture (RDLA), you establish a clear boundary between public data APIs and private, framework-specific data-source implementations. Your presentation layer operates in a purely reactive manner, observing data changes rather …",True,2026-06-26T01:52:17.963625
"Envision Showcases Integrated Energy Systems at Intersolar Europe 2026 to Deliver Dispatchable Clean Energy for AI, Industry and Grids",https://www.prnewswire.com/news-releases/envision-showcases-integrated-energy-systems-at-intersolar-europe-2026-to-deliver-dispatchable-clean-energy-for-ai-industry-and-grids-302809022.html,PRNewswire,2026-06-24T08:20:00Z,"MUNICH, June 24, 2026 /PRNewswire/ -- Envision today presented its integrated power system capabilities at Intersolar Europe 2026, demonstrating how it connects, stores and orchestrates energy across an end-to-end architecture. Making their European debut, th…",True,2026-06-26T01:52:17.963627
El enigmático whatsapp de ZP a Gertru: 'Es muy confidencial el papel. Sólo para ti. Y rompes el mío. Mañana vienen Santos y JF',https://www.elespanol.com/espana/20260625/enigmatico-whatsapp-zp-gertru-confidencial-papel-solo-rompes-manana-vienen-santos-jf/1003744299005_0.html,Elespanol.com,2026-06-25T00:46:12Z,"El mensaje lo envió el expresidente a su secretaria el 2 de junio de 2025, diez días antes del informe de la UCO sobre Santos Cerdán.  Zapatero, que relevó al ex secretario de Organización del PSOE como interlocutor con Puigdemont, se vio ese mismo mes con el…",True,2026-06-26T01:52:18.170207
Xiaomi YU7 GT รถไฟฟ้าไร้คนขับวิ่งทำเวลาต่อรอบทำลายสถิติในสนาม Nürburgring Nordschleife,https://www.thairath.co.th/news/auto/evcar/2941782,Thairath.co.th,2026-06-25T00:00:00Z,Xiaomi EV สร้างประวัติศาสตร์หน้าใหม่ ด้วยการเป็นรถยนต์ไร้คนขับคันแรกของโลกที่วิ่งทำเวลาต่อรอบอย่างเป็นทางการ ณ สนาม Nürburgring Nordschleife,False,2026-06-26T01:52:18.170218
"""Ninguém me aborrece"", diz Flávio Bolsonaro após vídeo de Michelle",https://www.metropoles.com/brasil/ninguem-me-aborrece-diz-flavio-bolsonaro-apos-video-de-michelle,Metropoles.com,2026-06-24T23:16:19Z,Pré-candidato à Presidência fez transmissão ao vivo e disse que preferia falar de futebol após ser acusado de desrespeitar ex-primeira-dama,True,2026-06-26T01:52:18.170220
"Salvar la socialdemocracia, destruir al PSOE",https://www.libertaddigital.com/espana/politica/2026-06-25/santiago-navajas-salvar-la-socialdemocracia-destruir-al-psoe-7426018/,Libertaddigital.com,2026-06-24T23:12:32Z,"La destrucción política del PSOE no es un fin en sí mismo, sino el requisito previo para construir algo mejor.",True,2026-06-26T01:52:18.170221
[Rb4Cl][Cd11In9Se26]: a salt inclusion chalcogenide with a diamond-like framework for infrared nonlinear optics,https://pubs.rsc.org/en/content/articlelanding/2026/dt/d6dt00409a,Royal Society of Chemistry,2026-06-24T23:00:00Z,"Dalton Trans., 2026, Advance ArticleDOI: 10.1039/D6DT00409A, PaperPengzhi Xie, Qixian Ren, Junwei Feng, Hong Du, Shuyi MiBy tuning [Cd11In9Se26]3− polymerization via [Rb4Cl]3+, we synthesized SIC [Rb4Cl][Cd11In9Se26] with uniformly aligned T2 supertetrahedral…",False,2026-06-26T01:52:18.170223
"Coco Oderigo, fundador de Espartanos: “Está en cada uno decidir si querés ser protagonista o víctima”",https://www.lanacion.com.ar/sociedad/coco-oderigo-fundador-de-espartanos-esta-en-cada-uno-decidir-si-queres-ser-protagonista-o-victima-nid24062026/,La Nacion,2026-06-24T21:37:44Z,"La fundación que revolucionó las cárceles acercando el rugby a los internos realizará su 5° convención anual en Eldorado, del 15 al 17 de octubre",True,2026-06-26T01:52:18.170224
Democrats Are Trying To Restrict Gas Exports Again,https://dailycaller.com/2026/06/24/democrats-restrict-gas-exports/,The Daily Caller,2026-06-24T20:56:08Z,Experts warn that Democratic Rep. Ro Khanna's proposed gas export ban would backfire.,True,2026-06-26T01:52:18.170227
Why Did Congress Vote To End the Iran War After It Finished?,https://reason.com/2026/06/24/why-did-congress-vote-to-end-the-iran-war-after-it-finished/,Reason,2026-06-24T20:54:36Z,Democrats and Republicans alike dragged out the process to vote on the Iran war. Antiwar advocates say their vote still matters.,True,2026-06-26T01:52:18.170228
Los correos internos del Gobierno canario en la crisis del hantavirus: “Nuestra mejor sanidad no justifica el envío del barco”,https://www.eldiario.es/canariasahora/sociedad/correos-internos-gobierno-canario-crisis-hantavirus-mejor-sanidad-no-justifica-envio-barco_1_13326877.html,Eldiario.es,2026-06-24T20:00:31Z,El Ejecutivo regional tenía desde el martes 5 de mayo a las 14:30 un informe del Centro de Coordinación de Alertas y Emergencias Sanitarias que determinaba que el riesgo de contagio era “muy bajo”. Llegó a pedir “información” sobre la “actitud” de Cabo Verde …,True,2026-06-26T01:52:18.170230
Here’s how the AirPods’ heart rate sensor fares against Apple Watch and other wearables,https://9to5mac.com/2026/06/24/heres-how-the-airpods-heart-rate-sensor-fares-against-apple-watch-and-other-wearables/,9to5Mac,2026-06-24T19:58:29Z,"One of the flagship additions to the AirPods Pro 3 was a built-in heart-rate sensor, which allows users to track more than 50 workout types. But how accurate is it?",True,2026-06-26T01:52:18.170231
Winners and losers emerge after socialist earthquake rocks NYC primaries,https://www.foxnews.com/politics/winners-losers-emerge-after-socialist-earthquake-rocks-nyc-primaries,Fox News,2026-06-24T18:57:10Z,"Mayor Zohran Mamdani's socialist slate swept NYC Democratic primaries, defeating incumbents like Reps. Espaillat and Goldman in a major shift.",True,2026-06-26T01:52:18.170232
Společnost Risen Energy představí na veletrhu Intersolar Europe 2026 inovace pro všechny scénáře,https://www.prnewswire.com/news-releases/spolenost-risen-energy-pedstavi-na-veletrhu-intersolar-europe-2026-inovace-pro-vechny-scenae-302809755.html,PRNewswire,2026-06-24T18:56:00Z,"MNICHOV, Německo, 24. června 2026 /PRNewswire/ – S velkou radostí oznamujeme, že včera byl v areálu Messe München oficiálně zahájen veletrh Intersolar Europe a že společnost Risen Energy již v plném proudu vítá návštěvníky na stánku A1.370. Představili jsme k…",True,2026-06-26T01:52:18.170233
Risen Energy prezentuje wszechstronne innowacje na targach Intersolar Europe 2026,https://www.prnewswire.com/news-releases/risen-energy-prezentuje-wszechstronne-innowacje-na-targach-intersolar-europe-2026-302809739.html,PRNewswire,2026-06-24T18:45:00Z,"MONACHIUM, Niemcy, 24 czerwca 2026 r. /PRNewswire/ -- Z radością ogłaszamy, że targi Intersolar Europe oficjalnie otworzyły swoje podwoje w Messe München, a firma Risen Energy wita licznie zgromadzonych gości na stoisku A1.370. Przywieźliśmy naszą kompleksową…",True,2026-06-26T01:52:18.170235
Haier Energy feiert sein Debüt auf der Intersolar Europe 2026 mit integrierten Energielösungen für Wohngebäude und C&I,https://www.prnewswire.com/news-releases/haier-energy-feiert-sein-debut-auf-der-intersolar-europe-2026-mit-integrierten-energielosungen-fur-wohngebaude-und-ci-302809727.html,PRNewswire,2026-06-24T18:36:00Z,"Neues Portfolio kombiniert Solarerzeugung, Speicherung, Energiemanagement und KI-gesteuerte Optimierung, um Europas Energiewende zu unterstützen MÜNCHEN, 24. Juni 2026 /PRNewswire/ -- Auf der Intersolar Europe 2026, einer der weltweit führenden Messen für die…",True,2026-06-26T01:52:18.170236
Trump and scorned Republican get into heated yelling match at GOP lunch: report,https://www.rawstory.com/trump-and-scorned-republican-clash-at-gop-lunch-going-after-each-other/,Raw Story,2026-06-24T18:28:46Z,"Sen. Bill Cassidy (R-LA) started yelling at President Donald Trump at a Senate GOP luncheon on Wednesday, according to reports from insiders at the event.Trump had vowed earlier Wednesday to block a bipartisan affordable housing bill Congress had given final …",False,2026-06-26T01:52:18.170237
Man receives three life sentences for aggravated sexual assault of children,https://freerepublic.com/focus/f-news/4385265/posts,Freerepublic.com,2026-06-24T18:28:17Z,A 43-year-old man who fled across multiple states to avoid prosecution has been sentenced to three life sentences for sexually assaulting children in South Texas. Benjamin Alan Molodecki was found guilty on three counts of Aggravated Sexual Assault of a Child…,True,2026-06-26T01:52:18.170239
Risen Energy presenta innovaciones para todo tipo de escenarios en Intersolar Europe 2026,https://www.prnewswire.com/news-releases/risen-energy-presenta-innovaciones-para-todo-tipo-de-escenarios-en-intersolar-europe-2026-302809699.html,PRNewswire,2026-06-24T18:18:00Z,"MUNICH, Alemania, 24 de junio de 2026 /PRNewswire/ -- Nos complace anunciar que Intersolar Europe abrió oficialmente sus puertas ayer en la Messe München, y Risen Energy ha estado muy ocupada recibiendo a los visitantes en el stand A1.370. Presentamos nuestra…",True,2026-06-26T01:52:18.170240
"Los mensajes de 'Gertru' a Zapatero: ""Me dice Bono que le envie ese mensaje de tu parte a ese sr. ¿Lo hago?""",https://www.libertaddigital.com/espana/2026-06-25/los-mensajes-de-gertru-a-zapatero-me-dice-bono-que-le-envie-ese-mensaje-de-tu-parte-a-ese-sr-lo-hago-7426140/,Libertaddigital.com,2026-06-24T17:28:24Z,"""Sí, sí"", responde el expresidente del Gobierno, que comía habitualmente con el que fuera su ministro de Defensa.",True,2026-06-26T01:52:18.170241
"Envision stellt auf der Intersolar Europe 2026 integrierte Energiesysteme zur Bereitstellung steuerbarer sauberer Energie für KI, Industrie und Stromnetze vor",https://www.prnewswire.com/news-releases/envision-stellt-auf-der-intersolar-europe-2026-integrierte-energiesysteme-zur-bereitstellung-steuerbarer-sauberer-energie-fur-ki-industrie-und-stromnetze-vor-302809616.html,PRNewswire,2026-06-24T17:18:00Z,"MÜNCHEN, 24. Juni 2026 /PRNewswire/ -- Envision präsentierte heute auf der Intersolar Europe 2026 seine Fähigkeiten im Bereich integrierter Energiesysteme und demonstrierte dabei, wie das Unternehmen Energie über eine durchgängige Architektur hinweg vernetzt,…",True,2026-06-26T01:52:18.170243
"Au salon Intersolar Europe 2026, Envision expose ses systèmes énergétiques intégrés en vue de fournir une énergie propre pilotable pour l'IA, l'industrie et les réseaux électriques",https://www.prnewswire.com/news-releases/au-salon-intersolar-europe-2026-envision-expose-ses-systemes-energetiques-integres-en-vue-de-fournir-une-energie-propre-pilotable-pour-lia-lindustrie-et-les-reseaux-electriques-302809615.html,PRNewswire,2026-06-24T17:16:00Z,"MUNICH, 24 juin 2026 /PRNewswire/ -- L'entreprise Envision a présenté aujourd'hui ses solutions intégrées de système électrique au salon Intersolar Europe 2026, illustrant ainsi comment elle relie, stocke et coordonne l'énergie au sein d'une architecture de b…",True,2026-06-26T01:52:18.170244
"Envision prezentuje na targach Intersolar Europe 2026 zintegrowane systemy energetyczne, które mają zapewniać dyspozycyjną czystą energię dla AI, przemysłu i sieci",https://www.prnewswire.com/news-releases/envision-prezentuje-na-targach-intersolar-europe-2026-zintegrowane-systemy-energetyczne-ktore-maj-zapewnia-dyspozycyjn-czyst-energi-dla-ai-przemysu-i-sieci-302809610.html,PRNewswire,2026-06-24T17:12:00Z,"MONACHIUM, 24 czerwca 2026 r. /PRNewswire/ -- Envision zaprezentowała dziś podczas targów Intersolar Europe 2026 swój potencjał w zakresie zintegrowanych systemów elektroenergetycznych, pokazując, w jaki sposób łączy, magazynuje i koordynuje energię w ramach …",True,2026-06-26T01:52:18.170245
Petro acusa injerencia de Trump en elecciones de Colombia y propone anularla,https://www.elfinanciero.com.mx/mundo/2026/06/24/petro-acusa-injerencia-de-trump-en-elecciones-de-colombia-y-propone-anularla/,El Financiero,2026-06-24T17:06:05Z,Petro señaló que Colombia quedó 'partida por la mitad' luego de las elecciones en las que resultó favorecido el candidato ultraderechista Abelardo de la Espriella.,True,2026-06-26T01:52:18.170247
GOPer Awkwardly Praises Bill Trump Just Rage-Torched,https://crooksandliars.com/2026/06/gop-rep-praises-trumps-support-housing,Crooksandliars.com,2026-06-24T17:03:17Z,Arkansas Republican Rep. French Hill didn't get the memo. Trump canceled the signing of the sweeping bipartisan bill that could boost the U.S. housing supply and lower costs for millions of renters and buyers nationwide. Of course he did. Is anyone surprised …,True,2026-06-26T01:52:18.170248
"Společnost Envision představí na veletrhu Intersolar Europe 2026 integrované energetické systémy, které budou dodávat regulovatelnou čistou energii pro umělou inteligenci, průmysl a energetické sítě",https://www.prnewswire.com/news-releases/spolenost-envision-pedstavi-na-veletrhu-intersolar-europe-2026-integrovane-energeticke-systemy-ktere-budou-dodavat-regulovatelnou-istou-energii-pro-umlou-inteligenci-prmysl-a-energeticke-sit-302809596.html,PRNewswire,2026-06-24T17:01:00Z,"MNICHOV, 24. června 2026 /PRNewswire/ -- Společnost Envision dnes na veletrhu Intersolar Europe 2026 představila své řešení pro integrované energetické systémy a předvedla, jak propojuje, ukládá a koordinuje energii v rámci celkové architektury. Portfolio v o…",True,2026-06-26T01:52:18.170249
Envision presenta sistemas energéticos integrados en Intersolar Europe 2026,https://www.prnewswire.com/news-releases/envision-presenta-sistemas-energeticos-integrados-en-intersolar-europe-2026-302809590.html,PRNewswire,2026-06-24T16:56:00Z,"-Envision presenta sistemas energéticos integrados en Intersolar Europe 2026 para suministrar energía limpia gestionable para IA, industria y redes eléctricas MUNICH, 24 de junio de 2026 /PRNewswire/ -- Envision presentó hoy sus capacidades de sistemas de ene…",True,2026-06-26T01:52:18.170250
CNBC has on-air mishap with bizarre 'kinky bookkeeping' chyron in Elizabeth Warren segment,https://www.rawstory.com/kinky-bookkeeping-chyron/,Raw Story,2026-06-24T16:25:57Z,CNBC had an accidental blunder during a live interview with Sen. Elizabeth Warren (D-MA) on Wednesday.The television network was interviewing the long-time Democrat about President Donald Trump abruptly canceling the signing of a bipartisan housing bill and t…,False,2026-06-26T01:52:18.170252
"ANDREW PIERCE: The 'brains' behind Burnham's economic agenda - a quasi-Marxist, high-tax fanatic who should terrify anyone who has savings or a pension",https://www.dailymail.com/debate/article-15926261/ANDREW-PIERCE-brains-Burnham-economic-agenda-Marxist-tax-fanatic.html,Dailymail.com,2026-06-24T16:13:11Z,"During the last election campaign, a rising star of the Labour Party - aiming to win the safe seat of Peckham in south London - posted a glowing testimonial from one Andy Burnham on her website.",False,2026-06-26T01:52:18.170253
"Oubliez la Steam Machine, voici la Stim Machine",https://www.01net.com/actualites/oubliez-la-steam-machine-voici-la-stim-machine.html,01net.com,2026-06-24T15:55:38Z,"C'est français monsieur. La Steam Machine n'est pas encore sortie, que LDLC, entreprise française, veut lui couper l'herbe sous le pied en sortant sa Stim Machine, une console-PC clairement inspirée du cube de Valve, mais qui se veut plus puissante pour moins…",True,2026-06-26T01:52:18.170254
Servidor federal é exposto por falas sobre extermínio de adversários,https://www.metropoles.com/colunas/mirelle-pinheiro/servidor-federal-e-exposto-por-falas-sobre-exterminio-de-adversarios,Metropoles.com,2026-06-24T15:50:43Z,"Marcelo Binenbojm, analista de infraestrutura no MIDR, afirmou que judeus são superiores e que ""a limpeza começou""",True,2026-06-26T01:52:18.170259
Iran: i negoziati proseguono nonostante i venti di contrasto,https://www.piccolenote.it/mondo/iran-i-negoziati-proseguono-nonostante-i-venti-di-contrasto,Piccolenote.it,2026-06-24T15:38:25Z,"“Israele non si ritirerà dal Libano anche se lo chiedessero gli Stati Uniti”. Così il ministro della Difesa israeliano Israel Katz, che parla a nome di Netanyahu, il quale si muove sottotraccia per evitare nuove frizioni con Trump. Una dichiarazione che, oltr…",True,2026-06-26T01:52:18.170260
Haier Energy fait ses débuts au salon Intersolar Europe 2026 avec des solutions énergétiques intégrées destinées aux particuliers et aux entreprises,https://www.prnewswire.com/news-releases/haier-energy-fait-ses-debuts-au-salon-intersolar-europe-2026-avec-des-solutions-energetiques-integrees-destinees-aux-particuliers-et-aux-entreprises-302809497.html,PRNewswire,2026-06-24T15:28:00Z,"Ce nouveau portefeuille associe la production d'énergie solaire, le stockage, la gestion de l'énergie et l'optimisation basée sur l'intelligence artificielle afin de soutenir la transition énergétique en Europe MUNICH, 24 juin 2026 /PRNewswire/ -- À l'occasio…",True,2026-06-26T01:52:18.170262
"Ambasadorul SUA, declarații despre criza politică de la București și proiectul SMR de la Doicești. Darryl Nirenberg: „Parteneriatul nostru va rămâne puternic și va continua să se consolideze”",https://www.mediafax.ro/externe/ambasadorul-sua-declaratii-despre-criza-politica-de-la-bucuresti-si-proiectul-smr-de-la-doicesti-darryl-nirenberg-parteneriatul-nostru-va-ramane-puternic-si-va-continua-sa-se-consolideze-23760910,Mediafax.ro,2026-06-24T15:06:31Z,"Valorile care au stat la baza formării Statelor Unite ale Americii sunt aceleași valori pe care poporul american le împărtășește cu România și care fac parteneriatul strategic atât de puternic, iar acesta va continua să se consolideze, a declarat Darryl Niren…",True,2026-06-26T01:52:18.170264
Pollution de l'Escaut : la Wallonie obtient 12 millions d'euros en réparation du préjudice écologique,https://www.actu-environnement.com/ae/news/pollution-escaut-tereos-wallonie-prejudice-ecologique-48205.php4,Actu-environnement.com,2026-06-24T14:49:46Z,"« Cinq ans après (sic) la pollution de l'Escaut provoquée par un accident industriel survenu à Escauduvres, la Région wallonne a obtenu réparation du préjudice écologique subi sur son territoire », se félicite le gouvernement régional dans un c...",False,2026-06-26T01:52:18.170266
AC to DC power conversion: A challenge for AI data centers,https://www.techtarget.com/searchdatacenter/tip/AC-to-DC-power-conversion-A-challenge-for-AI-data-centers,Techtarget.com,2026-06-24T13:49:00Z,"AC to DC power conversion inefficiencies cost AI data centers energy, heat and money. Here's what operators can do to address them.",True,2026-06-26T01:52:18.170267
"Baffled Iranian negotiators 'are reading Trump's The Art of the Deal to try and understand why he threatens to ""bomb the s*** out of them"" while negotiating ceasefire'",https://www.dailymail.com/news/article-15926005/Baffled-Iranian-mediators-reading-Trumps-Art-Deal-try-understand-threatens-bomb-s-negotiating-ceasefire.html,Dailymail.com,2026-06-24T13:07:51Z,"Baffled Iranian diplomats are reading Donald Trump's book, 'The Art of the Deal', in an attempt to understand his aggressive and often erratic negotiation strategy.",False,2026-06-26T01:52:18.170268
A Young Magician Wanted to Build an Epic Magic Collection. Did He Go Too Far?,http://www.rollingstone.com/culture/culture-features/howard-thurston-magic-collecting-scandal-1235577466/,Rolling Stone,2026-06-24T12:00:00Z,"Rory Feldman was accused of deceiving, defrauding, and stealing. But he says he’s been the target of a relentless smear campaign by a “magic mafia”",True,2026-06-26T01:52:18.170272
Scientists explain how crocodiles survived the asteroid that wiped out dinosaurs — the curious case of ‘living fossils’,https://economictimes.indiatimes.com/news/international/canada/scientists-explain-how-crocodiles-survived-the-asteroid-that-wiped-out-dinosaurs-the-curious-case-of-living-fossils/articleshow/131967425.cms,The Times of India,2026-06-24T11:51:17Z,Crocodiles remarkably survived the dinosaur-ending asteroid impact due to their ability to endure long periods without food and their presence in less-affected habitats. These ancient reptiles possess slow metabolisms and survive for extended durations withou…,True,2026-06-26T01:52:18.170273
Public Records Show FBI Secretly Extracted Data From ICE Protesters’ Phones,https://www.motherjones.com/politics/2026/06/cellebrite-phone-protest-ice-dhs-spokane-fbi-conspiracy-surveillance-privacy/,Mother Jones,2026-06-24T11:30:00Z,"On the evening of June 11, 2025, Shailynn Bray-Waters joined hundreds of other protesters at a demonstration outside an ICE field office in Spokane, Washington. She’d learned through social media that two of her former ESL students—Cesar Alexander Alvarez Per…",True,2026-06-26T01:52:18.170275
NBA Draft star's stunning mom steals the show as she celebrates son's selection alongside ex-basketball pro husband,https://www.dailymail.com/sport/nba/article-15924779/cameron-boozer-memphis-grizzlies-draft-cece-boozer.html,Dailymail.com,2026-06-24T11:22:20Z,"While NBA Draft prospect Cameron Boozer was one of the biggest names announced on draft night, it was his mother that stole the show in the eyes of the social media audience.",False,2026-06-26T01:52:18.170276
Homeowner ordered to tear down 'overbearing' wooden bridge he built to climb up his steep garden - after inspectors called it 'unneighbourly',https://www.dailymail.com/news/article-15925675/Homeowner-overbearing-wooden-bridge-steep-garden.html,Dailymail.com,2026-06-24T11:16:12Z,"Ben Davies, 25, said the large timber structure, which was built 2.7 metres above a private lane between neighbouring homes, was a practical solution to the incline.",False,2026-06-26T01:52:18.170277
"THE PANTS POOPER. Tabs, Wed., June 24, 2026",https://www.wonkette.com/p/the-pants-pooper-tabs-wed-june-24,Wonkette.com,2026-06-24T11:01:09Z,Morning news roundup and DETROIT PARTY INFO!,True,2026-06-26T01:52:18.170278
Risen Energy Showcases Full-Scenario Innovations at Intersolar Europe 2026,https://www.prnewswire.com/news-releases/risen-energy-showcases-full-scenario-innovations-at-intersolar-europe-2026-302809162.html,PRNewswire,2026-06-24T10:33:00Z,"MUNICH, Germany, June 24, 2026 /PRNewswire/ -- We are thrilled to report that Intersolar Europe officially opened its doors yesterday at the Messe München, and Risen Energy has been busy welcoming visitors to Booth A1.370. We brought our comprehensive product…",True,2026-06-26T01:52:18.170280
José Steinsleger/ IV: México: el neogolpismo avisa,https://www.jornada.com.mx/2026/06/24/politica/015a1pol,Jornada.com.mx,2026-06-24T10:30:41Z,"Uno. No todo embajador de Estados Unidos es, o ha sido, agente de la CIA. Sin embargo, desde mucho antes de su constitución como nación, ambos cargos han respondido a una causa común: salvar a la humanidad invocando a la Divina Providencia, el Destino Manifie…",False,2026-06-26T01:52:18.170281
José Steinsleger/ IV: México: el neogolpismo avisa,https://www.jornada.com.mx/2026/06/24/opinion/015a1pol,Jornada.com.mx,2026-06-24T10:30:41Z,"Uno. No todo embajador de Estados Unidos es, o ha sido, agente de la CIA. Sin embargo, desde mucho antes de su constitución como nación, ambos cargos han respondido a una causa común: salvar a la humanidad invocando a la Divina Providencia, el Destino Manifie…",False,2026-06-26T01:52:18.170282
Alfredo Jalife-Rahme: Bajo la lupa,https://www.jornada.com.mx/2026/06/24/opinion/010o1pol,Jornada.com.mx,2026-06-24T10:30:41Z,"El control soberano del estrecho de Ormuz por Irán y Omán, afecta e infecta –más que las intermedias de noviembre en EU– las nominaciones adelantadas a la presidencia de 2028 de republicanos y demócratas.",False,2026-06-26T01:52:18.170284
TrueNorth maps AI investment cycle shifts to power semiconductors,https://cryptobriefing.com/ai-investment-shift-power-semiconductors/,Crypto Briefing,2026-06-24T10:18:00Z,"The shift to 800V power systems in AI data centers signals a long-term demand surge for advanced semiconductors, reshaping investment priorities.
The post TrueNorth maps AI investment cycle shifts to power semiconductors appeared first on Crypto Briefing.",True,2026-06-26T01:52:18.170285
机械革命极光 X 配置上新：i9-14900HX、RTX 5070、16G 内存 + 1TB 固态 10499 元,https://www.ithome.com/0/968/124.htm,Ithome.com,2026-06-24T10:05:51Z,IT之家 6 月 24 日消息，机械革命极光 X 游戏本新增了一款 i9-14900HX + RTX 5070 + 16GB 内存 + 1TB 固态硬盘的版本，京东显示为 10799 元，首发价 10499 元起。值得一提的是，机械革命去年推出极光 X 时就有 i9-14900HX + RTX 5070 的白色版本，配备 32GB 内存 + 1TB 固态硬盘，当时售价 8999 元；另外一款 i7-13700HX + 16GB RAM + 1TB SSD + RTX 5070 黑色版本为 7999 元。京东机械革…,True,2026-06-26T01:52:18.170286
Trump Rages Against Senate and ‘Four Republican Losers’ for Crossing Him On Iran — Accuses Them of Giving ‘Aid and Comfort to the Enemy’,https://www.mediaite.com/media/news/trump-rages-against-senate-and-four-republican-losers-for-crossing-him-on-iran-accuses-them-of-giving-aid-and-comfort-to-the-enemy/,Mediaite,2026-06-24T10:03:39Z,"The president, late Tuesday night, raged against the Senate and ""four Republican losers"" for delivering a stunning rebuke of his war in Iran.
The post Trump Rages Against Senate and ‘Four Republican Losers’ for Crossing Him On Iran — Accuses Them of Giving ‘A…",False,2026-06-26T01:52:18.170289
Islanders & NHL News: DuPuis joins Isles; big trades keep coming,https://www.lighthousehockey.com/islanders-news-headlines/44880/islanders-nhl-news-dupuis-kyrou-nemec-byram,Lighthouse Hockey,2026-06-24T10:00:00Z,"The Brady Tkachuk trade was only the beginning; lots of trades of name players continue to roll around the league in the lead-up to the draft. Meanwhile, the Islanders made a front-office move that I will take some getting used to, because I’m petty like that…",False,2026-06-26T01:52:18.170291
Risen Energy Showcases Full-Scenario Innovations at Intersolar Europe 2026,https://www.prnewswire.com/news-releases/risen-energy-showcases-full-scenario-innovations-at-intersolar-europe-2026-302809117.html,PRNewswire,2026-06-24T09:52:00Z,"MUNICH, Germany, June 24, 2026 /PRNewswire/ -- We are thrilled to report that Intersolar Europe officially opened its doors yesterday at the Messe München, and Risen Energy has been busy welcoming visitors to Booth A1.370. We brought our comprehensive product…",True,2026-06-26T01:52:18.170292
Iran boasts Trump's war deal is 'America's declaration of defeat' after Donald rages at US Senate's 'meaningless' vote demanding an end to the conflict,https://www.dailymail.com/news/article-15925459/Iran-boasts-Trumps-war-deal-Americas-declaration-defeat-Donald-rages-US-Senates-meaningless-vote-demanding-end-conflict.html,Dailymail.com,2026-06-24T09:41:36Z,Iran has boasted that the deal it is signing with the US to end the Middle East war is 'America's declaration of defeat.',False,2026-06-26T01:52:18.170294
The Celebration of the Nation's Birth Is Still a Sham,https://www.thenation.com/article/society/nation-birth-celebration-still-a-sham/,Thenation.com,2026-06-24T09:00:02Z,"Madiba K. Dennie



If America must observe its 250th anniversary, let it be by taking stock of Reconstruction’s unfinished mission.




The post The Celebration of the Nation's Birth Is Still a Sham appeared first on The Nation.",True,2026-06-26T01:52:18.170295
"VIDEO. ""Cash Investigation"". Quand le lobby de l’agroalimentaire fait pression sur Matignon",https://www.franceinfo.fr/replay-magazine/france-2/cash-investigation/video-cash-investigation-quand-le-lobby-de-l-agroalimentaire-fait-pression-sur-matignon_8069534.html,Franceinfo.fr,2026-06-24T08:44:45Z,"Jamy Gourmaud a participé à une campagne de communication de Santé publique France sur le Nutri-score. En coulisse, l’une de ses vidéos n’a pas plu au lobby de l’agroalimentaire, l’ANIA, qui a demandé à Matignon d’en modifier le contenu. ""Cash Investigation"" …",True,2026-06-26T01:52:18.170299
Havasi Bertalan keményen reagált az ügyészség döntésére: Magyar Péter ennyivel nem úszhatja meg,https://index.hu/belfold/2026/06/24/havasi-bertalan-feljelentes-hivatali-visszaeles-magyar-peter-ugyeszseg/,Index.hu,2026-06-24T08:19:00Z,"Havasi Bertalan keményen reagált az ügyészség döntésére: Magyar Péter ennyivel nem úszhatja meg - A kommunikációs igazgató nem hagyja annyiban,  viszi tovább az ügyet.",True,2026-06-26T01:52:18.170301
« Ça respire foot à tous les coins de rue »… Et si on donnait la suite de la Coupe du monde aux Mexicains ?,https://www.20minutes.fr/sport/football/4230642-20260624-ca-respire-foot-tous-coins-rue-si-donnait-suite-coupe-monde-mexicains,20 Minutes,2026-06-24T08:02:36Z,"On a passé une journée à déambuler dans les rues de Mexico et notre opinion est faite, c’est ici et nulle part ailleurs que la Coupe du monde 2026 devrait avoir lieu",True,2026-06-26T01:52:18.170303
Peste 200.000 de oameni au mers la Rock in Rio Lisaboa 2026. Ce au festivalurile și nu pot oferi Spotify sau TikTok,https://www.mediafax.ro/cultura-media/peste-200-000-de-oameni-au-mers-la-rock-in-rio-lisaboa-2026-ce-au-festivalurile-si-nu-pot-oferi-spotify-sau-tiktok-23760627,Mediafax.ro,2026-06-24T07:52:58Z,"Într-o perioadă în care muzica este disponibilă instant pe platformele de streaming, iar concertele pot fi urmărite online din orice colț al lumii, marile festivaluri continuă să adune sute de mii de oameni. Rock in Rio Lisboa oferă un exemplu relevant, trans…",True,2026-06-26T01:52:18.170304
"Szokujące wyznanie Dody. Ujawniła, że kochała gangstera. ""Nigdy mnie nie sprzedał""","https://www.plotek.pl/najnowsze-plotki/7,194210,32873916,szokujace-wyznanie-dody-ujawnila-ze-kochala-gangstera-nigdy.html",Plotek.pl,2026-06-24T07:45:00Z,"Takiego wyznania mało kto się spodziewał. Doda ujawniła, że przed laty jej serce skradł gangster. Padły słowa o lojalności i wyjątkowym charakterze.",True,2026-06-26T01:52:18.170305
Faut-il vraiment débattre de tout ? Coupe du monde ou paternité : la polémique inutile qui a viré au scandale planétaire,https://www.challenges.fr/entreprise/sports/faut-il-vraiment-debattre-de-tout-coupe-du-monde-ou-paternite-la-polemique-inutile-qui-a-vire-au-scandale-planetaire_644440,Challenges,2026-06-24T07:30:00Z,"Le footballeur belge Jérémy Doku a quitté provisoirement la Coupe du monde de football afin d’assister à la naissance de son premier enfant. Pour avoir bêtement attaqué cette décision en plateau, la journaliste de la chaîne « L’Equipe », France Pierron, a sub…",False,2026-06-26T01:52:18.170306
Brooklyn Beckham and Nicola Peltz fawn over each other in gushing posts to mark their engagement 'anniversary' - hours after her latest 'swipe' at his estranged family,https://www.dailymail.com/tvshowbiz/article-15925225/Brooklyn-Beckham-Nicola-Peltz-engagement-anniversary-latest-swipe-estranged-family.html,Dailymail.com,2026-06-24T06:51:48Z,It's been six years since Brooklyn Beckham popped the question to his now wife Nicola Peltz.,False,2026-06-26T01:52:18.170308
"Petro sugiere anular las elecciones en Colombia que ganó de la Espirella por ""injerencia"" de Trump",https://www.elperiodico.com/es/internacional/20260624/petro-sugiere-anular-elecciones-colombia-victoria-espirella-injerencia-trump-131749022,Elperiodico.com,2026-06-24T06:28:04Z,"El presidente colombiano, Gustavo Petro, planteó este martes una tesis de que las elecciones en las que resultó elegido su sucesor, ganadas por el ultraderechista Abelardo de la Espriella, según el conteo preliminar, deberían anularse por la ""injerencia"" de s…",True,2026-06-26T01:52:18.170309
England World Cup fan issues apology to America over stadium judgment: ‘They are simply better than ours’,https://www.the-independent.com/life-style/england-fifa-world-cup-fan-apology-us-stadium-b3001821.html,The-independent.com,2026-06-24T05:00:47Z,English fan said the Dallas Stadium was the ‘best venue I’ve been to’,False,2026-06-26T01:52:18.170310
Haier Energy debuta en Intersolar Europe 2026 con soluciones energéticas para el sector residencial y C&I,https://www.prnewswire.com/news-releases/haier-energy-debuta-en-intersolar-europe-2026-con-soluciones-energeticas-para-el-sector-residencial-y-ci-302808739.html,PRNewswire,2026-06-24T04:54:00Z,"-Haier Energy debuta en Intersolar Europe 2026 con soluciones energéticas integradas para el sector residencial y comercial e industrial Su nueva cartera combina generación solar, almacenamiento, gestión energética y optimización mediante inteligencia artific…",True,2026-06-26T01:52:18.170312
"Menaces de Kiev envers Minsk, dangereuse escalade ou simple coup de pression ? “Les Biélorusses ne se plieront jamais à cet ultimatum”",https://www.lalibre.be/international/europe/guerre-ukraine-russie/2026/06/24/menaces-de-kiev-envers-minsk-dangereuse-escalade-ou-simple-coup-de-pression-les-bielorusses-ne-se-plieront-jamais-a-cet-ultimatum-USMG4GYIMBFQZB5PVKGSVP3MRE/,Lalibre.be,2026-06-24T04:31:52Z,Volodymyr Zelensky a donné une semaine au président biélorusse pour désactiver les antennes relais situées sur son territoire qui permettent aux drones russes de frapper l’ouest de l’Ukraine. ...,True,2026-06-26T01:52:18.170313
'Party of Zohran': Mamdani emerges as Democratic kingmaker after socialist allies sweep NYC primaries,https://www.foxnews.com/politics/party-zohran-mamdani-emerges-democratic-kingmaker-socialist-allies-sweep-nyc-primaries,Fox News,2026-06-24T04:02:39Z,NYC Mayor Zohran Mamdani cemented kingmaker status as all three Democratic Socialist candidates he backed won their primary races Tuesday night.,True,2026-06-26T01:52:18.170314
Madonna's longtime pal Debi Mazar looks disgusted by her and Charlie XCX's cigarette smoke at PFW show,https://www.dailymail.com/tvshowbiz/article-15924651/Madonnas-longtime-pal-Debi-Mazar-looks-disgusted-Charlie-XCXs-cigarette-smoke-PFW-show.html,Dailymail.com,2026-06-24T03:14:26Z,Debi Mazar looked less than thrilled with her friend Madonna when she and her younger buddy Charli XCX decided to light up in the front row at the Saint Laurent fashion show in Paris,False,2026-06-26T01:52:18.170315
Haier Energy Makes Intersolar Europe 2026 Debut with Integrated Residential and C&I Energy Solutions,https://www.prnewswire.com/news-releases/haier-energy-makes-intersolar-europe-2026-debut-with-integrated-residential-and-ci-energy-solutions-302808565.html,PRNewswire,2026-06-24T02:43:00Z,"New portfolio combines solar generation, storage, energy management and AI-driven optimisation to support Europe's energy transition MUNICH, June 24, 2026 /PRNewswire/ -- At Intersolar Europe 2026, one of the world's leading exhibitions for the solar and ener…",True,2026-06-26T01:52:18.170317
Phát hiện máy bay NATO gần biên giới Romania với Ukraina,https://kevesko.vn/20260625/phat-hien-may-bay-nato-gan-bien-gioi-romania-voi-ukraina-43095947.html,Kevesko.vn,2026-06-25T00:43:49Z,"Một máy bay cảnh báo sớm và chỉ huy trên không tầm xa của NATO, Boeing E-3A Sentry, đã được ghi nhận đang bay lượn trong không phận Romania gần khu vực biên giới với Ukraina và Biển Đen - hãng thông tấn Nga Sputnik đã xác định điều này dựa trên dữ liệu bay từ…",True,2026-06-26T01:52:18.401583
工研菁英獎獲獎名單揭曉　橫跨AI、次世代通訊與淨零永續領域,https://tw.news.yahoo.com/%E5%B7%A5%E7%A0%94%E8%8F%81%E8%8B%B1%E7%8D%8E%E7%8D%B2%E7%8D%8E%E5%90%8D%E5%96%AE%E6%8F%AD%E6%9B%89-%E6%A9%AB%E8%B7%A8ai-%E6%AC%A1%E4%B8%96%E4%BB%A3%E9%80%9A%E8%A8%8A%E8%88%87%E6%B7%A8%E9%9B%B6%E6%B0%B8%E7%BA%8C%E9%A0%98%E5%9F%9F-082301125.html,Yahoo Entertainment,2026-06-25T00:23:01Z,工研院今（6/25）日公布素有「工研院奧斯卡獎」美譽的工研菁英獎得獎名單，今年共有3項「傑出研究獎」及2項「產業化貢獻獎」金獎技術脫穎而出。獲獎技術橫跨AI、次世代通訊與淨零永續等關鍵領域，精準切入廠商核心痛點，提出可實踐的解決方案，並已成功轉化為具體產業應用。,False,2026-06-26T01:52:18.401593
"$799 Apple MacBook Pro clone gets Core Ultra 9 CPU, huge 100WHr battery, promises 24Hr battery life, and Linux compatibility",https://www.techradar.com/pro/usd799-apple-macbook-pro-clone-gets-core-ultra-9-cpu-huge-100whr-battery-promises-24hr-battery-life-and-linux-compatibility,TechRadar,2026-06-24T23:00:00Z,"GeekBook M16 combines MacBook-inspired design, Intel Core Ultra 9 performance, a large battery, and budget pricing under $800.",True,2026-06-26T01:52:18.401595
A Masterpiece. The AGD Allegro Integrated Amp Review.,https://www.stevehuffphoto.com/2026/06/24/a-masterpiece-the-agd-allegro-integrated-amp-review/,Stevehuffphoto.com,2026-06-24T20:39:39Z,"The AGD Allegro all in one integrated amp brings a streamer, an R2R dac, a phono stage, a headphone amp and 250 watts of AGD power. How does it perform?
 [...]
The post A Masterpiece. The AGD Allegro Integrated Amp Review. first appeared on HiFi Huff.",True,2026-06-26T01:52:18.401597
Какой пауэрбанк купить в 2026 году: полный гид по выбору внешнего аккумулятора,https://rg.ru/2026/06/24/kakoj-pauerbank-kupit-v-2026-godu-polnyj-gid-po-vyboru-vneshnego-akkumuliatora.html,Rg.ru,2026-06-24T17:32:40Z,"Нужны ли портативные внешние аккумуляторы (пауэрбанки) в 2026 году, а если нужны, то какие и для чего? Как выбрать пауэрбанк, чтобы не устроить пожар в квартире и исключить его изъятие при посадке в самолет? Что популярно на российском рынке и какие модели са…",False,2026-06-26T01:52:18.401598
Notebook mit bestem Preis-Leistungs-Verhältnis: Geekom GeekBook M16 im Test,https://www.chip.de/test-kaufberatung/notebooks-co/geekom-geekbook-m16-im-test_c9f9c187-abf5-435b-ab68-8a738e985f58.html,CHIP Online Deutschland,2026-06-24T16:32:00Z,"Das Geekom GeekBook M16 ist ein klassisches 16-Zoll-Notebook, das zum Testzeitpunkt vor allem über sein starkes Preis-Leistungs-Verhältnis punktet. Denn für 800 Euro zum Testzeitpunkt bietet es starke Leistung, exzellente Laufzeiten und eine gute Ausstattung …",True,2026-06-26T01:52:18.401599
"Prime Day 2 deals: Pixel 10a $399 all-time low, $315 off 10 Pro/XL, Galaxy Z Fold 7 up to $888 off, XM6 buds, monitors, more",http://9to5google.com/2026/06/24/prime-day-deals-pixel-10-galaxy-fold-7-xm6-buds/,9to5google.com,2026-06-24T15:50:11Z,The Day 2 Amazon Prime Day deals are now live with loads of new discounts and even lower prices – Pixel 10 and 10 Pro XL have now dropped even lower starting from $534 (up to $315 off) and Pixel 10a has now hit a new all-time low from $399. The same goes for …,True,2026-06-26T01:52:18.401601
"Prime Day 2 deals: MacBook Pro up to $250 off, MacBook Air up to $430 off, AirPods Pro 3, Apple accessories from $7, more",https://9to5mac.com/2026/06/24/prime-day-2-deals-macbook-airpods-pro-3-apple-cables/,9to5Mac,2026-06-24T15:34:37Z,"Day 2 of the Amazon Prime Day is now full swing with hundreds of new deals alongside ongoing price drops on AirPods Pro 3, $150 off AirPods Max, and the best prices to date on Apple Watch Series 11. Today’s 9to5Toys Lunch Break is headlined by the Amazon Prim…",True,2026-06-26T01:52:18.401602
Here are some discounted older tech items I still heartily recommend,http://9to5google.com/2026/06/24/here-are-some-discounted-older-tech-items-i-still-heartily-recommend/,9to5google.com,2026-06-24T15:30:00Z,"Just because something has been around for a while doesn’t mean it’s bad or not worth buying. I’ve bought a few products over the years, and here are a few older tech items I think are well worth a look.",True,2026-06-26T01:52:18.401603
"Обзор GaN-зарядки Anker Nano II 45W (A2664): высокий КПД, нагрев до 68°C и нюансы в работе",https://www.ixbt.com/live/supply/obzor-gan-zaryadki-anker-nano-ii-45w-a2664-vysokiy-kpd-nagrev-do-68c-i-nyuansy-v-rabote.html,Ixbt.com,2026-06-24T14:29:52Z,"Anker Nano II 45W — компактное зарядное устройство из серии 7, которое обещает быструю зарядку в миниатюрном корпусе. Это второе поколение линейки Nano, построенное на технологии...Читать дальше",True,2026-06-26T01:52:18.401605
Htvront H17 Phone Case Heat Press for $140 + free shipping,https://www.dealnews.com/Htvront-H17-Phone-Case-Heat-Press-for-140-free-shipping/21851841.html,Dealnews.com,2026-06-24T13:24:12Z,"Htvront's H17 is built specifically for pressing heat transfer vinyl and sublimation prints onto phone cases, which fills a niche that standard flat platens don't handle well. At $140, it's $140 off the $280 list price, so you're getting it at half the retail…",True,2026-06-26T01:52:18.401608
Anker’s new clamp-style 10-in-1 Nano Power Strip delivers AC/USB above and below your desk at a new $56 all-time low for Prime Day,http://9to5toys.com/2026/06/24/anker-clamp-style-10-in-1-nano-power-strip-at-a-new-56-all-time-low/,9to5Toys,2026-06-24T13:22:40Z,"Anker’s official Amazon storefront has been dishing out some great deals for Prime Day, and a notable deal worth checking out drops the brand’s new 10-in-1 desk clamp-style Nano power strip for $55.99 shipped. This is one of the new accessories the brand debu…",True,2026-06-26T01:52:18.401610
Việt Nam có gần 88 tỷ USD dự trữ ngoại hối,https://kevesko.vn/20260624/viet-nam-co-gan-88-ty-usd-du-tru-ngoai-hoi-43091692.html,Kevesko.vn,2026-06-24T12:54:08Z,"Kể từ sau khi đạt đỉnh vào đầu năm 2022, dự trữ ngoại hối có xu hướng giảm. Cuối năm 2022, quy mô dự trữ còn 86,7 tỷ USD, trước khi nhích lên gần 87,6 tỷ USD vào giữa tháng 6 năm nay. Đây là lần hiếm hoi NHNN Việt Nam công bố công khai quy mô dự trữ ngoại hối.",True,2026-06-26T01:52:18.401612
Gov’t mind games leave Maldives guessing on mental health hospital,https://raajje.mv/184907,Raajje.mv,2026-06-24T12:40:41Z,"President Muizzu is facing criticism for conflicting plans regarding a national mental health hospital originally promised for L. Gan. While the president previously cited the island's natural environment as ideal for recovery, the administration has shifted …",True,2026-06-26T01:52:18.401613
TBF Disiplin Kurulundan Beşiktaş'a para cezası,https://www.aa.com.tr/tr/spor/tbf-disiplin-kurulundan-besiktasa-para-cezasi/3976726,Anadolu Agency,2026-06-24T12:27:33Z,"Türkiye Basketbol Federasyonu (TBF) Disiplin Kurulu, Beşiktaş Kulübüne 675 bin lira para cezası verdi.",False,2026-06-26T01:52:18.401614
"Prime Day 2026: Top Savings on Anker, Beats, TVs, and More Accessories",https://www.macrumors.com/2026/06/24/the-best-prime-day-deals-accessories-3/,MacRumors,2026-06-24T12:21:58Z,"Earlier this week we highlighted some of the best Apple-related product discounts that you can find on Amazon during Prime Day, and now we're focusing on third-party accessory markdowns during the event. In this article you'll find all the best accessories fo…",True,2026-06-26T01:52:18.401615
TBF'den Beşiktaş'a para cezası,https://www.yenicaggazetesi.com/tbfden-besiktasa-para-cezasi-1044082h.htm,Yenicaggazetesi.com,2026-06-24T12:13:00Z,"Türkiye Basketbol Federasyonu (TBF) Disiplin Kurulu, Beşiktaş Kulübü hakkında 675 bin lira para cezası verilmesine karar verdi.",True,2026-06-26T01:52:18.401617
"Kompakt, leistungsstark, günstig: Amazon verkauft 100-Watt-Ladegerät zum halben Preis",https://www.giga.de/tech/kompakt-leistungsstark-guenstig-amazon-verkauft-100-watt-ladegeraet-zum-halben-preis--01K36Q84TZVW3C0KBXHGK4VCVA,Giga,2026-06-24T11:17:59Z,Derzeit ist bei Amazon ein tragbares und leistungsstarkes Ladegerät von Anker zum halben Preis verfügbar. Wir haben uns das Angebot näher angeschaut und die Einzelheiten zusammengetragen.,True,2026-06-26T01:52:18.401618
Pulsenmore Announces Strategic Partnership with Ouma Health to Expand Access to Remote Prenatal Care Across the United States,https://www.prnewswire.com/news-releases/pulsenmore-announces-strategic-partnership-with-ouma-health-to-expand-access-to-remote-prenatal-care-across-the-united-states-302809169.html,PRNewswire,2026-06-24T11:00:00Z,"FDA-authorized home ultrasound technology to be integrated into Ouma Health's virtual maternity care model, creating a scalable pathway to expand the adoption of home ultrasound in prenatal care across the United States RAMAT GAN, Israel, June 24, 2026 /PRNew…",True,2026-06-26T01:52:18.401621
"Is this the electric cargo bike of the future, now? A first ride on the Tarran L1s that may just revolutionise carrying stuff by bike",https://road.cc/ebiketips/feature/is-this-the-electric-cargo-bike-of-the-future-first-ride-tarran-l1s,road.cc,2026-06-24T10:56:43Z,"Whilst the world of performance e-bikes is being shaken up by the arrival of the Avinox mid-drive, there is – perhaps – the start of a revolution in electric cargo bikes that has been much less hyped. Thanks to my time with a pre-production sample of the long…",True,2026-06-26T01:52:18.401622
"Is this the electric cargo bike of the future, now? A first ride on the Tarran L1s that may just revolutionise carrying stuff by bike",https://road.cc/ebiketips/feature/is-this-the-electric-cargo-bike-of-the-future-now-a-first-ride-on-the-tarran-l1s-that-may-just-revolutionise-carrying-stuff-by-bike,road.cc,2026-06-24T10:56:43Z,"Whilst the world of performance e-bikes is being shaken up by the arrival of the Avinox mid-drive, there is – perhaps – the start of a revolution in electric cargo bikes that has been much less hyped. Thanks to my time with a pre-production sample of the long…",False,2026-06-26T01:52:18.401623
Sustainability: How Far Has Pro AV Come?,https://www.avnetwork.com/business/sustainability-how-far-has-pro-av-come,Avnetwork.com,2026-06-24T10:48:28Z,"From energy efficiency to better packaging, here's how some companies are making positive changes.",True,2026-06-26T01:52:18.401625
ROG 20. Yılını Türkiye’de Kutladı! 20. Yıla özel Edition 20 Koleksiyonu İlk Kez Sahneye Çıktı,https://shiftdelete.net/rog-20-yilini-turkiyede-kutladi-20-yila-ozel-edition-20-koleksiyonu-ilk-kez-sahneye-cikti,Shiftdelete.net,2026-06-24T10:26:37Z,"ASUS Republic of Gamers (ROG), 20. yılını 23 Haziran’da Rahmi M. Koç Müzesi’nde düzenlediği özel bir etkinlikle kutladı. Tayvan’ın ardından ROG 20. yıl kutlamalarına ev sahipliği yapan ilk ülke olan Türkiye’de, markanın bu özel dönüm noktası için hazırladığı …",True,2026-06-26T01:52:18.401626
Soldes été caniculaires 2026 : tous les bons flans très fondants ,https://www.minimachines.net/actu/soldes-ete-2026-bons-flans-142071,Minimachines.net,2026-06-24T10:21:24Z,"La sélection des bons flans pour les soldes été 2026, si vous n'avez pas fondu devant votre PC, vous pourrez faire de bonnes affaires. 
Soldes été caniculaires 2026 : tous les bons flans très fondants  © MiniMachines.net. 2026",True,2026-06-26T01:52:18.401627
イコラブ、INI、岩田剛典が競演「音道楽LIVE」放送　大谷映美里直伝のあざとい髙塚大夢も,https://natalie.mu/music/news/677629,Natalie.mu,2026-06-24T09:53:00Z,6月26日深夜放送の読売テレビ「音道楽√」で、5月22日に兵庫・GLION ARENA KOBEで開催されたライブイベント「音道楽LIVE2026 ～初夏の宴～」の模様がオンエアされる。,True,2026-06-26T01:52:18.401633
ROG 20. Yılını Türkiye'de kutladı: Edition 20 koleksiyonu ilk kez sahneye çıktı,https://www.haber7.com/teknoloji/haber/3638096-rog-20-yilini-turkiyede-kutladi-edition-20-koleksiyonu-ilk-kez-sahneye-cikti,Haber7.com,2026-06-24T09:34:00Z,"ASUS Republic of Gamers (ROG), 20. yılını 23 Haziran'da Rahmi M. Koç Müzesi'nde düzenlediği özel bir etkinlikle kutladı.",True,2026-06-26T01:52:18.401634
lectura-monospeaker 3.1.2,https://pypi.org/project/lectura-monospeaker/3.1.2/,Pypi.org,2026-06-24T08:31:21Z,Synthese vocale neuronale monospeaker francais — Matcha-Conformer + HiFi-GAN (ONNX),True,2026-06-26T01:52:18.401636
Prime Day deal delivers savings on Intel Core Ultra 9 GeekBook X14 Pro OLED laptop,https://www.notebookcheck.net/Prime-Day-deal-delivers-savings-on-Intel-Core-Ultra-9-GeekBook-X14-Pro-OLED-laptop.1327753.0.html,Notebookcheck.net,2026-06-24T07:01:00Z,"Deal | The Geekom GeekBook X14 Pro packs a 14-inch OLED display, 32 GB of RAM, and an Intel Core Ultra 9 185H CPU into an ultra-thin aluminium chassis, and Geekom's Prime Day deal has discounted the Intel Meteor Lake-powered GeekBook X14 Pro thin-n-light lapt…",True,2026-06-26T01:52:18.401637
Anzeige: 100-Watt-Ladegerät mit vier Ports am Prime Day erstmals nur rund 30 Euro,https://www.golem.de/sonstiges/zustimmung/auswahl.html?from=https%3A%2F%2Fwww.golem.de%2Fnews%2Fanzeige-100-watt-ladegeraet-mit-vier-ports-am-prime-day-erstmals-nur-rund-30-euro-2606-210108.html&referer=https%3A%2F%2Ft.co%2F8060fe137f,Golem.de,2026-06-24T06:57:01Z,"100 Watt Leistung, vier Ports und GaN-Technik: Das kompakte Netzteil von Ugreen gibt es bei Amazon im Prime-Deal zum Bestpreis. (Technik/Hardware, Notebook)",True,2026-06-26T01:52:18.401638
"""500 gaelscoil breise de dhíth chun an t-éileamh a shásamh"" - ceannaire oideachais",https://www.thejournal.ie/meadu-mor-ar-lion-na-ngaelscoileanna-a-eileamh-tar-eis-foilsiu-thorthai-shuirbhe-na-bunscoile-7079706-Jun2026/,TheJournal.ie,2026-06-24T06:14:55Z,"De réir Suirbhé na Bunscoile, tá 24.8% de thuismitheoirí pháistí nach bhfuil ag freastal ar scoil go fóill ag éileamh go mbeadh oideachas trí Ghaeilge ar fáil dá gclann.",True,2026-06-26T01:52:18.401639
"Phan Công Khanh bị truy tố lại, khung hình phạt cao nhất 20 năm tù",https://kevesko.vn/20260624/phan-cong-khanh-bi-truy-to-lai-khung-hinh-phat-cao-nhat-20-nam-tu-43082837.html,Kevesko.vn,2026-06-24T06:14:26Z,"Sau khi TAND TPHCM trả hồ sơ điều tra bổ sung, cơ quan chức năng thay đổi tội danh đối với Phan Công Khanh từ Lừa đảo chiếm đoạt tài sản sang Lạm dụng tín nhiệm chiếm đoạt tài sản.",True,2026-06-26T01:52:18.401641
Looking to Save Money? Here Are 100+ Prime Day Deals Under $50 Worth Adding to Your Cart,https://www.cnet.com/deals/best-prime-day-deals-under-50-2026-06-24/,CNET,2026-06-24T05:31:00Z,Prime Day doesn't have to be expensive. These under $50 deals deliver big savings.,True,2026-06-26T01:52:18.401643
El científico que detecta deepfakes lleva 25 años preparándose para este momento,https://muyinteresante.okdiario.com/curiosidades/cientifico-detecta-deepfakes-25-anos-preparandose.html,Okdiario.com,2026-06-24T05:14:00Z,"Mucho antes de que existiera el término deepfake, Hany Farid ya buscaba las huellas de las imágenes manipuladas. Hoy su laboratorio en Berkeley es una barrera clave frente a esta creciente amenaza.",True,2026-06-26T01:52:18.401645
"Momax Reiseadapter Weltweit 205W GaN Hochleistungs, Travel Adapter Worldwide mit 2 AC 6 USB C und 1 USB A, 9-in-1 Universal Adapter für EU UK USA Japan",https://www.amazon.de/-/en/MOMAX-Adaptor-Worldwide-Performance-Universal-Titanium-gold/dp/B0FH6LYHQN,Amazon.de,2026-06-24T05:10:01Z,"Mittwoch ab 07:10 Uhr: Momax Reiseadapter Weltweit 205W GaN Hochleistungs, Travel Adapter Worldwide mit 2 AC 6 USB C und 1 USB A, 9-in-1 Universal Adapter für EU UK USA Japan für nur 99,99 Euro
 (regulärer Amazon Preis: 119,99 Euro)",False,2026-06-26T01:52:18.401646
"Momax Reiseadapter Weltweit 35W GaN, Reisestecker Adapter Weltweit mit 3USB-C 2USB-A, Internationaler Steckdosenadapter gleichzeitige Aufladung von 6 Geräten für DE USA UK Thailand -Gold",https://www.amazon.de/-/en/MOMAX-Adapter-Worldwide-Universal-Sockets-Titanium-gold/dp/B0DZTK9C1L,Amazon.de,2026-06-24T05:10:01Z,"Mittwoch ab 07:10 Uhr: Momax Reiseadapter Weltweit 35W GaN, Reisestecker Adapter Weltweit mit 3USB-C 2USB-A, Internationaler Steckdosenadapter gleichzeitige Aufladung von 6 Geräten für DE USA UK Thailand -Gold für nur 29,99 Euro
 (regulärer Amazon Preis: 39,…",False,2026-06-26T01:52:18.401647
UGREEN: Rabatte auf NAS-Systeme und Zubehör,https://stadt-bremerhaven.de/ugreen-rabatte-auf-nas-systeme-und-zubehoer/,Caschys Blog,2026-06-24T05:08:22Z,"Zum Prime Day reduziert UGREEN zahlreiche Produkte. Im Mittelpunkt stehen dabei die NAS-Systeme des Herstellers, auf die es laut Unternehmen von bis zu 25 Prozent gibt. Auch Zubehör wie Ladegeräte, Powerbanks und Tracker ist teilweise deutlich günstiger erhäl…",False,2026-06-26T01:52:18.401649
„Resurrection“: Wundertüte chinesischer Kinogeschichte [premium],https://www.diepresse.com/32276771/resurrection-wundertuete-chinesischer-kinogeschichte,Diepresse.com,2026-06-24T04:14:16Z,"Bi Gans neuer Film ist eine Hommage an den Film und die menschlichen Sinne. Das klingt verkopft, funktioniert aber dank eindrucksvoller Bilder.",True,2026-06-26T01:52:18.401650
"Novoo 67W USB C Charger, Gan III Fast Charger 3 Ports $21.99 + Delivery ($0 Prime/ $59 Spend) @ Mbest-AU via Amazon AU",https://www.ozbargain.com.au/node/964871,Ozbargain.com.au,2026-06-24T04:02:10Z,"A decent gan charger Cheap enough at $21.99 67W, With cable it's another $3 I think. Charger specs Input: 100-240V ~50/60Hz 2.0A Single Port Output: USB-C1/C2: 5V⎓3A or 9V⎓3A or …",True,2026-06-26T01:52:18.401651
EEVblog 1753 – Designing a 2000V Isolated Oscilloscope (Cleverscope),https://www.eevblog.com/2026/06/24/eevblog-1753-designing-a-2000v-isolated-oscilloscope-cleverscope/,Eevblog.com,2026-06-24T03:24:34Z,"Bart from Cleverscope returns to discuss and show off designing a 2000V isolated oscilloscope, and demonstrates measuring high voltage GaN transistors and Solid State Transformers. https://cleverscope.com/products/CS548 Forum: https://www.eevblog.com/forum/bl…",True,2026-06-26T01:52:18.401652
8BitDo's Slick New Translucent Keyboard And Controller Pay Homage To The N64,https://hothardware.com/news/8bitdos-slick-new-translucent-keyboard-and-controller-pay-homage-to-the-n64,Hot Hardware,2026-06-24T18:16:00Z,"To celebrate the 30th anniversary of the Nintendo 64 (N64) console launch, 8BitDo is releasing Clear Blue variations of its Ultimate 2 Wireless Controller and Retro 87 TKL Keyboard. This Clear Blue colorway is partially-transparent and includes familiar N64 c…",False,2026-06-26T01:52:18.643879
Commodore visar upp sin Commodore 64 C Ultimate,https://feber.se/pc/commodore-visar-upp-sin-commodore-64-c-ultimate/493350/,Feber.se,2026-06-24T12:40:00Z,"Använder originalformar från 80-talet













Efter succén med förra årets nylansering av Commodore 64 utökar Commodore nu sin moderna produktportfölj med en nyversion av 80-talsmodellen C64C.

Modellen heter Commodore 64C Ultimate och har det mer ströml…",True,2026-06-26T01:52:18.643890
La araña que inspiró la cámara 3D más eficiente del mundo,https://blogthinkbig.com/la-arana-que-inspiro-la-camara-3d-mas-eficiente-del-mundo,Blogthinkbig.com,2026-06-24T08:16:13Z,"La araña saltadora puede saltar distancias que multiplican por decenas su propio tamaño y tiene un cerebro del tamaño de una semilla de amapola. No parece el punto de partida más obvio para un avance […]
La araña que inspiró la cámara 3D más eficiente del mun…",True,2026-06-26T01:52:18.643892
"RP2350B bells&whistles development board features on-board RP2040 debugger, HDMI, and microSD card slot",https://www.cnx-software.com/2026/06/24/rp2350b-bellswhistles-development-board-features-on-board-rp2040-debugger-hdmi-and-microsd-card-slot/,CNX Software,2026-06-24T07:28:47Z,"While searching Tindie for a new project, I found a new Raspberry Pi RP2350B-based development board called “Bells&Whistles,” which is interesting because it also features an onboard RP2040-based debugger running Picoprobe firmware, removing the need for a se…",True,2026-06-26T01:52:18.643894
Visualize radio signals with Raspberry Pi 5-based QuadRF 4×4 MIMO software-defined radio tile (Crowdfunding),https://www.cnx-software.com/2026/06/24/visualize-radio-signals-with-raspberry-pi-5-based-quadrf-4x4-mimo-software-defined-radio-tile/,CNX Software,2026-06-24T04:26:27Z,"QuadRF is a 4x4 MIMO software-defined radio (SDR) tile powered by a Raspberry Pi 5 SBC that functions as a real-time RF camera, allowing users to visualize radio signals in their environment using a phone or computer running an augmented reality app. QuadRF m…",True,2026-06-26T01:52:18.643895
monogate-forge 0.13.0,https://pypi.org/project/monogate-forge/0.13.0/,Pypi.org,2026-06-24T03:20:16Z,"EML language and compiler for verified mathematical computation across 36 targets: software, GPU shaders, hardware (FPGA/ASIC, SPICE, KiCad, and JLCPCB), formal verification, and safety-critical systems.",True,2026-06-26T01:52:18.643897
"QuadRF uses Raspberry Pi 5 for 4×4 MIMO SDR, RF visualization, and scalable phased-array support",https://linuxgizmos.com/quadrf-uses-raspberry-pi-5-for-4x4-mimo-sdr-rf-visualization-and-scalable-phased-array-support/,Linuxgizmos.com,2026-06-24T02:47:19Z,"Crowd Supply recently featured QuadRF, a 4×4 MIMO software-defined radio platform designed for spatial RF visualization, beamforming, and phased-array experimentation. The platform includes four coherent transmit/receive channels, swappable dual-polarization …",True,2026-06-26T01:52:18.643898
NANO Nuclear Highlights Global Strategic Engagements Across Emerging Nuclear Markets and Management Team Updates,https://www.globenewswire.com/news-release/2026/06/25/3317244/0/en/NANO-Nuclear-Highlights-Global-Strategic-Engagements-Across-Emerging-Nuclear-Markets-and-Management-Team-Updates.html,GlobeNewswire,2026-06-25T00:45:00Z,"New York, N.Y., June 24, 2026 (GLOBE NEWSWIRE) -- NANO Nuclear Energy Inc. (NASDAQ: NNE) (“NANO Nuclear” or “the Company”), a leading advanced nuclear micro modular reactor and technology company focused on developing clean energy solutions, today announced r…",True,2026-06-26T01:52:18.961969
The best tacos and taquerias in Dallas,http://www.dallasobserver.com/food-drink/best-tacos-in-dallas-texas-22433737/,Dallas Observer,2026-06-24T20:32:34Z,"From legendary walk-up windows in Oak Cliff to the city's best new Mexico City-style street spots, here are our 13 favorites. For now.",True,2026-06-26T01:52:18.961972
Shop-Vac 5-Gallon 4.5 Peak HP Wet/Dry Vacuum for $65 w/ Prime + free shipping,https://www.dealnews.com/products/Shop-Vac/Shop-Vac-5-Gallon-4-5-Peak-HP-Wet-Dry-Vacuum/501272.html,Dealnews.com,2026-06-24T20:30:29Z,"Amazon offers Prime members the Shop-Vac 5-Gallon 4.5 Peak HP Wet/Dry Vacuum for $65.02. That's the best price we found by $21. Shipping is free.  Buy Now at Amazon
 Features
 <ul> <li>5-gallon stainless steel tank</li> <li>4.5 peak HP motor</li> <li>1.25"" …",True,2026-06-26T01:52:18.961973
Ya hay gente acusando al policía que disparó a un sujeto en Fráncfort.,https://finofilipino.org/ya-hay-gente-acusando-al-policia-que-disparo-a-un-sujeto-en-francfort/,Finofilipino.org,2026-06-24T20:04:55Z,"Pero… ¿Qué se supone que debía hacer? ¿Arrodillarse? [Ver vídeo en X]
Ver post completo: Ya hay gente acusando al policía que disparó a un sujeto en Fráncfort.",False,2026-06-26T01:52:18.961975
¿Os acordáis del caso donde pedían al tío 27 años de cárcel por una «viоlасión» a una chica que conoció en Tindr? Pues… ABSUELTO.,https://finofilipino.org/os-acordais-del-caso-donde-pedian-al-tio-27-anos-de-carcel-por-una-vi%d0%bel%d0%b0%d1%81ion-a-una-chica-que-conocio-en-tindr-pues-absuelto/,Finofilipino.org,2026-06-24T19:30:00Z,"La justicia reconoce que: Lo que ella cuenta no es creíble. Se negó a que accedan a su historial clínico, y forzó cambios de fecha del juicio. Aun así no contará como denuncia falsa. Así lo vivimos el mes pasado: Chico y chica se conocen por Tinder, quedan, e…",False,2026-06-26T01:52:18.961976
La realidad supera a la ficción: Leire Díez aparecía con el nombre de «Charo 007» en algunas anotaciones.,https://finofilipino.org/la-realidad-supera-a-la-ficcion-leire-diez-aparecia-con-el-nombre-de-charo-007-en-algunas-anotaciones/,Finofilipino.org,2026-06-24T19:00:45Z,"[Ver vídeo en X]
Ver post completo: La realidad supera a la ficción: Leire Díez aparecía con el nombre de «Charo 007» en algunas anotaciones.",False,2026-06-26T01:52:18.961978
Veranito sin salir de España patrocinado por el Juez Peinado.,https://finofilipino.org/veranito-sin-salir-de-espana-patrocinado-por-el-juez-peinado/,Finofilipino.org,2026-06-24T18:42:58Z,"Begoña Gómez, la esposa del presidente del Gobierno, ha entregado este miércoles su pasaporte al juez Juan Carlos Peinado, que ha acordado enviarla al banquillo por presuntos delitos de tráfico de influencias, corrupción en los negocios, apropiación indebida …",False,2026-06-26T01:52:18.961979
Diablos señorito…,https://finofilipino.org/diablos-senorito/,Finofilipino.org,2026-06-24T18:35:48Z,"[Ver vídeo en X]
Ver post completo: Diablos señorito…",False,2026-06-26T01:52:18.961980
Sánchez: «A mi hermano se le empezó a investigar porque una asociación ultraderechista le acusó de tener un millón y medio de euros en acciones y de defraudar impuestos desde Portugal. Ya se ha demostrado que ambas acusaciones eran totalmente falsas»,https://finofilipino.org/sanchez-a-mi-hermano-se-le-empezo-a-investigar-porque-una-asociacion-ultraderechista-le-acuso-de-tener-un-millon-y-medio-de-euros-en-acciones-y-de-defraudar-impuestos-desde-portugal-ya-se-ha-demos/,Finofilipino.org,2026-06-24T18:30:16Z,"[Ver vídeo en X] No le dice la verdad ni al médico…
Ver post completo: Sánchez: «A mi hermano se le empezó a investigar porque una asociación ultraderechista le acusó de tener un millón y medio de euros en acciones y de defraudar impuestos desde Portugal. Ya …",False,2026-06-26T01:52:18.961982
How Regenerative Design Grew the Desert Botanical Garden,https://gbdmagazine.com/phoenix-desert-botanical-garden/,Gbdmagazine.com,2026-06-24T18:01:43Z,Story at a glance: A decade-long collaboration in Phoenix shows what happens when an institution treats its campus as a living system. Architects on this desert project show the strengths of regenerative design as a growth strategy in addition to an environme…,True,2026-06-26T01:52:18.961983
Noch 3 Tage: Der Amazon Prime Day geht weiter: Welche Deals sich jetzt wirklich lohnen,https://www.stern.de/kaufkosmos/deals/prime-day--hier-gibt-es-die-groessten-preisvorteile-33611426.html,STERN.de,2026-06-24T17:59:00Z,"Vom 23. bis zum 26. Juni 2026 zelebriert Amazon den nächsten Prime Day mit attraktiven Rabatten. Der stern zeigt, welche Deals sich jetzt wirklich lohnen.",True,2026-06-26T01:52:18.961984
Prime Day deals under $50 that are really worth it,https://www.theverge.com/gadgets/951543/best-prime-day-deals-under-50,The Verge,2026-06-24T17:28:08Z,"If you’re looking for a good deal without spending hundreds, Prime Day discounts have pushed some of our favorite products under $50. You can pick up everything from Nintendo Switch games to Bluetooth speakers while sticking to your budget. We’ll keep this po…",False,2026-06-26T01:52:18.961986
Noch 3 Tage: Der Amazon Prime Day geht weiter: Welche Deals sich jetzt wirklich lohnen,https://www.stern.de/kaufkosmos/deals/prime-day--diese-angebote-sind-einen-blick-wert-33611426.html,STERN.de,2026-06-24T16:15:00Z,"Vom 23. bis zum 26. Juni 2026 zelebriert Amazon den nächsten Prime Day mit attraktiven Rabatten. Der stern zeigt, welche Deals sich jetzt wirklich lohnen.",True,2026-06-26T01:52:18.961987
"Maharashtra CM meets Amazon CEO, invites company to invest in data centres, healthcare",https://economictimes.indiatimes.com/tech/technology/maharashtra-cm-meets-amazon-ceo-invites-company-to-invest-in-data-centres-healthcare/articleshow/131972106.cms,The Times of India,2026-06-24T15:42:36Z,"Maharashtra Chief Minister Devendra Fadnavis met Amazon CEO Andy Jassy, urging investment in the state's data centres, healthcare, and AI-driven skill development. Fadnavis highlighted Maharashtra's ambition to double its economy by 2030 and its commitment to…",True,2026-06-26T01:52:18.961989
J’ai testé le Google Home Speaker : l’enceinte connectée boostée à Gemini,https://www.frandroid.com/marques/google/3155315_jai-teste-le-google-home-speaker-lenceinte-connectee-boostee-a-gemini,Frandroid,2026-06-24T15:30:48Z,"Avec sa nouvelle enceinte Home Speaker, Google veut remettre l’enceinte connectée au centre de la maison. Plus conversationnelle, plus intégrée à l’écosystème domotique et toujours pensée pour piloter musique, objets connectés et services du quotidien à la vo…",True,2026-06-26T01:52:18.961990
"OPEC Fund launches landmark climate finance compact, unveils US$1.5 billion digital transformation plan at 2026 Development Forum",https://www.prnewswire.com/news-releases/opec-fund-launches-landmark-climate-finance-compact-unveils-us1-5-billion-digital-transformation-plan-at-2026-development-forum-302809496.html,PRNewswire,2026-06-24T15:27:00Z,"Highlights: The OPEC Fund and the Government of Barbados, as Chair of the Climate Vulnerable Forum and its V20 Finance Ministers, launched the Vulnerability to Viability Compact (V2V) to expand access to affordable, long-term development finance for 74 climat…",True,2026-06-26T01:52:18.961991
Meta Campaign Structure in Andromeda Era,https://ppchero.com/meta-campaign-structure-in-andromeda-era/,Ppchero.com,2026-06-24T15:21:37Z,"For years, we built increasingly complex account structures - based on micro planets - to help Meta find the right people. Today, Meta is much better at finding those people than we are.
Our job is no longer to build endless audience combinations or separate …",False,2026-06-26T01:52:18.961993
XenonLab 6-in-1 Cordless Stick Vacuum Cleaner for $50 w/ Prime + free shipping,https://www.dealnews.com/Xenon-Lab-6-in-1-Cordless-Stick-Vacuum-Cleaner-for-50-w-Prime-free-shipping/21851939.html,Dealnews.com,2026-06-24T15:13:36Z,"XenonLab isn't a widely known brand, but at $50 this 6-in-1 cordless stick vacuum is worth a look if you need a lightweight, versatile option for quick cleanups around the house rather than a dedicated deep-cleaning machine. That's $110 off the $160 list pric…",True,2026-06-26T01:52:18.961994
Noch 3 Tage: Der Amazon Prime Day geht weiter: Welche Deals sich jetzt wirklich lohnen,https://www.stern.de/kaufkosmos/deals/prime-day--diese-kaeufe-lohnen-sich-jetzt-33611426.html,STERN.de,2026-06-24T14:48:00Z,"Vom 23. bis zum 26. Juni 2026 zelebriert Amazon den nächsten Prime Day mit attraktiven Rabatten. Der stern zeigt, welche Deals sich jetzt wirklich lohnen.",True,2026-06-26T01:52:18.961995
Exploring mechanisms of scar-free skin wound healing in adult zebrafish in comparison to mouse,https://journals.plos.org/plosgenetics/article?id=10.1371/journal.pgen.1012200,Plos.org,2026-06-24T14:00:00Z,"Author summary Wounds of humans and other mammals usually leave a scar behind, which can be both a cosmetic and a medical burden. These scars consist of fibrotic collagen-rich connective tissue that is formed by fibroblasts instructed accordingly by immune ce…",True,2026-06-26T01:52:18.961997
"User perceptions of a point-of-use water filtration device: Qualitative, focus group study",https://journals.plos.org/plosone/article?id=10.1371/journal.pone.0351861,Plos.org,2026-06-24T14:00:00Z,"Universal access to clean water is sixth of the United Nations sustainable development goals. It has not yet been achieved. Boiling water, for water purification, is cost prohibitive and polluting. Diarrheal diseases linked to unsafe water cause morbidity and…",True,2026-06-26T01:52:18.962001
Sprawdziłem flagowy telewizor Samsunga - Micro RGB R95H - czy to faktycznie przełom?,https://www.benchmark.pl/sprawdzilem-flagowy-telewizor-samsunga-micro-rgb-r95h-czy-to-faktycznie-przelom-7298598220437504a,Benchmark.pl,2026-06-24T13:59:22Z,Ten rok w branży telewizorowej bez wątpienia jest kolorowy - a konkretnie zdominowany przez podświetlenie RGB. Praktycznie każda firma dodała do swojej oferty taki model i jest wśród nich również Samsung z serią Micro RGB. Przetestowałem najwyższy model i już…,False,2026-06-26T01:52:18.962002
NCR plans four new cities along RRTS corridors to ease housing costs,https://economictimes.indiatimes.com/industry/services/property-/-cstruction/ncr-plans-four-new-cities-along-rrts-corridors-to-ease-housing-costs/articleshow/131970504.cms,The Times of India,2026-06-24T13:52:17Z,"The National Capital Region Planning Board’s Regional Plan 2041 proposes four new greenfield cities along Rapid Rail Transit System (RRTS) corridors, a move experts say could improve affordability and reshape real estate growth across NCR.",True,2026-06-26T01:52:18.962004
We sorted through millions of Amazon Prime Day deals to find the hidden gems that are worth every penny,https://www.dailymail.com/buyline/article-15916341/amazon-prime-day-2026-deals-guide.html,Dailymail.com,2026-06-24T13:35:39Z,"SHOPPING: The big moment has arrived - and you can score savings on top-tier home upgrades from Dyson and Shark, plus viral beauty and tech essentials from Nespresso, Beats, and more.",True,2026-06-26T01:52:18.962005
Noch 3 Tage: Der Amazon Prime Day geht weiter: Welche Deals sich jetzt wirklich lohnen,https://www.stern.de/kaufkosmos/deals/prime-day--die-besten-deals-zum-geldsparen-33611426.html,STERN.de,2026-06-24T12:22:00Z,"Vom 23. bis zum 26. Juni 2026 zelebriert Amazon den nächsten Prime Day mit attraktiven Rabatten. Der stern zeigt, welche Deals sich jetzt wirklich lohnen.",True,2026-06-26T01:52:18.962008
Altro che smartwatch: il futuro della salute smart saranno gli anelli?,https://tech.everyeye.it/notizie/smartwatch-futuro-salute-smart-anelli-886267.html,Everyeye.it,2026-06-24T12:08:00Z,"Il mercato dei wearable sta evolvendo: gli smart ring minimalisti stanno sostituendo smartwatch e fitness band, grazie a design discreto e lunga autonomia.Il mercato dei dispositivi tech indossabili sta facendo fronte a un cambio di paradigma che potrebbe por…",True,2026-06-26T01:52:18.962009
Deloitte Unveils Connected Agentic Intelligence in Deloitte Omnia to Advance Audit & Assurance,https://www.prnewswire.com/news-releases/deloitte-unveils-connected-agentic-intelligence-in-deloitte-omnia-to-advance-audit--assurance-302808361.html,PRNewswire,2026-06-24T12:03:00Z,"Empowering professionals with a network of AI agents embedded in everyday workflows to support quality and enhance client service NEW YORK, June 24, 2026 /PRNewswire/ -- Deloitte today announced the launch of a unified agentic intelligence network within Delo…",True,2026-06-26T01:52:18.962011
IoToS - Le prof qui a codé un OS de zéro pour ses élèves,https://korben.info/iotos-micro-os-arduino-esp32.html,Korben.info,2026-06-24T11:28:13Z,"Jean-Marc Biechy est prof d'électronique et d'informatique à l'Institution Saint-Jean de Colmar et il vient de m'envoyer un truc qui m'a scotché. Avec ses élèves, il bidouille des projets Arduino, et plutôt que d'empiler des bouts de code à chaque nouveau mon…",True,2026-06-26T01:52:18.962012
The Leela: A Cozy Two-Loft Tiny House That Sleeps Four,https://tinyhousetalk.com/leela-tiny-house-simplify-further-florida/,Tinyhousetalk.com,2026-06-24T11:15:48Z,"Tour the Leela from Simplify Further in North Florida — a 288-sq-ft two-loft tiny house on wheels that sleeps four, with a master loft on open stairs, a full subway-tile kitchen, a desk nook, and a full bath, starting around $50K.",False,2026-06-26T01:52:18.962013
Our favorite Prime Day deals you can shop on day two,https://www.theverge.com/gadgets/955366/best-prime-day-2026-tech-deals-day-two-sale,The Verge,2026-06-24T10:58:23Z,"Welcome to day two of Amazon’s four-day Prime Day event, which, if we’re being honest, looks a lot like day one. That’s actually good news, though, because many of the best deals are still around, and some new ones have joined them. If you’ve got a Prime subs…",False,2026-06-26T01:52:18.962016
Noch 3 Tage: Der Amazon Prime Day geht weiter: Welche Deals sich jetzt wirklich lohnen,https://www.stern.de/kaufkosmos/deals/prime-day--das-sind-die-besten-deals-des-tages-33611426.html,STERN.de,2026-06-24T10:00:00Z,"Vom 23. bis zum 26. Juni 2026 zelebriert Amazon den nächsten Prime Day mit attraktiven Rabatten. Der stern zeigt, welche Deals sich jetzt wirklich lohnen.",True,2026-06-26T01:52:18.962019
From Bakelite to Biohazard — The Century-Long Rise of Microplastics,https://www.activistpost.com/from-bakelite-to-biohazard-the-century-long-rise-of-microplastics/,Activistpost.com,2026-06-24T09:52:00Z,"Story at-a-glance Plastics have been around since the last century and have quickly become a part of our life in countless ways. From the cellphone you hold all the way to the interior of your car, you’ll find some form of plastic. While plastic is touted as …",True,2026-06-26T01:52:18.962020
Forget Cinderella. Oklahoma baseball’s run belongs with the all-time giants | Opinion,https://www.usatoday.com/story/sports/college/baseball/2026/06/24/oklahoma-baseball-college-world-series-ncaa-champions-greatest-run/90662867007/,USA Today,2026-06-24T09:09:31Z,Cinderella stories don’t look like this. Oklahoma baseball didn’t survive the postseason — it owned it on way to College World Series championship.,True,2026-06-26T01:52:18.962021
Pomocníci na prázdniny,https://www.idnes.cz/jenprozeny/volny-cas/pomocnici-na-prazdniny.A260623_113006_jpz-volny-cas_shlo,Idnes.cz,2026-06-24T08:00:00Z,"Užijete je v hotelu u moře i na chatě. Zajistí vám čistou vodu na pití i sprchování, čistou podlahu i to, že vám to bude za každých okolností slušet.",True,2026-06-26T01:52:18.962024
"AYANEO shares more details about the Pocket Micro 2, and we see improvements",https://www.androidauthority.com/pocket-micro-2-joysticks-shoulder-buttons-3680759/,Android Authority,2026-06-24T07:43:42Z,"AYANEO has shared more details about the Pocket Micro 2, and it will feature recessed joysticks and redesigned shoulder buttons.",True,2026-06-26T01:52:18.962025
Noch 3 Tage: Der Amazon Prime Day ist da: Welche Deals sich jetzt wirklich lohnen,https://www.stern.de/kaufkosmos/deals/prime-day--diese-amazon-angebote-fallen-direkt-auf-33611426.html,STERN.de,2026-06-24T07:31:00Z,"Vom 23. bis zum 26. Juni 2026 zelebriert Amazon den nächsten Prime Day mit attraktiven Rabatten. Der stern zeigt, welche Deals sich jetzt wirklich lohnen.",True,2026-06-26T01:52:18.962027
Noch 3 Tage: Der Amazon Prime Day ist da: Welche Deals sich jetzt wirklich lohnen,https://www.stern.de/kaufkosmos/deals/prime-day--nur-kurze-zeit-guenstiger-kaufen-33611426.html,STERN.de,2026-06-24T06:20:00Z,"Vom 23. bis zum 26. Juni 2026 zelebriert Amazon den nächsten Prime Day mit attraktiven Rabatten. Der stern zeigt, welche Deals sich jetzt wirklich lohnen.",True,2026-06-26T01:52:18.962028
Mikrobitti testaa uutta televisio­tekniikkaa – Onko tämä parempi kuin oled?,https://www.iltalehti.fi/testi/a/e83d3e70-9f5b-4bb3-8a87-49adabd47af9,Iltalehti.fi,2026-06-24T04:16:22Z,Tämän vuoden kovin juttu televisioissa on ainakin valmistajien mielestä micro rgb -taustavalaistus. Mikrobitti sai tuoretta tekniikkaa käyttävän television juuri testattavaksi. Plasmatelevisioiden poistuttua markkinoilta ostajalla on ollut valittavissa kaksi …,True,2026-06-26T01:52:18.962029
Radioisotope Dating of Meteorites: VI. The SNC and Other Martian Meteorites,https://answersresearchjournal.org/radioisotope-dating-meteorites-6/,Answersresearchjournal.org,2026-06-24T04:00:00Z,"Earth’s primordial isotopic endowment was mixed on day 3, producing younger radioisotope “ages,” whereas Mars’ later creation maintained its primordial endowment.",True,2026-06-26T01:52:18.962031
美國、卡達等國籲歐盟修改甲烷排放規則，示警LNG供應恐受衝擊,https://tw.stock.yahoo.com/news/%E7%BE%8E%E5%9C%8B-%E5%8D%A1%E9%81%94%E7%AD%89%E5%9C%8B%E7%B1%B2%E6%AD%90%E7%9B%9F%E4%BF%AE%E6%94%B9%E7%94%B2%E7%83%B7%E6%8E%92%E6%94%BE%E8%A6%8F%E5%89%87-%E7%A4%BA%E8%AD%A6lng%E4%BE%9B%E6%87%89%E6%81%90%E5%8F%97%E8%A1%9D%E6%93%8A-013244997.html,Yahoo Entertainment,2026-06-25T01:32:44Z,【財訊快報／陳孟朔】路透報導，美國、卡達、奈及利亞與阿爾及利亞等歐洲主要能源供應國週三聯名敦促歐盟修改即將實施的油氣進口甲烷排放規則，警告若按原時程推進，可能干擾歐洲燃料供應。根據歐盟規劃，自明年起，輸往歐盟的石油與天然氣須符合甲烷排放監測與驗證要求，目的在於減少甲烷外洩；但該制度遭產業界與海外供應國強烈反彈。四國能源部長在致歐盟領袖的公開信中表示，進口商已開始採購將於2027年交付並儲存的石油與天然氣，但目前仍看不到符合歐盟新規的可行路徑，因此要求歐盟暫停法規時程並作出「有針對性的修正」...,False,2026-06-26T01:52:19.181799
SK海力士擴張NAND產能，考慮於韓國清州興建新廠,https://tw.stock.yahoo.com/news/sk%E6%B5%B7%E5%8A%9B%E5%A3%AB%E6%93%B4%E5%BC%B5nand%E7%94%A2%E8%83%BD-%E8%80%83%E6%85%AE%E6%96%BC%E9%9F%93%E5%9C%8B%E6%B8%85%E5%B7%9E%E8%88%88%E5%BB%BA%E6%96%B0%E5%BB%A0-012910288.html,Yahoo Entertainment,2026-06-25T01:29:10Z,【財訊快報／劉敏夫】外電引述韓國每日經濟新聞的報導指出，未具名業內人士透露，SK海力士正考慮在韓國清州新建一座NAND快閃記憶體晶圓廠。報導指稱，這是一項更廣泛地區投資計畫的組成部分。該計畫預計將於6月29日在總統府舉行的會議上公佈。 報導指稱，SK海力士的計畫可能側重於擴大對其位於清州的NAND快閃記憶體晶圓廠的投資。 此外...,False,2026-06-26T01:52:19.181812
田村直樹籲日銀加快國債正常化，稱長債殖利率上升符合基本面,https://tw.stock.yahoo.com/news/%E7%94%B0%E6%9D%91%E7%9B%B4%E6%A8%B9%E7%B1%B2%E6%97%A5%E9%8A%80%E5%8A%A0%E5%BF%AB%E5%9C%8B%E5%82%B5%E6%AD%A3%E5%B8%B8%E5%8C%96-%E7%A8%B1%E9%95%B7%E5%82%B5%E6%AE%96%E5%88%A9%E7%8E%87%E4%B8%8A%E5%8D%87%E7%AC%A6%E5%90%88%E5%9F%BA%E6%9C%AC%E9%9D%A2-012701533.html,Yahoo Entertainment,2026-06-25T01:27:01Z,【財訊快報／陳孟朔】外電報導，日本央行(日銀)審議委員田村直樹週四再釋偏鷹訊號，表示近期日本長期利率上升符合經濟基本面，反映市場參與者對通膨、貨幣政策與財政政策前景的看法。他並透露，自己投票反對日銀「從下一財年起暫停縮減購債」的決定，理由是日本央行應盡快將持有的日本國債餘額恢復至正常水準。田村直樹指出，現在開始具體討論適當準備金水準仍為時過早，但在未來某個時間點，日銀應就合適的準備金規模展開正式辯論。他強調，從長遠來看，日本央行必須從負債端角度，審慎評估資產負債表的合適水準。這意味日銀政策正常化不僅限於短期利率.…,False,2026-06-26T01:52:19.181814
對沖基金持續加大美國債部位，Fed稱現貨-期貨基差交易是主要推手,https://tw.stock.yahoo.com/news/%E5%B0%8D%E6%B2%96%E5%9F%BA%E9%87%91%E6%8C%81%E7%BA%8C%E5%8A%A0%E5%A4%A7%E7%BE%8E%E5%9C%8B%E5%82%B5%E9%83%A8%E4%BD%8D-fed%E7%A8%B1%E7%8F%BE%E8%B2%A8-%E6%9C%9F%E8%B2%A8%E5%9F%BA%E5%B7%AE%E4%BA%A4%E6%98%93%E6%98%AF%E4%B8%BB%E8%A6%81%E6%8E%A8%E6%89%8B-012523999.html,Yahoo Entertainment,2026-06-25T01:25:23Z,"【財訊快報／劉敏夫】外電報導指出，美國聯準會方面表示，對沖基金對美國國債部位不斷增加，主要是由於現貨-期貨基差交易的復甦。由聯準會首席經濟專家Phillip Monin撰寫的報告表示，截至去年9月，這種高槓桿交易已在對沖基金所持美國國債多頭部位中占8,300億美元，約為2020年初上一峰值的兩倍。其在對沖基金國債多頭總部位中的比重為35%。在對沖基金的美債多頭部位中，互換利差和期限匹配交易等套利策略占據主導地位。報告指稱，基差交易涉及做空國債期貨合約，同時做多以回購融資方式購買的、可交割到期貨的國債...",False,2026-06-26T01:52:19.181815
台積電漲30元重返2400元關卡！專家：拉回就是送分題,https://tw.stock.yahoo.com/news/%E5%8F%B0%E7%A9%8D%E9%9B%BB%E6%BC%B230%E5%85%83%E9%87%8D%E8%BF%942400%E5%85%83%E9%97%9C%E5%8D%A1%EF%BC%81%E5%B0%88%E5%AE%B6%EF%BC%9A%E6%8B%89%E5%9B%9E%E5%B0%B1%E6%98%AF%E9%80%81%E5%88%86%E9%A1%8C-011830051.html,Yahoo Entertainment,2026-06-25T01:18:30Z,台積電（2330）今（25）日盤中最高觸及2420元，上漲30元，專家表示，在高檔震盪的盤勢下，投資人切勿盲目追高，出現回檔或修正的時候，都是非常好的中長期分批進場布局點。,False,2026-06-26T01:52:19.181817
黃仁勳曾大讚OpenClaw！　陳慧明剖析Token經濟學：台廠將迎商機,https://tw.news.yahoo.com/%E9%BB%83%E4%BB%81%E5%8B%B3%E6%9B%BE%E5%A4%A7%E8%AE%9Aopenclaw-%E9%99%B3%E6%85%A7%E6%98%8E%E5%89%96%E6%9E%90token%E7%B6%93%E6%BF%9F%E5%AD%B8-%E5%8F%B0%E5%BB%A0%E5%B0%87%E8%BF%8E%E5%95%86%E6%A9%9F-091800387.html,Yahoo Entertainment,2026-06-25T01:18:00Z,【緯來新聞網】今年三月引發全球「養龍蝦」熱潮的 AI 代理應用OpenClaw，因能執行複雜指令，被,False,2026-06-26T01:52:19.181818
應對先進封裝熱潮！閎康科技推出 CoWoS 混合電源 Latch-Up 測試解決方案,https://technews.tw/2026/06/25/cowos-latch-up-matek-ai/,Technews.tw,2026-06-25T01:12:40Z,隨著人工智慧（AI）與高效能運算（HPC）的需求爆發式成長，各大半導體廠積極投入高功率晶片的研發，特別是將邏輯晶片與高頻寬記憶體（HBM）相互結合的 CoWoS 先進封裝產品。這類產品雖然展現出強大的效能，但其功耗往往高達數百瓦，部分規格甚至突破千瓦（kW）等級。此發展趨勢為可靠度分析中的「閂鎖效應...,False,2026-06-26T01:52:19.181820
SK Hynix shares surge 12% on $29B US listing plan,https://cryptobriefing.com/sk-hynix-shares-surge-29b-nasdaq-adr/,Crypto Briefing,2026-06-25T01:03:22Z,"SK Hynix's US listing plan highlights the growing global demand for AI infrastructure, but also underscores the risks of cyclical chip markets.
The post SK Hynix shares surge 12% on $29B US listing plan appeared first on Crypto Briefing.",True,2026-06-26T01:52:19.181823
曼恩斯特：目前公司产品暂不涉及HBM存储芯片封装、CPO光模块应用,https://36kr.com/newsflashes/3867884485547265,36kr.com,2026-06-25T00:55:33Z,36氪获悉，有投资者提问称，公司的涂布技术是否适用于HBM存储芯片封装、CPO光模块等当前AI产业链的热点领域，是否有相关的技术储备或客户接触？6月25日，曼恩斯特在互动平台表示，目前公司产品暂不涉及上述应用，请注意投资风险。,True,2026-06-26T01:52:19.181824
ECB執委Schnabel稱恐需繼續升息，以實現2%通膨目標,https://tw.stock.yahoo.com/news/ecb%E5%9F%B7%E5%A7%94schnabel%E7%A8%B1%E6%81%90%E9%9C%80%E7%B9%BC%E7%BA%8C%E5%8D%87%E6%81%AF-%E4%BB%A5%E5%AF%A6%E7%8F%BE2-%E9%80%9A%E8%86%A8%E7%9B%AE%E6%A8%99-005411986.html,Yahoo Entertainment,2026-06-25T00:54:11Z,【財訊快報／劉敏夫】外電報導指出，歐洲央行執委Isabel Schnabel接受德國時代周報的採訪時表示，歐洲央行可能不得不進一步提高借貸成本，以抑制通膨壓力。Schnabel在週三刊發的採訪中表示，「從目前來看，我們將需要繼續提高利率，以利在中期讓通膨回到我們2%的目標水準。」Schnabel被視為歐洲央行政策制定者中最偏鷹派的成員。她表示，進一步採取措施的幅度和時機將取決於衝突、經濟和通膨的發展情況...,False,2026-06-26T01:52:19.181827
美光財測點燃日股記憶體鏈，鎧俠飆15%、日經225指數急漲2.5%,https://tw.stock.yahoo.com/news/%E7%BE%8E%E5%85%89%E8%B2%A1%E6%B8%AC%E9%BB%9E%E7%87%83%E6%97%A5%E8%82%A1%E8%A8%98%E6%86%B6%E9%AB%94%E9%8F%88-%E9%8E%A7%E4%BF%A0%E9%A3%8615-%E6%97%A5%E7%B6%93225%E6%8C%87%E6%95%B8%E6%80%A5%E6%BC%B22-5-005217117.html,Yahoo Entertainment,2026-06-25T00:52:17Z,【財訊快報／陳孟朔】美國記憶體大廠美光(Micron)週三盤後公布強勁財報與財測，股價飆約15%推升全球記憶體股風險偏好，資金週四亞太盤初快速湧入日本半導體與儲存概念股。日本NAND快閃記憶體大廠鎧俠(Kioxia，285A)早盤大漲15%，成為日股記憶體鏈領頭羊；日經225指數漲幅同步擴大至2.5%，顯示美光財測已從美股盤後外溢至韓股與日股半導體權重股。美光最新展望強化市場對AI數據中心、HBM...,False,2026-06-26T01:52:19.181829
"美國第一季經常帳逆差超預期，意外擴大至2,268.3億美元",https://tw.stock.yahoo.com/news/%E7%BE%8E%E5%9C%8B%E7%AC%AC-%E5%AD%A3%E7%B6%93%E5%B8%B8%E5%B8%B3%E9%80%86%E5%B7%AE%E8%B6%85%E9%A0%90%E6%9C%9F-%E6%84%8F%E5%A4%96%E6%93%B4%E5%A4%A7%E8%87%B32-268-3%E5%84%84%E7%BE%8E%E5%85%83-004704440.html,Yahoo Entertainment,2026-06-25T00:47:04Z,"【財訊快報／劉敏夫】外電報導指出，新出爐的數據顯示，今年第一季美國經常帳逆差擴大，經濟專家此前預計將收窄。美國經濟分析局數據週三發布的顯示，第一季經常帳戶逆差從去年第四季修正後的2,211億美元，擴大至2,268.3億美元。此前16位受訪經濟專家的預估中值為逆差2,089億美元，預估區間介於逆差3,716億美元至逆差1,775億美元。",False,2026-06-26T01:52:19.181832
美國財長估301關稅若推進，關稅收入僅略微下降,https://tw.stock.yahoo.com/news/%E7%BE%8E%E5%9C%8B%E8%B2%A1%E9%95%B7%E4%BC%B0301%E9%97%9C%E7%A8%85%E8%8B%A5%E6%8E%A8%E9%80%B2-%E9%97%9C%E7%A8%85%E6%94%B6%E5%85%A5%E5%83%85%E7%95%A5%E5%BE%AE%E4%B8%8B%E9%99%8D-004431507.html,Yahoo Entertainment,2026-06-25T00:44:31Z,【財訊快報／劉敏夫】外電報導指出，美國財政部長貝森特(Scott Bessent)表示，如果301關稅推進，關稅收入只會略微下降。貝森特接受CNBC採訪時表示，假設301調查得以推進，2026財政年度的關稅收入預期將僅出現微不足道的下降。,False,2026-06-26T01:52:19.181833
Memory maker SK hynix files for $29B US IPO amid AI demand,https://siliconangle.com/2026/06/24/memory-maker-sk-hynix-files-29b-us-ipo-amid-ai-demand/,SiliconANGLE News,2026-06-25T00:37:32Z,"SK hynix Inc., the world’s largest supplier of HBM memory, today filed to list its stock on the Nasdaq. The South Korean company hopes to sell up to 17.79 million shares for $29.4 billion. The public offering is expected to be the second largest on record aft…",True,2026-06-26T01:52:19.181850
再融資需求回升，美國最新一週MBA抵押貸款申請上揚1%,https://tw.stock.yahoo.com/news/%E5%86%8D%E8%9E%8D%E8%B3%87%E9%9C%80%E6%B1%82%E5%9B%9E%E5%8D%87-%E7%BE%8E%E5%9C%8B%E6%9C%80%E6%96%B0-%E9%80%B1mba%E6%8A%B5%E6%8A%BC%E8%B2%B8%E6%AC%BE%E7%94%B3%E8%AB%8B%E4%B8%8A%E6%8F%9A1-003722545.html,Yahoo Entertainment,2026-06-25T00:37:22Z,"【財訊快報／劉敏夫】外電報導指出，新出爐的數據顯示，最新一週衡量美國抵押貸款申請的指標止跌彈升，扭轉此前一週下滑跌勢，因再融資需求回升。美國抵押貸款銀行協會(MBA, Mortgage Bankers Association)公佈的數據顯示，衡量截至6月19日止當週再融資與購屋抵押貸款需求的MBA貸款申請指數較前一週上揚1.0%，報272.1點。根據MBA數據，上週再融資抵押貸款申請分項指數上揚3.0%，報834.2點；購屋抵押貸款申請分項指數則是下滑0.6%，報169.7點...",False,2026-06-26T01:52:19.181852
醫療AI淪隱私破口 專家示警數據攻擊恐洩病史,https://tw.stock.yahoo.com/news/%E9%86%AB%E7%99%82ai%E6%B7%AA%E9%9A%B1%E7%A7%81%E7%A0%B4%E5%8F%A3-%E5%B0%88%E5%AE%B6%E7%A4%BA%E8%AD%A6%E6%95%B8%E6%93%9A%E6%94%BB%E6%93%8A%E6%81%90%E6%B4%A9%E7%97%85%E5%8F%B2-003444741.html,Yahoo Entertainment,2026-06-25T00:34:44Z,商傳媒｜何映辰／台北報導專家警告，人工智慧（AI）醫療系統恐以令人不安的新方式，在病患毫不知情下侵犯其隱私。《Yahoo News》報導指出，惡意使用者可能對醫療AI系統發動隱私攻擊，使駭客得以得知某人是否曾接受特定疾病治療。 根據英國頂尖科學期刊《自然》（Nature）刊載的研究顯示，新的研究方法或許能判斷特定病患的資料是否曾被用於訓練AI模型。研究人員發現，一種稱為「會員推斷攻擊」（membership inference attack）的駭客手法...,False,2026-06-26T01:52:19.181853
美國將推加密貨幣聯邦法規 七月送參院審議,https://tw.stock.yahoo.com/news/%E7%BE%8E%E5%9C%8B%E5%B0%87%E6%8E%A8%E5%8A%A0%E5%AF%86%E8%B2%A8%E5%B9%A3%E8%81%AF%E9%82%A6%E6%B3%95%E8%A6%8F-%E4%B8%83%E6%9C%88%E9%80%81%E5%8F%83%E9%99%A2%E5%AF%A9%E8%AD%B0-003443537.html,Yahoo Entertainment,2026-06-25T00:34:43Z,圖／本報資料庫商傳媒｜吳承岳／台北報導美國參議員辛西婭·拉米斯（Cynthia Lummis）證實，旨在建立聯邦加密貨幣法規的《加密貨幣清晰法案》（Crypto Clarity Act）預計將於今年七月送交參議院審議。這項立法一旦通過，預計將重塑 2026 年的比特幣交易與機構資金流向，為快速發展的數位資產市場帶來更明確的監管框架。 該法案的核心目標是為加密貨幣產業制定一套聯邦層級的規則，以期為市場提供急需的明確性與穩定性。市場分析指出，此舉可能對比特幣（Bitcoin）、以太坊（Ethereum）等主要加密貨幣…,False,2026-06-26T01:52:19.181855
油價和科技股跌勢影響，美國公債週三報價走揚,https://tw.stock.yahoo.com/news/%E6%B2%B9%E5%83%B9%E5%92%8C%E7%A7%91%E6%8A%80%E8%82%A1%E8%B7%8C%E5%8B%A2%E5%BD%B1%E9%9F%BF-%E7%BE%8E%E5%9C%8B%E5%85%AC%E5%82%B5%E9%80%B1%E4%B8%89%E5%A0%B1%E5%83%B9%E8%B5%B0%E6%8F%9A-002054178.html,Yahoo Entertainment,2026-06-25T00:20:54Z,【財訊快報／劉敏夫】美國公債價格週三上揚，引領殖利率走跌，主要受到油價和科技股延續跌勢的影響。根據債券交易報價，2年期公債價格上漲，殖利率下滑5.28個基點，報4.1456%；5年期公債價格上揚，殖利率下跌9.23個基點，報4.1757%。10年期公債價格上升，殖利率滑落10.47個基點，報4.3922%；30年期公債價格揚升，殖利率滑落10.57個基點，報4.8396%。油價下跌以及美光科技財報發布前半導體股走低推動了公債價格走勢。儘管美國5年期公債拍賣的需求表現平平，但公債在午後仍維持了漲勢。西德州中級原油下…,False,2026-06-26T01:52:19.181856
Price of 25-year-old DDR2 memory set to more than double — thanks to AI-driven RAM-armageddon,https://www.techradar.com/pro/price-of-25-year-old-ddr2-memory-set-to-more-than-double-thanks-to-ai-driven-ram-armageddon,TechRadar,2026-06-25T00:20:00Z,"AI infrastructure demand is consuming advanced DRAM supply, pushing prices sharply higher across DDR4, DDR3, and even 25-year-old DDR2 memory generations.",True,2026-06-26T01:52:19.181857
川普劃荷姆茲收費紅線，海峽油輪回流、全球油市緊張降溫,https://tw.stock.yahoo.com/news/%E5%B7%9D%E6%99%AE%E5%8A%83%E8%8D%B7%E5%A7%86%E8%8C%B2%E6%94%B6%E8%B2%BB%E7%B4%85%E7%B7%9A-%E6%B5%B7%E5%B3%BD%E6%B2%B9%E8%BC%AA%E5%9B%9E%E6%B5%81-%E5%85%A8%E7%90%83%E6%B2%B9%E5%B8%82%E7%B7%8A%E5%BC%B5%E9%99%8D%E6%BA%AB-000944416.html,Yahoo Entertainment,2026-06-25T00:09:44Z,【財訊快報／陳孟朔】外電報導，美國總統川普週三強硬表態，稱美方不容許伊朗對通過荷姆茲海峽的商船徵收通行費或其他費用，並指這類做法在商業與海運法層面「完全不可接受」。他表示，伊朗已向美方確認，不會對通過荷姆茲海峽的船隻收費；若美方對此妥協，將為其他國家在全球關鍵海峽仿效收費打開缺口，成為破壞性先例。川普並稱，《伊斯蘭堡備忘錄》成功迫使伊朗重回談判桌，而中國、土耳其和俄羅斯等大國在美伊衝突期間保持中立，也使伊朗外交空間受限。川普同時宣稱，其政策已削弱伊朗核能力，並稱伊朗同意讓國際原子能機構(IAEA)督察進入核設施.…,False,2026-06-26T01:52:19.181859
SK海力士擬赴美發ADR，籌資294億美元，AI記憶體熱潮推升擴產火力,https://tw.stock.yahoo.com/news/sk%E6%B5%B7%E5%8A%9B%E5%A3%AB%E6%93%AC%E8%B5%B4%E7%BE%8E%E7%99%BCadr-%E7%B1%8C%E8%B3%87294%E5%84%84%E7%BE%8E%E5%85%83-ai%E8%A8%98%E6%86%B6%E9%AB%94%E7%86%B1%E6%BD%AE%E6%8E%A8%E5%8D%87%E6%93%B4%E7%94%A2%E7%81%AB%E5%8A%9B-000927026.html,Yahoo Entertainment,2026-06-25T00:09:27Z,【財訊快報／陳孟朔】路透報導，韓國記憶體大廠SK海力士(SK Hynix，韓股代碼000660)週三公布赴美發行美國存託憑證(ADR)計畫，擬在那斯達克掛牌，最高籌資45.45兆韓元(約294億美元)，相關ADR預計7月10日開始交易。若以上限完成發行，這將成為全球規模最大的股票融資案之一，也凸顯AI伺服器帶動高頻寬記憶體(HBM)需求爆發後，記憶體龍頭加速搶占全球資本市場的企圖。SK海力士表示...,False,2026-06-26T01:52:19.181860
美光財報炸裂，週三盤後股價飆逾15%，AI記憶體需求推Q3營收暴增346%,https://tw.stock.yahoo.com/news/%E7%BE%8E%E5%85%89%E8%B2%A1%E5%A0%B1%E7%82%B8%E8%A3%82-%E9%80%B1%E4%B8%89%E7%9B%A4%E5%BE%8C%E8%82%A1%E5%83%B9%E9%A3%86%E9%80%BE15-ai%E8%A8%98%E6%86%B6%E9%AB%94%E9%9C%80%E6%B1%82%E6%8E%A8q3%E7%87%9F%E6%94%B6%E6%9A%B4%E5%A2%9E346-000916455.html,Yahoo Entertainment,2026-06-25T00:09:16Z,"【財訊快報／陳孟朔】記憶體大廠美光科技(Micron Technology，美股代碼MU)週三盤後公布截至5月底止的2026財年第三季財報，營收達414.6億美元，年比暴增約346%，高於市場預期；經調整每股盈餘(EPS)為25.11美元，較去年同期的1.91美元大增逾12倍，同樣優於華爾街預估。財報公布後，美光盤後股價急升逾一成，反映市場對AI記憶體需求與存儲景氣延續性的疑慮明顯降溫。最新報價為1,208美元，飆漲159.59美元或15.22%。美光季度毛利率大幅攀升至84.9%左右，較去年同期明顯翻揚，也高於…",False,2026-06-26T01:52:19.181861
外資大和關注美光第三季亮眼財報背後，5 年客戶長約與記憶體吃緊至 2027 年後,https://finance.technews.tw/2026/06/25/micron-faces-5-year-customer-contracts-and-memory-shortages-extending-beyond-2027/,Technews.tw,2026-06-25T00:00:49Z,根據外資大和證券（Daiwa）發布的最新報告指出，受惠於 AI 時代對記憶體的強勁需求，記憶體大廠美光（Micron）在 2026 年第三季交出創紀錄的亮眼成績單。隨著記憶體正式成為 AI 紀元中的戰略性資產，美光不僅財報大幅超前市場預期，更透過全新的客戶長約（SCA），鎖定長期龐大營收，預告全球記...,False,2026-06-26T01:52:19.181862
"마이크론, 메모리 장기계약 비중 확대...삼성·SK도 성장 구도 바뀐다",https://zdnet.co.kr/view/?no=20260625084421,Zdnet.co.kr,2026-06-24T23:55:20Z,"[지디넷코리아]메모리 시장이 '장기공급계약(LTA)' 중심 사업 구조로 급변하고 있다. 마이크론이 데이터센터·컨슈머·자동차 등 산업 전반에서 16건의 LTA를 체결했다. LTA는 일정 수준 물량과 가격 하한선을 보장해, 메모리 업체의 안정적 수익 확보에 크게 기여한다. 삼성전자·SK하이닉스 등 국내 기업도 LTA에 따른 중장기 수혜를 입을 수 것으로 기대된다.마이크론은 2026회계연도 3분기(3~5월) 매출 415억 달러(약 63조 9000억원), 영업이익 3…",True,2026-06-26T01:52:19.181864
6月以来机构密集调研的算力硬件概念股名单出炉,https://36kr.com/newsflashes/3867814861018120,36kr.com,2026-06-24T23:44:44Z,全球高性能计算格局迎来变化，国产自研超算一举夺得全球算力榜首。此次突破覆盖芯片、存储、散热等算力硬件全产业链，带动算力硬件赛道热度走高。据统计，A股中布局算力芯片、HBM和液冷散热三大算力硬件板块的个股共有116只。6月以来，算力硬件概念股平均上涨19.05%，其中中巨芯-U累计上涨130.8%，居首；华正新材、唯特偶和盛美上海紧随其后，分别上涨89.58%、87.38%和75.59%。（证券时报）,True,2026-06-26T01:52:19.181865
拿下微软、Meta 订单，高通预测到 2029 年数据中心芯片营收将达 150 亿美元,https://www.ithome.com/0/968/229.htm,Ithome.com,2026-06-24T23:33:19Z,IT之家 6 月 25 日消息，据路透社报道，高通公司表示，随着业务布局跳出核心智能手机芯片赛道，预计到 2029 年，其数据中心业务营收将达到 150 亿美元（IT之家注：现汇率约合 1020.06 亿元人民币）。受该消息提振，高通股票周三盘后交易涨幅超 12%。首席财务官阿卡什 · 帕尔希瓦拉在投资者沟通会上称，2027 财年高通数据中心业务营收将达 50 亿美元，其中 10 亿美元来自新增定制芯片客户。高通同时上调长期营收预期：预计到 2029 年，手机芯片以外业务板块的芯片总收入将达 400 亿美元，此前…,True,2026-06-26T01:52:19.181866
"Больше 250 ядер и частота выше 5,0 ГГц. Qualcomm представила свои первые серверные Dragonfly C1000, которые должны «подвинуть» Intel Xeon и AMD Epyc",https://www.ixbt.com/news/2026/06/25/250-5-0-qualcomm-dragonfly-c1000-intel-xeon-amd-epyc.html,Ixbt.com,2026-06-24T23:18:00Z,Заявлена поддержка PCIe Gen7 и памяти HBC,True,2026-06-26T01:52:19.181869
Micron CEO reports HBM4 ramping twice as fast as HBM3E,https://cryptobriefing.com/micron-hbm4-ramping-twice-as-fast/,Crypto Briefing,2026-06-24T23:09:48Z,"Micron's rapid HBM4 production ramp could shift market dynamics, challenging competitors and accelerating AI advancements with enhanced memory capabilities.
The post Micron CEO reports HBM4 ramping twice as fast as HBM3E appeared first on Crypto Briefing.",True,2026-06-26T01:52:19.181870
Micron celebra en Wall Street tras resultados récord y revive el rally tecnológico,https://www.df.cl/mercados/bolsa-monedas/micron-celebra-en-wall-street-tras-resultados-record-y-revive-el-rally,Www.df.cl,2026-06-24T23:04:16Z,"La compañía reportó ingresos por US$ 41.460 millones, por encima de lo previsto por mercado. Tras los resultados, la acción subió más de 14% fuera de rueda, tras haber cerrado la sesión con un avance de 9%.",True,2026-06-26T01:52:19.181872
광주 반도체 클러스터 '한국판 타이난' 될까,https://www.inews24.com/view/1979522,Inews24.com,2026-06-24T22:58:24Z,"25일 이재명-이재용 회동&middot;29일 靑 회의
정부 &quot;제2 반도체 벨트 필요&quot;
업계 &quot;기존 투자&middot;공급망과 조화 중요&quot; 정부가 광주를 비롯한 호남권과 충청권 등에 제2 반도체 클러스터 조성을 검토하면서 반도체 업계의 관심이 집중되고 있다. 인공지능(AI) 확산으로 반도체 생산능력 확대가 국가 경쟁력으로 떠오른 가운데 광주가 대만 타이난처럼 새로운 반도체 생산축으로 성장할 수 있을지 주목된다.",True,2026-06-26T01:52:19.181873
Micron CEO forecasts multi-decade memory demand cycle driven by humanoid robots,https://cryptobriefing.com/micron-humanoid-robots-memory-demand-cycle/,Crypto Briefing,2026-06-24T22:54:18Z,"The anticipated surge in memory demand from humanoid robots could reshape the semiconductor industry, driving innovation and supply challenges.
The post Micron CEO forecasts multi-decade memory demand cycle driven by humanoid robots appeared first on Crypto B…",True,2026-06-26T01:52:19.181874
Micron Technology expects early product shipments from Taiwan fab site by mid-2027,https://cryptobriefing.com/micron-taiwan-fab-early-shipments/,Crypto Briefing,2026-06-24T22:42:26Z,"Micron's accelerated Taiwan fab timeline could enhance its competitive edge in the memory market, impacting revenue and industry dynamics.
The post Micron Technology expects early product shipments from Taiwan fab site by mid-2027 appeared first on Crypto Bri…",True,2026-06-26T01:52:19.181875
AI信心回溫美光樂觀財測帶動　日股收漲,https://tw.news.yahoo.com/ai%E4%BF%A1%E5%BF%83%E5%9B%9E%E6%BA%AB%E7%BE%8E%E5%85%89%E6%A8%82%E8%A7%80%E8%B2%A1%E6%B8%AC%E5%B8%B6%E5%8B%95-%E6%97%A5%E8%82%A1%E6%94%B6%E6%BC%B2-063646674.html,Yahoo Entertainment,2026-06-24T22:36:46Z,（中央社東京25日綜合外電報導）日本股市在科技股領漲下收高，主因美國高頻寬記憶體（HBM）大廠美光科技（Micron）發布樂觀的財測，重新點燃市場對人工智慧（AI）題材的信心，也為市場帶來一波喘息空間。,False,2026-06-26T01:52:19.181877
"마이크론 ""1000억달러 메모리 장기계약""…로봇은 새 수요처(종합)",https://www.inews24.com/view/1979528,Inews24.com,2026-06-24T22:33:29Z,"회계년도 3분기에만 장기 계약 16건
&quot;공급 부족 2027년 이후에도 지속&quot;
휴머노이드도 새 메모리 수요처 부상
매출 전년비 346% &uarr; 영업이익률 81% 미국 메모리 반도체 업체 마이크론 테크놀로지가 총 1000억달러(한화 약 154조 3500억원) 규모의 장기 공급계약을 확보했다고 밝혔다. 인공지능(AI) 확산에 따른 메모리 공급 부족이 장기화될 것으로 예상되면서 고객사들이 수년치 물량 확보에 나선 것으로 풀이된다.",True,2026-06-26T01:52:19.181879
"마이크론 ""선수금만 220억달러""…메모리 물량 확보 경쟁",https://www.inews24.com/view/1979527,Inews24.com,2026-06-24T22:26:38Z,"1000억달러 규모 장기계약 체결
&quot;휴머노이드, 자동차보다 메모리 10배 탑재&quot; 미국 메모리 반도체 업체 마이크론 테크놀로지가 고객사들로부터 220억달러 규모의 선수금과 재무 약정을 확보했다고 밝혔다. 인공지능(AI) 데이터센터와 휴머노이드 로봇 확산으로 메모리 공급 부족이 장기화될 것으로 예상되면서 고객사들이 수년치 물량 확보에 나선 것으로 풀이된다.",True,2026-06-26T01:52:19.181881
美光第三季財報再創下歷史新高，毛利率超過 84% 帶動盤後股價收復崩跌幅度,https://finance.technews.tw/2026/06/25/microns-third-quarter-earnings-hit-a-new-record-high/,Technews.tw,2026-06-24T22:00:25Z,記憶體大廠美光（Micron）公布截至 2026 年 5 月 28 日的 2026 年第三季財務報告。受惠於人工智慧（AI）時代對記憶體產品的龐大需求，美光第三季營收高達 414.56 億美元，創下歷史新高，並對第四季提出了營收達 500 億美元的強勁展望。面對利多消息，美光在美股的股價盤後大舉上揚...,False,2026-06-26T01:52:19.181887
エヌビディアだけが半導体株じゃない…”斜陽産業”がAI需要で一変「メモリ関連銘柄4選」を実名公開,https://news.livedoor.com/article/detail/31648715/,Livedoor.com,2026-06-24T22:00:00Z,今からでも知っておきたい「メモリ」株の基礎知識コンピュータやスマートフォンは、主にCPU（中央演算処理装置）、メモリ、ストレージ、通信機能などの部品で構成されています。足下の株式市場で株価が非常に好調に推移しているのが「メモリ」関連株です。メモリとは、コンピュータやスマートフォンがデータやプログラムを一時的または長期的に保存するための半導体部品です。人間に例えると、CPUはCentral Processing Unitの頭文字をとったもので、人間の頭脳のように計算や判断を行全文現代ビジネス 06月25日07時00分,True,2026-06-26T01:52:19.181889
美光科技財報炸裂！台股記憶體股盤中嗨漲「雙雄強噴8%」　旺宏慘綠跌6％,https://tw.stock.yahoo.com/news/%E7%BE%8E%E5%85%89%E7%A7%91%E6%8A%80%E8%B2%A1%E5%A0%B1%E7%82%B8%E8%A3%82-%E5%8F%B0%E8%82%A1%E8%A8%98%E6%86%B6%E9%AB%94%E8%82%A1%E7%9B%A4%E4%B8%AD%E5%97%A8%E6%BC%B2-%E9%9B%99%E9%9B%84%E5%BC%B7%E5%99%B48-%E6%97%BA%E5%AE%8F%E6%85%98%E7%B6%A0%E8%B7%8C6-052000647.html,Yahoo Entertainment,2026-06-24T21:20:00Z,[FTNN新聞網]實習記者林妤蓁／綜合報導AI熱潮持續推升半導體市場熱度，美光科技（Micron）最新財報表現亮眼，受惠於高頻寬記憶體（HBM）與資料中心需求強勁帶...,False,2026-06-26T01:52:19.181890
"Qualcomm’s HBC Stacks Compute Beneath DRAM To Smash The AI Memory Wall, Claiming 6x The Bandwidth Per Watt Of HBM",https://wccftech.com/qualcomm-hbc-stacks-compute-beneath-dram-to-smash-the-ai-memory-wall/,Wccftech,2026-06-24T21:15:18Z,"Qualcomm is unveiling its breakthrough for the AI data center market called HBC (High-Bandwidth Compute), to break the memory wall. Qualcomm's HBC Is A Memory Accelerator That Is Stacked Under DRAM, Offering A Major Boost Versus Standard SRAM & HBM Configurat…",True,2026-06-26T01:52:19.181891
마이크론 영업이익률 84.9%…AI가 만든 '메모리 황금기',https://www.inews24.com/view/1979525,Inews24.com,2026-06-24T20:45:15Z,"3분기 매출 414억달러 사상 최대
공급 부족 전망 2027년 이후까지 연장 미국 메모리 반도체 업체 마이크론 테크놀로지가 인공지능(AI) 수요 확대에 힘입어 사상 최대 실적을 다시 썼다. 이 기간 영업이익률은 84.9%에 달했다. 마이크론은 D램과 낸드플래시 공급 부족이 내년 이후까지 이어질 것으로 전망하는 한편, 대규모 장기 공급계약 16건을 통해 사업 모델 전환에 나섰다고 밝혔다.",True,2026-06-26T01:52:19.181893
China desbanca os EUA no ranking dos supercomputadores mais potentes do mundo,https://www.xataka.com.br/informatica/china-desbanca-os-eua-no-ranking-dos-supercomputadores-mais-potentes-do-mundo,Xataka.com.br,2026-06-24T20:41:26Z,A lista bianual TOP500 com os supercomputadores mais potentes do planeta trouxe uma surpresa ...,True,2026-06-26T01:52:19.181895
Micron’s revenue quadrupled as AI memory demand pushes gross margins above 81 percent,https://thenextweb.com/news/micron-q3-fy2026-earnings-revenue-hbm-ai-memory/,The Next Web,2026-06-24T20:37:39Z,"Micron Technology posted fiscal third-quarter revenue of nearly $42bn, quadrupling from just over $9bn a year earlier and beating Wall Street estimates by a wide margin. The results, reported on Tuesday, confirm that the company riding the AI memory boom hard…",True,2026-06-26T01:52:19.181896
Micron supera estimaciones y proyecta ingresos récord por auge de la IA,https://www.diariobitcoin.com/tecnologia/micron-supera-estimaciones-y-proyecta-ingresos-record-por-auge-de-la-ia/,Diariobitcoin.com,2026-06-24T20:30:09Z,"Micron volvió a sacudir a Wall Street con un trimestre muy por encima de lo esperado y una proyección aún más agresiva para el periodo actual. El fabricante de memoria atribuye el salto a la demanda vinculada a la inteligencia artificial, un factor que tambié…",True,2026-06-26T01:52:19.181898
"Micron Technology forecasts $50B in sales, topping estimates as AI memory shortage deepens",https://cryptobriefing.com/micron-technology-50b-revenue-forecast-ai-memory/,Crypto Briefing,2026-06-24T20:22:07Z,"Micron's growth amid AI memory shortages highlights the critical role of advanced chip manufacturing in shaping future tech economies.
The post Micron Technology forecasts $50B in sales, topping estimates as AI memory shortage deepens appeared first on Crypto…",True,2026-06-26T01:52:19.181900
Hudbay Completes Offering of US$52 Million of 4.50% Municipal Bonds for Copper World,https://financialpost.com/globe-newswire/hudbay-completes-offering-of-us52-million-of-4-50-municipal-bonds-for-copper-world,Financial Post,2026-06-24T20:04:19Z,"TORONTO, June 24, 2026 (GLOBE NEWSWIRE) — Hudbay Minerals Inc. (“Hudbay” or the “Company”) (TSX, NYSE: HBM) today announced that it has completed the previously announced offering of US$52 million in aggregate principal amount of 4.50% Arizona Industrial Deve…",False,2026-06-26T01:52:19.181906
Hudbay Completes Offering of US$52 Million of 4.50% Municipal Bonds for Copper World,https://www.globenewswire.com/news-release/2026/06/24/3317147/0/en/Hudbay-Completes-Offering-of-US-52-Million-of-4-50-Municipal-Bonds-for-Copper-World.html,GlobeNewswire,2026-06-24T20:00:00Z,"TORONTO, June 24, 2026 (GLOBE NEWSWIRE) -- Hudbay Minerals Inc. (“Hudbay” or the “Company”) (TSX, NYSE: HBM) today announced that it has completed the previously announced offering of US$52 million in aggregate principal amount of 4.50% Arizona Industrial Dev…",True,2026-06-26T01:52:19.181908
AI概念股賣壓擴散 記憶體族群重挫牽動全球半導體供應鏈,https://tw.stock.yahoo.com/news/ai%E6%A6%82%E5%BF%B5%E8%82%A1%E8%B3%A3%E5%A3%93%E6%93%B4%E6%95%A3-%E8%A8%98%E6%86%B6%E9%AB%94%E6%97%8F%E7%BE%A4%E9%87%8D%E6%8C%AB%E7%89%BD%E5%8B%95%E5%85%A8%E7%90%83%E5%8D%8A%E5%B0%8E%E9%AB%94%E4%BE%9B%E6%87%89%E9%8F%88-031400521.html,Yahoo Entertainment,2026-06-24T19:14:00Z,圖／本報資料庫商傳媒｜何映辰／台北報導全球人工智慧（AI）概念股近期出現明顯回檔，市場獲利了結賣壓由亞洲一路延伸至美國與歐洲市場，首當其衝的是記憶體晶片族群。美國記憶體大廠Micron Technology與Sandisk股價於本週二（23日）同步重挫約13%，追蹤全球記憶體產業的Roundhill Memory ETF（DRAM）當日跌幅更一度達14%，反映市場對AI供應鏈估值重新調整。根據《CNBC》報導，這波拋售最初由亞洲科技股展開，隨後迅速擴散至華爾街，AI概念股成為市場調節的主要標的。到了週三（24日）…,False,2026-06-26T01:52:19.181910
高通推HBC挑戰HBM架構，南亞科將提供創新記憶體技術支援AI運算平台,https://tw.stock.yahoo.com/news/%E9%AB%98%E9%80%9A%E6%8E%A8hbc%E6%8C%91%E6%88%B0hbm%E6%9E%B6%E6%A7%8B-%E5%8D%97%E4%BA%9E%E7%A7%91%E5%B0%87%E6%8F%90%E4%BE%9B%E5%89%B5%E6%96%B0%E8%A8%98%E6%86%B6%E9%AB%94%E6%8A%80%E8%A1%93%E6%94%AF%E6%8F%B4ai%E9%81%8B%E7%AE%97%E5%B9%B3%E5%8F%B0-030324626.html,Yahoo Entertainment,2026-06-24T19:03:24Z,【財訊快報／記者李純君報導】高通（Qualcomm）於2026 Investor Day發表全新Dragonfly AI資料中心平台，並公布超過35家合作夥伴，台灣供應鏈中有七家公司入列，當中雖沒有記憶體廠南亞科(2408)，但在其後的全球合作夥伴聲明中，南亞科則有入列。南亞科發佈的合作聲明提到，雙方合作已邁入新的里程碑，未來將共同支援AI與下一代資料中心快速成長的需求。南亞科表示：「此次合作是南亞科與高通策略合作的重要里程碑。南亞科很榮幸能提供創新且可靠的記憶體技術，支援AI與下一代資料中心持續成長的需求。我們…,False,2026-06-26T01:52:19.181911
AI非泡沫？美光「史上最強財報」曝光 長約模式改寫記憶體命運,https://consent.yahoo.com/v2/collectConsent?sessionId=1_cc-session_77909b62-7c12-4324-bc0d-3a5c88f7f958,Yahoo Entertainment,2026-06-24T18:59:49Z,[Newtalk新聞] 當市場還在擔心AI泡沫會不會降溫時，全球記憶體龍頭之一的 Micron Technology 再度用財報證明，AI 基礎建設的軍備競賽，現在才正要進入高峰期。 從 HBM 高頻寬記憶體、資料中心 DRAM，到 AI 伺服器與 GPU 平台需求全面爆發，美光最新財報不只繳出「史上最強季度營收」，更透露一個市場正在重新定價的重要訊號：記憶體，已不再只是景氣循環零組件，而是 AI 時代最核心的戰略資源之一。 尤其這次法說最大亮點，不只是營收與獲利超預期，而是美光透過長約與「take-or-pay…,False,2026-06-26T01:52:19.181913
Live: Will Micron Crush Q3 Earnings Tonight After Tuesday’s 13% Selloff?,https://biztoc.com/x/75b74b0ac42654a0,Biztoc.com,2026-06-24T18:45:11Z,"Live: Will Micron Crush Q3 Earnings Tonight After Tuesday’s 13% Selloff?
Loading chart data...
Quick Read
- 
 Micron ($MU) beat Q2 consensus by 31%, and tonight's Q3 report targets $33.5B in revenue at an unprecedented 81% gross margin. 
- 
 Mehrotra's 2027 H…",True,2026-06-26T01:52:19.181916
Компании Asus и SK Hynix вселили некоторую надежду на разрешение кризиса с оперативной памятью,https://www.ixbt.com/live/platform/kompanii-asus-i-sk-hynix-vselili-nekotoruyu-nadezhdu-na-razreshenie-krizisa-s-operativnoy-pamyatyu.html,Ixbt.com,2026-06-24T17:57:35Z,"В последнее время рынок оперативной памяти преследовали мрачные вести, однако появились скромные надежды на скорое улучшение ситуации в сложившемся кризисе.Эксперты портала VideoCardz обратили...Читать дальше",True,2026-06-26T01:52:19.181917
Cantor Fitzgerald’s CJ Muse predicts Micron earnings growth through 2028,https://cryptobriefing.com/cantor-fitzgerald-micron-earnings-growth-2028/,Crypto Briefing,2026-06-24T17:41:04Z,"Micron's projected earnings surge highlights the critical role of memory supply in driving semiconductor market dynamics and AI advancements.
The post Cantor Fitzgerald’s CJ Muse predicts Micron earnings growth through 2028 appeared first on Crypto Briefing.",True,2026-06-26T01:52:19.181918
China lidera el Top 500 de supercomputadoras con una bestia de CPU sin tarjetas gráficas,https://www.tecnogeek.com/2026/06/24/china-lidera-el-top-500-de-supercomputadoras-con-una-bestia-de-cpu-sin-tarjetas-graficas/,Tecnogeek.com,2026-06-24T17:39:41Z,El escenario de la supercomputación global sufrió un vuelco histórico. La publicación de la 67.ª edición de la lista TOP500 coronó a un nuevo líder indiscutido: la supercomputadora china LineShine. Instalada en el Centro Nacional de Supercomputación en Shenzh…,True,2026-06-26T01:52:19.181923
Самая дорогая южнокорейская компания SK Hynix привлечет $30 млрд при размещении в США,https://news.mail.ru/economics/71393562/,Mail.ru,2026-06-24T17:38:21Z,"Южнокорейский производитель полупроводников SK Hynix, недавно ставший самой дорогой компанией в стране, собирается провести размещение на американской бирже NASDAQ. Она сообщила об этом в документах, поданных в Комиссию по биржам и ценным бумагам США. В рамка…",True,2026-06-26T01:52:19.181925
Самая дорогая южнокорейская компания SK Hynix привлечет $30 млрд при размещении в США,https://www.kommersant.ru/doc/8764271,Kommersant.ru,2026-06-24T17:36:03Z,"Южнокорейский производитель полупроводников SK Hynix, недавно ставший самой дорогой компанией в стране, собирается провести размещение на американской бирже NASDAQ. Она сообщила об этом в документах, поданных в Комиссию по биржам и ценным бумагам США.",True,2026-06-26T01:52:19.181926
GECF稱荷姆茲重開助天然氣市場穩定，Q4價格流量有望回近美伊戰前,https://tw.stock.yahoo.com/news/gecf%E7%A8%B1%E8%8D%B7%E5%A7%86%E8%8C%B2%E9%87%8D%E9%96%8B%E5%8A%A9%E5%A4%A9%E7%84%B6%E6%B0%A3%E5%B8%82%E5%A0%B4%E7%A9%A9%E5%AE%9A-q4%E5%83%B9%E6%A0%BC%E6%B5%81%E9%87%8F%E6%9C%89%E6%9C%9B%E5%9B%9E%E8%BF%91%E7%BE%8E%E4%BC%8A%E6%88%B0%E5%89%8D-011242305.html,Yahoo Entertainment,2026-06-24T17:12:42Z,【財訊快報／陳孟朔】路透報導，天然氣出口國論壇(GECF)秘書長Mshelbila週三在紐約Reuters全球能源論壇表示，隨著美伊停火後荷姆茲海峽重新開放，全球天然氣市場有望在第三季逐步恢復穩定。他指出，若假設荷姆茲海峽維持開放，GECF預期未來一季將開始看到市場再穩定，出口流量與價格則可能在第四季回到較接近戰前水準，但亞洲天然氣價格短期仍可能偏高。GECF成員包括阿爾及利亞、埃及、伊朗、利比亞、奈及利亞、卡達、俄羅斯、千里達及托巴哥、阿聯酋與委內瑞拉等主要天然氣出口國，合計掌握全球約七成已探明天然氣資源。美以…,False,2026-06-26T01:52:19.181928
"Broadcom and OpenAI debut Jalapeño Intelligence Processor, plot an Apple-like move to 'build the full stack'",https://www.techradar.com/pro/broadcom-and-openai-debut-jalapeno-intelligence-processor-plot-an-apple-like-move-to-build-the-full-stack,TechRadar,2026-06-24T16:29:15Z,The AI arms race just got a little bit spicier as Broadcom and OpenAI target Nvidia.,True,2026-06-26T01:52:19.181929
Investors await Micron earnings amid chip sector volatility,https://cryptobriefing.com/micron-earnings-chip-sector-volatility/,Crypto Briefing,2026-06-24T16:25:36Z,"Micron's earnings will influence semiconductor and crypto markets, reflecting broader economic sentiment and AI infrastructure trends.
The post Investors await Micron earnings amid chip sector volatility appeared first on Crypto Briefing.",True,2026-06-26T01:52:19.181930
"OpenAI’s First Custom Chip Is As Hot As A Jalapeño For AI, As The Firm Calls It The “Best Inference Platform” for LLMs",https://wccftech.com/openai-first-custom-chip-is-as-hot-as-a-jalapeno-the-best-inference-platform-for-llms/,Wccftech,2026-06-24T15:50:03Z,"OpenAI has just announced its first custom chip called Jalapeño, which is aimed at AI Inference workloads & produced by Broadcom. OpenAI Designed & Built Its First Custom AI Silicon, The Jalapeño Chip, For Agentic AI Today, OpenAI announced that it has built …",True,2026-06-26T01:52:19.181933
"Micron Is Up 268% This Year, and Stephanie Link Says Wait for a Pullback Before You Buy",https://247wallst.com/investing/2026/06/24/micron-is-up-268-this-year-and-stephanie-link-says-wait-for-a-pullback-before-you-buy/,24/7 Wall St.,2026-06-24T15:45:46Z,"Before Micron Technology’s (NASDAQ:MU) fiscal Q3 2026 results, Stephanie Link of Hightower told CNBC viewers what most retail traders watching a parabolic ch...",True,2026-06-26T01:52:19.181934
OpenAI 首款 AI 推理晶片「Jalapeño」亮相，攜手博通設計、台積電生產,https://technews.tw/2026/06/24/openai-and-broadcom-unveil-llm-optimized-inference-chip/,Technews.tw,2026-06-24T15:34:07Z,OpenAI 24 日公開自家首款客製化 AI 晶片，這款名為「Jalapeño」的 AI 加速器是與博通（Broadcom）共同設計，以推動 OpenAI 在 AI 基礎設施的發展。 Jalapeño 將用於執行有關推理（inference）的 AI 任務，在此過程會對資料進行運算處理，以回應使用...,False,2026-06-26T01:52:19.181935
Sk Hynix busca USD $29.650 millones en Nasdaq para reforzar su apuesta por la IA,https://www.diariobitcoin.com/asia/sk-hynix-busca-usd-29-650-millones-en-nasdaq-para-reforzar-su-apuesta-por-la-ia/,Diariobitcoin.com,2026-06-24T15:33:29Z,"Sk Hynix, la empresa más valiosa de Corea del Sur y uno de los nombres clave en la carrera global por la inteligencia artificial, planea una gigantesca emisión de ADRs en Nasdaq por cerca de USD $29.650 millones. La operación busca ampliar su acceso a inversi…",True,2026-06-26T01:52:19.181937
Micron reports Q3 earnings after market close today as AI memory demand drives massive growth expectations,https://cryptobriefing.com/micron-q3-earnings-ai-memory-demand/,Crypto Briefing,2026-06-24T15:31:19Z,"Micron's AI-driven growth highlights the volatile nature of tech markets, with potential for significant stock swings and implications for tokenized trading.
The post Micron reports Q3 earnings after market close today as AI memory demand drives massive growt…",True,2026-06-26T01:52:19.181938
Why your RAM options cost 4X more now than last year - even legacy tech prices aren't immune,https://www.zdnet.com/article/why-your-ram-costs-400-more-than-last-year/,ZDNet,2026-06-24T15:26:16Z,"Meanwhile, AI data centers will mop up 70% of all memory chips produced this year.",True,2026-06-26T01:52:19.181940
How Applied Materials Could Become the Next $1 Trillion Chip Stock,https://www.barchart.com/story/news/2628679/how-applied-materials-could-become-the-next-1-trillion-chip-stock,Barchart.com,2026-06-24T15:02:58Z,This business makes the complicated and expensive hardware needed to produce the latest AI chips. Is Wall Street overpaying or underpaying? Citi thinks it's...,False,2026-06-26T01:52:19.181941
"Netlist, HBM ve DDR5 Patent İhlali Gerekçesiyle Samsung’a Dava Açtı",https://shiftdelete.net/?p=1269221,Shiftdelete.net,2026-06-24T15:00:07Z,"Yarı iletken endüstrisinde sular durulmuyor. Özellikle yapay zeka devrimiyle birlikte hayati bir önem kazanan bellek teknolojileri, dev şirketleri bir kez daha mahkeme salonlarında karşı karşıya getiriyor. Kaliforniya merkezli bellek ve depolama teknolojileri…",True,2026-06-26T01:52:19.181942
存储芯片巨头SK海力士拟赴美上市募资290亿美元,https://www.cnbeta.com.tw/articles/tech/1566682.htm,Cnbeta.com.tw,2026-06-24T14:35:50Z,"受益于 AI 芯片行业景气上行，SK 海力士计划通过纳斯达克上市募资超 290 亿美元，为企业产能扩张提供资金。韩国 SK 海力士（股票代码：000660，涨幅 0.98%）计划赴美上市募资超 290 亿美元。当前人工智能产业爆发，全球高端芯片需求激增，企业希望借助海外资本助力自身产能扩张布局。
两名工作人员在 SK 海力士中国国际供应链博览会展位上交谈。 本次募资交易或将创下史上规模最大的股权发售案例之一。该公司周三向韩国交易所提交的监管文件显示，这家全球第二大存储芯片厂商拟通过在纳斯达克发行美国存托凭证募资…",True,2026-06-26T01:52:19.181943
Обзор смартфона POCO F8 Pro. Пол года с гаджетом на Snapdragon 8 Elite,https://www.ixbt.com/live/mobile/obzor-smartfona-poco-f8-pro-pol-goda-s-gadzhetom-na-snapdragon-8-elite.html,Ixbt.com,2026-06-24T14:29:47Z,"Смартфон POCO F8 Pro является продолжением прошлогодней линейки. Немного улучшили производительность и изменили работу системы охлаждения. Новинка получила новейший процессор Snapdragon 8 Elite,...Читать дальше",True,2026-06-26T01:52:19.181945
荒地上的万亿存储赌局：长鑫、合肥与一群人的十年,https://www.cnbeta.com.tw/articles/tech/1566664.htm,Cnbeta.com.tw,2026-06-24T14:05:21Z,"穿过合肥新桥机场高速一个匝道，飞驰的窗外终于不再是模糊的农田。远处，一栋庞大建筑宣告着自己无法忽视的存在。十多年前，这还是远离市区的农田与荒地。一家“巨无霸”企业的入驻，彻底改变了这片土地的命运。
2026年春天，这家公司猛然浮出水面：一季度净利润330亿元，归母净利润247.6亿元，营收同比暴涨719%，几乎一夜之间就填平了过去十年累计超过366亿的所有亏损。市场将它的估值预期推高至4万亿。按合肥国资超三成的持股比例算，这笔投资浮盈相当于合肥年度GDP。图｜长鑫科技与知名企业归母净利润对比然而，在这家“万亿巨…",True,2026-06-26T01:52:19.181946
"Yes, the bad news on the RAM crisis has been relentless lately — but Asus and SK Hynix just gave us glimmers of hope that some relief could be on the horizon",https://www.techradar.com/computing/memory/yes-the-bad-news-on-the-ram-crisis-has-been-relentless-lately-but-asus-and-sk-hynix-just-gave-us-glimmers-of-hope-that-some-relief-could-be-on-the-horizon,TechRadar,2026-06-24T13:41:47Z,The RAM crisis gloom has been thick and heavy lately — so are you ready for some better news?,True,2026-06-26T01:52:19.181947
SK Hynix seeks $29B US listing amid surging memory chip demand,https://cryptobriefing.com/sk-hynix-29b-us-nasdaq-listing/,Crypto Briefing,2026-06-24T13:33:05Z,"SK Hynix's US listing could reshape global tech supply chains, intensifying competition and investment in AI-driven semiconductor markets.
The post SK Hynix seeks $29B US listing amid surging memory chip demand appeared first on Crypto Briefing.",True,2026-06-26T01:52:19.181949
OpenAI、博通联手打造的 AI 芯片 Jalapeño 首秀，号称媲美英伟达 Blackwell,https://www.ithome.com/0/968/175.htm,Ithome.com,2026-06-24T13:16:31Z,IT之家 6 月 24 日消息，北京时间今晚（24 日），OpenAI 首次对外展示与博通联合设计的定制 AI 芯片 Jalapeño，希望通过自研芯片加快算力基础设施建设，并降低对英伟达 GPU 的依赖。OpenAI、Anthropic 等 AI 实验室面临共同难题：聊天机器人和编程应用需要大量算力，但可获得的计算资源仍然不足。OpenAI 因此转向开发自有芯片，希望降低运行成本，同时为 AI 行业普遍采用的英伟达 GPU 寻找替代方案。Jalapeño 由 OpenAI 工程师和博通共同设计，主要用于 AI …,True,2026-06-26T01:52:19.181950
SK Hynix mira listagem de US$ 29 bi nos EUA com disparada da demanda por IA,https://valor.globo.com/financas/noticia/2026/06/24/sk-hynix-mira-listagem-de-us-29-bi-nos-eua-com-disparada-da-demanda-por-ia.ghtml,Globo,2026-06-24T13:14:53Z,"A sul-coreana SK Hynix informou nesta quarta-feira que planeja levantar até US$ 29,4 bilhões por meio de uma listagem no mercado acionário dos Estados Unidos, em uma das maiores ofertas de ações do mundo, enquanto a fornecedora da Nvidia busca aproveitar o fo…",True,2026-06-26T01:52:19.181951
3 Reasons SK Hynix Could Outperform Micron Over the Next Decade,https://biztoc.com/x/c70006a116d96135,Biztoc.com,2026-06-24T13:09:16Z,"SK Hynix and Micron Technology (MU) are the biggest winners in the artificial intelligence (AI) memory boom. Both have a similar business model of supplying DRAM for working memory, NAND flash for storage, and increasingly high-bandwidth memory (HBM). SK Hyni…",True,2026-06-26T01:52:19.181952
Hudbay Completes Acquisition of Arizona Sonoran to Create the Third Largest Copper District in North America,https://financialpost.com/globe-newswire/hudbay-completes-acquisition-of-arizona-sonoran-to-create-the-third-largest-copper-district-in-north-america,Financial Post,2026-06-24T12:50:39Z,"TORONTO, June 24, 2026 (GLOBE NEWSWIRE) — Hudbay Minerals Inc. (“Hudbay” or the “Company”) (TSX, NYSE: HBM) is pleased to announce the closing of its previously announced acquisition of Arizona Sonoran Copper Company Inc. (“Arizona Sonoran”) by way of a court…",False,2026-06-26T01:52:19.181955
Hudbay Completes Acquisition of Arizona Sonoran to Create the Third Largest Copper District in North America,https://www.globenewswire.com/news-release/2026/06/24/3316857/0/en/Hudbay-Completes-Acquisition-of-Arizona-Sonoran-to-Create-the-Third-Largest-Copper-District-in-North-America.html,GlobeNewswire,2026-06-24T12:45:00Z,"TORONTO, June 24, 2026 (GLOBE NEWSWIRE) -- Hudbay Minerals Inc. (“Hudbay” or the “Company”) (TSX, NYSE: HBM) is pleased to announce the closing of its previously announced acquisition of Arizona Sonoran Copper Company Inc. (“Arizona Sonoran”) by way of a cour…",True,2026-06-26T01:52:19.181956
"Rex Shares launches $RAM, a 2x leveraged DRAM ETF built for memory chip bulls",https://cryptobriefing.com/rex-shares-ram-2x-dram-etf-launch/,Crypto Briefing,2026-06-24T12:38:42Z,"The launch of $RAM highlights the growing investor appetite for high-risk, high-reward strategies in the rapidly evolving AI sector.
The post Rex Shares launches $RAM, a 2x leveraged DRAM ETF built for memory chip bulls appeared first on Crypto Briefing.",True,2026-06-26T01:52:19.181961
"Google z MediaTekiem podobno szykują TPUv9 Triggerfish. Jeden pakiet ma połączyć trening, inferencję i dodatkowy układ CPU",https://www.purepc.pl/google-mediatek-tpuv9-triggerfish-wspolpraca-polaczenie-trening-ai-inferencja-dodatkowy-uklad-cpu-przeciek,Purepc.pl,2026-06-24T12:00:01Z,"Google od miesięcy przebudowuje własną linię akceleratorów AI pod nowe obciążenia. Po oficjalnym rozdzieleniu TPU 8t i TPU 8i pojawił się przeciek o kolejnym kroku, czyli o układzie TPUv9 Triggerfish opracowywanym w kooperacji z MediaTekiem. Ma on zbliżyć do …",True,2026-06-26T01:52:19.181963
Micron Technology earnings report could stabilize AI and semiconductor stocks,https://cryptobriefing.com/micron-earnings-ai-semiconductor-stocks/,Crypto Briefing,2026-06-24T11:28:49Z,"Micron's earnings could signal AI market resilience, influencing investor confidence and potentially stabilizing volatile semiconductor stocks.
The post Micron Technology earnings report could stabilize AI and semiconductor stocks appeared first on Crypto Bri…",True,2026-06-26T01:52:19.181964
"SK Hynix, fabricante de chips para IA, recaudará unos 26.000 millones en su OPV en EEUU",https://www.expansion.com/economia-digital/companias/2026/06/24/6a3bbce6468aebf3398b4585.html,Expansion.com,2026-06-24T11:18:00Z,"SK Hynix, que tiene una posición aventajada en el segmento más avanzado de chips para IA, prevé recaudar 45,5 billones de wones coreanos (29.600 millones de dólares o 26.000 millones de euros) en su debut en Bolsa en EEUU este julio. El grupo quiere para saca…",True,2026-06-26T01:52:19.181965
"Décryptage. Canicule : annulations, retards… Pourquoi la circulation des trains est-elle affectée ?",https://www.ledauphine.com/transport/2026/06/24/canicule-annulations-retards-pourquoi-la-circulation-des-trains-est-elle-affectee,Le Dauphiné Libéré,2026-06-24T15:15:00Z,"Les fortes chaleurs mettent le réseau ferroviaire à rude épreuve, et rendent d’autant plus urgent son renouvellement. De nombreux trains ont été annulés ou retardés cette semaine.",True,2026-06-26T01:52:19.408009
"Prix en hausse, offre en baisse : le paradoxe du train, qui séduit pourtant de plus en plus les Français",https://www.challenges.fr/entreprise/transports/prix-en-hausse-offre-en-baisse-le-paradoxe-du-train-qui-seduit-pourtant-de-plus-en-plus-les-francais_644448,Challenges,2026-06-24T14:30:00Z,"L’Autorité de régulation des transports (ART) a publié son rapport annuel sur le marché ferroviaire en France. Évolution de l’offre, prix des billets de train… Voici ce qu’il faut retenir.",False,2026-06-26T01:52:19.408021
Le réseau ferroviaire français peut-il survivre à la canicule ?,https://www.alternatives-economiques.fr/le-reseau-ferroviaire-francais-peut-il-survivre-a-la-canicule,Alternatives-economiques.fr,2026-06-24T13:53:12Z,"Dilatation des rails, climatisation défaillante, annulations préventives de trains… la canicule met en lumière les fragilités du système ferroviaire français, tant sur le plan de l’infrastructure que sur celui du matériel.",True,2026-06-26T01:52:19.408023
群創漲勢不停？　報告全說了,https://consent.yahoo.com/v2/collectConsent?sessionId=1_cc-session_05caed7b-c9cf-4c27-932a-7cd221552f12,Yahoo Entertainment,2026-06-24T09:05:00Z,台股本週震盪，面板大廠群創（3481）展現抗跌力道。法人報告指出，隨著AI晶片尺寸擴大，台積電加速布局下一代CoPoS封裝技術，而群創憑藉深耕多年的玻璃製程與TGV技術，已成為台積電玻璃基板開發計畫的重要合作夥伴。雖然面板本業受景氣波動，但受惠併購效益及切入先進封裝供應鏈，法人看好群創能擺脫傳統面板業循環，開啟長期成長曲線，將投資評等調升至「買進」，後續發展備受市場與投資人關注。,False,2026-06-26T01:52:19.408025
"티엘비, 유리기판 기술 개발 추진…협력사와 MOU 체결",https://zdnet.co.kr/view/?no=20260624161639,Zdnet.co.kr,2026-06-24T09:01:02Z,"[지디넷코리아]PCB 전문기업 티엘비가 유리기판 기반의 차세대 반도체 패키징 시장에 진출하기 위한 기술 협력에 나선다.티엘비는 최근 유리기판 관련 장비·공정 기술을 보유한 A사와 유리기판 및 반도체 패키징 기술 분야 공동개발·기술협력 양해각서(MOU)를 체결했다고 24일 밝혔다.이번 MOU는 유리관통전극(TGV) 기술, 금속화(Metallization) 기술, 반도체 패키징용 유리기판 제조기술 등을 핵심 협력 과제로 설정했다. 양사는 관련 소재·화학약품·장비 …",True,2026-06-26T01:52:19.408026
"Le train pollue peu, mais un danger grandissant menace ses infrastructures",https://www.futura-sciences.com/tech/actualites/trains-train-pollue-peu-mais-danger-grandissant-menace-infrastructures-135566/,Futura,2026-06-24T07:08:01Z,"Alors que les trains sont appelés à jouer un rôle central dans la transition écologique, le réseau ferroviaire français est confronté au vieillissement de ses infrastructures et au changement climatique qui l’accentue. Tout comme ses voisins européens… À la d…",True,2026-06-26T01:52:19.408027
"Prozess um getöteten Zugbegleiter beginnt: ""Er liebte seinen Job""",https://www.tagesschau.de/inland/gesellschaft/prozess-totschlag-zugbegleiter-100.html,tagesschau.de,2026-06-24T04:27:09Z,Von heute an verhandelt das Landgericht Zweibrücken den gewaltsamen Tod des Zugbegleiters Serkan Çalar. Die Tat sorgte bundesweit für Entsetzen - aber auch künftig für mehr Sicherheit für das Bahnpersonal? Von Juri Sonnenholzner.,True,2026-06-26T01:52:19.408029
"에프엔에스테크, ""자회사 아사히램프 대만 2공장 준공""",https://zdnet.co.kr/view/?no=20260624120322,Zdnet.co.kr,2026-06-24T03:11:42Z,"[지디넷코리아]디스플레이 습식장비가 주력인 에프엔에스테크가 대만 반도체 부품 자회사 아사히램프(Asahi Lamp) 2공장을 준공했다고 24일 밝혔다. 아사히램프는 대만 2공장 준공으로 기존 200억원 수준에서 최대 300억원까지 생산 가능한 반도체 공정용 할로겐 램프 생산능력을 확보했다. 에프엔에스테크는 ""아사히램프 2공장에 여유 공간을 확보했다""며 ""이곳을 자외선(UV) 램프와 화학적기계연마(CMP) 패드의 대만 진출 전초기지로 활용할 계획""이라며 ""중화권…",True,2026-06-26T01:52:19.408030
Metabolic determinants of cancer immunotherapy outcomes identified by plasma profiling,https://www.nature.com/articles/s41591-026-04481-9,Nature.com,2026-06-25T00:00:00Z,"Mass-spectrometry-based metabolomic analysis of plasma samples from multiple cohorts of patients treated with immunotherapy across five distinct tumor types, followed by machine learning enabled identification of metabolic signatures, as well as functional ex…",True,2026-06-26T01:52:19.784281
Show HN: Moomacha – Zulip Native Agents Orchestrator,https://github.com/oxedom/moomacha,Github.com,2026-06-24T21:39:36Z,"Open source version of Claude Tag

Comments URL: https://news.ycombinator.com/item?id=48665947
Points: 2
# Comments: 0",True,2026-06-26T01:52:19.784292
"""전남광주 반도체 패키징, '유리급 기판'도 선택지""",https://zdnet.co.kr/view/?no=20260625024011,Zdnet.co.kr,2026-06-24T17:53:39Z,"[지디넷코리아]김구성 강남대 교수가 전남·광주 지역의 반도체 유리기판 연구개발 방향에 대해 ""'글래스 라이크 서브스트레이트'(glass like substrate:유리급 기판)가 좋은 선택지일 수 있다""고 밝혔다. 최근 수년째 반도체 업계에서 관심사인 유리기판은 실리콘 인터포저를 유리 인터포저로 바꾸는 기술, 그리고 레진 코어를 유리 코어로 바꾸는 기술 등 크게 둘로 나뉜다. 아직 상용화되진 않았다. 김구성 교수는 24일 국립순천대에서 열린 '인공지능(AI) …",True,2026-06-26T01:52:19.784295
The universe may be hiding conscious minds stranger than we can imagine,https://www.sciencedaily.com/releases/2026/06/260623083146.htm,Science Daily,2026-06-24T14:49:57Z,"What if consciousness isn’t limited to brains like ours? Philosophers Eric Schwitzgebel and Jeremy Pober argue that consciousness could arise in many different forms of life, even in beings built from radically different materials than those found on Earth. D…",True,2026-06-26T01:52:19.784296
SUMOylation and ubiquitination reciprocally regulate SMCHD1 antiviral activity against herpes simplex virus 1,https://journals.plos.org/plospathogens/article?id=10.1371/journal.ppat.1014371,Plos.org,2026-06-24T14:00:00Z,"Author summary Herpes simplex virus 1 (HSV-1) establishes lifelong infection in humans and must overcome host antiviral defenses to replicate efficiently. One critical layer of this defense is formed by cellular “restriction factors,” proteins that can direct…",True,2026-06-26T01:52:19.784298
Obligatory intracellular bacterium Anaplasma phagocytophilum AnkA regulates actin dynamics and spatiotemporal bacterial release,https://journals.plos.org/plospathogens/article?id=10.1371/journal.ppat.1014350,Plos.org,2026-06-24T14:00:00Z,"Author summary While cortical cytoskeleton serves as a barrier for exocytosis, how exocytic release of intra-vacuolar bacteria occurs through this barrier is poorly understood. Using obligatory intravacuolar bacteria Anaplasma phagocytophilum as a model, this…",True,2026-06-26T01:52:19.784299
Schistosoma japonicum histone acetyltransferase 1 (SjHAT1): A novel anti-schistosomal drug target,https://journals.plos.org/plospathogens/article?id=10.1371/journal.ppat.1014334,Plos.org,2026-06-24T14:00:00Z,Author summary Schistosomiasis is a neglected tropical disease caused by Schistosoma species. Reliance on the single drug praziquantel (PZQ) for treatment and control of schistosomiasis is not sustainable. Emerging drug resistance highlights the critical need…,True,2026-06-26T01:52:19.784301
