title,url,source,published_at,snippet,link_verified,fetch_timestamp
Aeluma 公布 2026 年第三季財務成績，高效能半導體技術成長動能強勁,https://www.globenewswire.com/news-release/2026/05/13/3294470/0/en/Aeluma-Announces-Third-Quarter-Fiscal-2026-Financial-Results.html,GlobeNewswire,2026-05-13T20:30:00Z,根據GlobeNewswire於2026年5月13日報導，專注於高效能且可擴展半導體技術的Aeluma公司（NASDAQ:ALMU）公布第三季財務成績。該公司為業界領先的半導體廠商，以提供變革性技術解決方案著稱，展現其在先進晶片設計與製造領域的強勁競爭力。,True,2026-05-15T01:30:57.427191
美股納斯達克漲超1%，阿里巴巴第四季財報發佈後股價上揚,https://finance.yahoo.com/news/nasdaq-surges-over-1-alibaba-174242926.html,Yahoo Entertainment,2026-05-13T17:42:42Z,"根據Yahoo Entertainment於2026年5月13日報導，美股大盤表現混合，其中納斯達克指數週三上漲超1%。道瓊指數下跌0.24%至49,638.96點。科技股的反彈主要受惠於AI相關產業的樂觀前景與企業獲利成長。",False,2026-05-15T01:30:57.427202
Vishay Intertechnology、Eos Energy等個股週三走高，半導體與能源股表現強勁,https://finance.yahoo.com/news/vishay-intertechnology-eos-energy-enterprises-153133654.html,Yahoo Entertainment,2026-05-13T15:31:33Z,根據Yahoo Entertainment於2026年5月13日報導，美股週三盤中表現不一，納斯達克指數上漲逾100點。Vishay Intertechnology等多檔股票股價顯著上揚，反映市場對半導體與能源產業的持續看好，特別是在AI晶片需求持續增長的背景下。,False,2026-05-15T01:30:57.427205
光學AI加速器市場 2026-2040 年高速增長，Silicon Photonics 技術成關鍵驅動力,https://www.globenewswire.com/news-release/2026/05/13/3294183/28124/en/Optical-AI-Accelerator-Market-2026-2040-Industry-Trends-and-Global-Forecasts-Ayar-Labs-LightOn-Luminous-Computing-Q-ANT-Salience-Labs-are-Developing-Disruptive-Architectures.html,GlobeNewswire,2026-05-13T14:31:00Z,根據GlobeNewswire於2026年5月13日發佈的市場預測報告，光學AI加速器市場因AI工作負載、數據量增加和實時分析需求而迅速擴張。Ayar Labs、LightOn、Luminous Computing等廠商正開發顛覆性架構。關鍵機會包括提升能效、推進Silicon Photonics、支援邊緣運算等，市場前景看好。,True,2026-05-15T01:30:57.427207
Tower Semiconductor 營收超預期，簽署 13 億美元 AI 晶片訂單合約,https://economictimes.indiatimes.com/tech/artificial-intelligence/tower-semi-forecasts-upbeat-quarterly-revenue-signs-1-3-billion-in-ai-chip-deals/articleshow/131066087.cms,The Times of India,2026-05-13T12:38:58Z,根據The Times of India於2026年5月13日報導，Tower Semiconductor 預期第二季營收將超越市場預期。該公司已獲得2027年度價值13億美元的訂單，主要供應人工智慧資料中心所需晶片。強勁的需求成長驅動了該公司的營收成長與訂單擴增。,True,2026-05-15T01:30:57.427208
Tower Semiconductor 營收前景佳，獲 13 億美元 AI 晶片訂單，2027 年供應量預期增加,https://www.channelnewsasia.com/business/tower-semi-forecasts-upbeat-quarterly-revenue-signs-13-billion-in-ai-chip-deals-6118706,CNA,2026-05-13T12:05:29Z,根據CNA於2026年5月13日報導，Tower Semiconductor 週三預告第二季營收將優於預期，並宣布獲得2027年度13億美元訂單，供應利用光傳輸技術於AI資料中心高速資料移動的晶片。該公司藉由Silicon Photonics 技術，參與全球AI基礎設施建設。,True,2026-05-15T01:30:57.427210
Tower Semiconductor 簽署客戶合約，2027 年 Silicon Photonics 收入達 13 億美元,https://www.globenewswire.com/news-release/2026/05/13/3293875/0/en/Tower-Semiconductor-Signs-Customer-Contracts-for-1-3-Billion-Silicon-Photonics-Revenue-for-2027.html,GlobeNewswire,2026-05-13T11:19:00Z,根據GlobeNewswire於2026年5月13日報導，Tower Semiconductor 宣布簽署客戶長期合約，2027年度Silicon Photonics 晶片收入達13億美元。該合約展示Tower Semiconductor在光子晶片領域的市場地位大幅提升，對其未來成長提供強有力支撐。,True,2026-05-15T01:30:57.427212
Marvel Technology 在 AI 連接與客製化晶片領域佔據優勢，成長動能強勁,https://finance.yahoo.com/news/why-marvell-technology-mrvl-gaining-105639691.html,Yahoo Entertainment,2026-05-13T10:56:39Z,根據Yahoo Entertainment於2026年5月13日報導，Marvell Technology Inc.（NASDAQ:MRVL）憑藉其AI基礎設施優勢成為值得關注的AI概念股。該公司在AI連接解決方案與客製化晶片設計領域領先業界，為資料中心與雲端運算廠商提供核心技術支援。,False,2026-05-15T01:30:57.427217
Cisco 因 AI 需求驅動連創佳績，第三季營收與獲利雙超預期,https://siliconangle.com/2026/05/13/rising-ai-demand-helps-cisco-another-earnings-revenue-beat/,SiliconANGLE News,2026-05-14T00:29:13Z,"根據SiliconANGLE News於2026年5月14日報導，網路設備大廠Cisco Systems Inc.股價在盤後交易中上漲20%，受惠於第三季度營收與獲利表現均超預期。該公司同時宣布進行規模不足4,000人的組織調整，AI需求持續推動其網路設備與解決方案業務成長。",True,2026-05-15T01:30:57.802601
IBM Quantum 負載平衡器 qauvern 軟體包已上線至 PyPI 平台,https://pypi.org/project/qauvern/,Pypi.org,2026-05-13T23:53:44Z,根據PyPI於2026年5月13日報導，IBM開發的Quantum負載平衡器qauvern已正式上傳至Python軟體包庫。該工具用於最佳化量子運算執行個體的資源配置，反映IBM在量子運算與AI混合應用領域的持續投入與技術進展。,True,2026-05-15T01:30:57.802610
中國中科院發表全球首款雙核量子計算機,https://slashdot.org/submission/17347265/china-unveils-worlds-first-dual-core-quantum-computer,Slashdot.org,2026-05-13T23:25:12Z,據2026年5月13日科技日報報導，隸屬中國科學院的武漢冷原子科技公司宣布推出全球首台雙核量子計算機。該突破性進展標誌著中國在量子計算領域取得重大技術進展，有望推動量子計算在實際應用中的商業化發展。,True,2026-05-15T01:30:57.802612
AmpliTech Group 2026年Q1營收強勁成長，毛利率同比顯著擴張,https://www.globenewswire.com/news-release/2026/05/13/3294448/0/en/AmpliTech-Group-Reports-Strong-First-Quarter-2026-Revenue-Growth-and-Significant-Q1-Gross-Margin-Expansion-YoY.html,GlobeNewswire,2026-05-13T20:15:00Z,AmpliTech Group於2026年5月13日公布第一季度財報，報告顯示營收實現強勁成長，毛利率較去年同期出現顯著擴張。該公司作為半導體和防務電子領域供應商，季度業績表現反映出市場需求復甦和成本管控能力提升。,True,2026-05-15T01:30:57.802613
AI工廠安全治理論壇揭示Agentic AI帶來的企業安全隱患,https://siliconangle.com/2026/05/13/dell-intel-ai-factory-security-securingtheaifactory/,SiliconANGLE News,2026-05-13T19:29:14Z,根據SiliconANGLE於2026年5月13日的報導，Agentic AI（代理型人工智能）快速滲透企業領域，同時在組織內部製造嚴重安全漏洞。AI Factory（工業級數據轉化為智能的系統）的興起要求企業重新評估安全架構，應對連續智能生成過程中的安全挑戰。,True,2026-05-15T01:30:57.802615
漢病毒疫情受控 量子物理應用於代謝MRI等創新醫療技術推進,https://www.forbes.com/sites/innovationrx/2026/05/13/public-health-officials-believe-the-hantavirus-outbreak-is-under-control/,Forbes,2026-05-13T18:15:54Z,據2026年5月13日Forbes InnovationRx專欄報導，公衛官員認為漢病毒疫情已得到控制。同期業界探索將量子物理應用於代謝MRI檢測，以及AI在處方藥物調配中的應用，展現醫療與科技融合的新方向。,True,2026-05-15T01:30:57.802616
鐵山公司（IRM）2026年Q1數據中心收入同比增長47%,https://finance.yahoo.com/news/iron-mountain-incorporated-irm-posts-170203381.html,Yahoo Entertainment,2026-05-13T17:02:03Z,鐵山公司於2026年5月13日公布Q1財報，數據中心業務收入同比增長47%，顯示其在數據基礎設施領域的市場地位強化。作為數據中心REIT領導者，該公司業績增長反映出AI和雲計算應用驅動的數據中心需求旺盛。,False,2026-05-15T01:30:57.802618
貝萊德申報數位基礎設施信託（BXDC）IPO計畫,https://finance.yahoo.com/news/blackstone-bx-files-ipo-blackstone-170137677.html,Yahoo Entertainment,2026-05-13T17:01:37Z,貝萊德公司於2026年5月13日提交Blackstone Digital Infrastructure Trust（BXDC）的IPO申請。該舉措標誌著全球領先資產管理公司進一步拓展數位基礎設施投資組合，瞄準AI時代對高效能數據中心的持續需求。,False,2026-05-15T01:30:57.802619
華爾街看好COPT防務地產公司（CPOT）2026年Q1表現,https://finance.yahoo.com/news/wall-street-bullish-copt-defense-170127119.html,Yahoo Entertainment,2026-05-13T17:01:27Z,華爾街投資者於2026年5月13日對COPT Defense Properties公司的Q1成績反應積極。該自我管理型REIT專注於防務關鍵基礎設施資產，季度業績強勁反映出政府和國防部門對安全數據中心的投資增加。,False,2026-05-15T01:30:57.802621
數位房地產信託（DLR）被評為最佳數據中心REIT投資標的,https://finance.yahoo.com/news/why-digital-realty-trust-dlr-170111008.html,Yahoo Entertainment,2026-05-13T17:01:11Z,根據2026年5月13日分析師評級，數位房地產信託（DLR）因其全球數據中心資產組合的規模和盈利能力，獲評最佳數據中心REIT投資選項。該公司廣泛覆蓋AI基礎設施需求的關鍵市場，展現長期增長潛力。,False,2026-05-15T01:30:57.802624
瑞銀集團上調Equinix（EQIX）目標股價評級,https://finance.yahoo.com/news/mizuho-raises-pt-equinix-inc-170054019.html,Yahoo Entertainment,2026-05-13T17:00:54Z,據2026年5月13日報導，瑞銀分析師Vikram Malhotra於5月7日上調Equinix公司目標股價。該調整反映對全球頂級互聯互通平台營運商長期競爭優勢和AI數據中心服務增長潛力的看好預期。,False,2026-05-15T01:30:57.802625
量子計算威脅橢圓曲線密碼學，區塊鏈社區亟需後量子密碼學防禦,https://cryptobriefing.com/alex-pruden-quantum-computing-threatens-elliptic-curve-cryptography-urgent-need-for-postmodern-cryptography-and-the-bitcoin-communitys-philosophical-divide-empire/,Crypto Briefing,2026-05-13T16:49:01Z,據2026年5月13日Crypto Briefing報導，量子計算的快速進展對數位資產和金融系統安全構成緊迫威脅。專家Alex Pruden指出，橢圓曲線密碼學面臨量子破譯風險，比特幣社區需推進後量子密碼學（Post-quantum Cryptography）標準化以維護長期安全。,True,2026-05-15T01:30:57.802627
可組合架構興起：取代傳統單體平台的新趨勢,https://devops.com/the-rise-of-composable-architectures-to-replace-traditional-platforms/,DevOps.com,2026-05-13T16:46:17Z,據DevOps.com於2026年5月13日報導，隨著AI和量子運算等技術進入新數位時代，靈活模組化的可組合架構（Composable Architectures）將逐步取代傳統單體平台。開發人員和雲端專業人士需要適應這一變革，以應對日益複雜的技術需求和業務敏捷性要求。,True,2026-05-15T01:30:57.802628
TCL X11 Mini LED 電視亮度突破11000nits，但業界評價分歧,https://www.tweaktown.com/news/111589/what-is-the-purpose-of-this-brightness-race-tcl-x11-mini-led-tv-hits-a-staggering-11000-nits-but-not-everyones-impressed/index.html,TweakTown,2026-05-13T16:42:04Z,據TweakTown於2026年5月13日報導，TCL推出的X11 Mini LED電視達到創紀錄的11000nits亮度。電視專家Vincent Teoh稱此為「消費電視技術的歷史時刻」，但市場對這場「亮度競賽」的必要性仍存疑慮，引發業界對超高亮度規格實用性的討論。,True,2026-05-15T01:30:57.802629
加速X光自由電子雷射分析（XANI）用於奈米尺度材料成像,https://developer.nvidia.com/blog/accelerated-x-ray-analysis-for-nanoscale-imaging-xani-of-novel-materials/,Nvidia.com,2026-05-13T16:39:57Z,Nvidia.com於2026年5月13日發布，大規模X光自由電子雷射（XFEL）技術可追蹤新型材料系統的結構和電子動力學，應用領域涵蓋核融合材料和半導體等。該技術為奈米級材料研究和半導體製程開發提供了重要的表徵工具。,True,2026-05-15T01:30:57.802631
DigiCert以身份認證、自動化和密碼治理應對企業AI信任危機,https://siliconangle.com/2026/05/13/digicert-digital-trust-ai-governance-digicerttrustsummit/,SiliconANGLE News,2026-05-13T16:30:03Z,據SiliconANGLE News於2026年5月13日報導，企業AI發展速度超過數位信任系統的建設步伐。隨著自主代理、合成內容和機器身份在關鍵系統中擴展，組織面臨新的數位信任挑戰——驗證什麼是真實、授權的內容。DigiCert透過身份認證和密碼治理框架提供解決方案。,True,2026-05-15T01:30:57.802632
量子運算公司營收飆升9000%，但仍處產業早期階段,https://scottaaronson.blog/?p=9758,Scottaaronson.blog,2026-05-13T16:27:50Z,據Barchart.com於2026年5月13日報導，某量子運算公司營收增幅達近9000%，創造業界矚目。然而Wedbush分析認為該公司仍需進一步驗證其商業模式和技術可行性，量子運算產業整體仍處早期探索階段。,True,2026-05-15T01:30:57.802634
量子運算威脅對Bitcoin而言「主要是協調問題」：Fireblocks執行長,https://www.barchart.com/story/news/1909493/as-revenue-surges-nearly-9-000-the-quantum-computing-stock-story-is-still-in-the-early-stagesc,Barchart.com,2026-05-13T16:25:34Z,據Decrypt於2026年5月13日報導，Fireblocks執行長Michael Shaulov表示，量子運算對Bitcoin的威脅並非技術障礙，轉換至後量子密碼簽名方案（Post-Quantum Cryptographic Signature Scheme）「不是技術挑戰」。此言論強調產業協調與升級的重要性。,False,2026-05-15T01:30:57.802636
光學量子運算平台市場預估2030年達296.4億美元，受安全量子通信需求驅動,https://decrypt.co/367714/quantum-computing-threat-coordination-issue-bitcoin-fireblocks-ceo,Decrypt,2026-05-13T14:23:21Z,據Valuates Reports於2026年5月13日發布，全球光學量子運算平台市場2023年規模為47.15億美元，預期2030年達296.4億美元。安全量子通信需求成為主要驅動力，反映量子技術在資訊安全領域的商業化加速。,True,2026-05-15T01:30:57.802639
CrewAI整合Dakera AI記憶平台登陸PyPI,https://www.prnewswire.com/news-releases/optical-quantum-computing-platform-market-to-reach-usd-29-64-billion-by-2030--driven-by-secure-quantum-communication-demand--valuates-reports-302770847.html,PRNewswire,2026-05-13T14:01:00Z,CrewAI框架新增與Dakera AI記憶平台的整合功能，已發佈至PyPI軟體套件庫。此整合強化了AI代理系統的記憶管理能力，支援更複雜的多代理協作場景。,True,2026-05-15T01:30:57.802641
SEALSQ定位軌道量子安全與太空資料中心領導地位，展示後量子半導體技術,https://pypi.org/project/crewai-dakera/,Pypi.org,2026-05-13T13:12:52Z,據GlobeNewswire於2026年5月13日報導，SEALSQ Corp宣布其後量子半導體技術戰略，將聚焦軌道量子安全（Orbital Quantum Security）和太空基礎資料中心領域。該公司整合半導體、PKI和後量子技術產品，佈局量子威脅時代的安全基礎設施。,True,2026-05-15T01:30:57.802643
SEALSQ Positioned for Leadership in Orbital Quantum Security and Space-Based Data Centers with Post-Quantum Semiconductor Technology,https://www.globenewswire.com/news-release/2026/05/13/3294072/0/en/SEALSQ-Positioned-for-Leadership-in-Orbital-Quantum-Security-and-Space-Based-Data-Centers-with-Post-Quantum-Semiconductor-Technology.html,GlobeNewswire,2026-05-13T13:05:00Z,"Geneva, Switzerland, May 13, 2026 (GLOBE NEWSWIRE) -- SEALSQ Corp (NASDAQ: LAES) (""SEALSQ"" or ""Company""), a company that focuses on developing and selling Semiconductors, PKI, and Post-Quantum technology hardware and software products, today outlined its stra…",True,2026-05-15T01:30:57.802645
Rigetti Computing Q1營收440萬美元，年增近三倍，量子運算市場趨於成熟,https://cryptobriefing.com/rigetti-computing-q1-revenue-triples-yoy/,Crypto Briefing,2026-05-13T12:59:39Z,根據Crypto Briefing於2026年5月13日報導，Rigetti Computing第一季營收達440萬美元，較去年同期成長近三倍。此項成長數據反映量子運算市場正逐步走向成熟，將對科技投資配置產生重大影響，並促進加密資安創新發展。該公司營收表現預示著量子運算技術商業化進程的加速。,True,2026-05-15T01:30:57.802646
美國創新傳統面臨危機，McKinsey呼籲重建未來製造能力,https://fortune.com/2026/05/13/america-innovation-invention-reinvention-manufacturing-ai-infrastructure-mckinsey-kutcher-white/,Fortune,2026-05-13T12:30:00Z,Fortune於2026年5月13日報導，適逢美國創新250週年之際，McKinsey領導層警示美國正面臨其歷史上最具挑戰性的再創新考驗。長期以來美國不僅發明了未來，更實際建造了它，但這種連結正在斷裂。文章強調需要採取具體行動以恢復美國製造與創新的領導地位。,True,2026-05-15T01:30:57.802648
奈及利亞數位經濟面臨威脅，亟需網路安全與數位包容投資,https://punchng.com/nigerias-digital-economy-vulnerable-without-inclusion-cyber-resilience-cpn/,The Punch,2026-05-13T11:11:25Z,The Punch於2026年5月13日報導，業界專家警告奈及利亞數位經濟缺乏足夠的網路安全防護與數位包容措施，面臨重大風險。報告指出需要急迫推進網路安全防禦、數位包容、寬頻接取與數位素養等多面向改革。此警示凸顯開發中國家數位基礎設施的脆弱性與升級迫切性。,False,2026-05-15T01:30:57.802649
量子物理研究挑戰基本假設，原子或具有獨特身份特徵,https://www.scientificamerican.com/article/each-atom-in-the-universe-might-be-unique/,Scientific American,2026-05-13T10:45:00Z,Scientific American於2026年5月13日報導，物理學家開始質疑長久以來關於同位素原子無差別性的基本假設。研究人員認為具有相同質子數、中子數和電子數的原子可能存在可區分的特徵。此項探索若成立，將對量子力學基礎理論與相關應用技術產生深遠影響。,True,2026-05-15T01:30:57.802651
量子運算未來重心：從雲端存取轉向所有權與結果控制,https://www.techradar.com/pro/why-the-future-of-quantum-computing-is-about-ownership-not-just-cloud-access,TechRadar,2026-05-13T10:36:25Z,TechRadar於2026年5月13日報導指出，量子運算產業發展重心正從雲端服務模式轉向用戶自主基礎設施與成果所有權。Production Quantum概念強調用戶需掌控運算基礎設施、擁有計算結果。此轉變反映量子運算應用日趨成熟，企業對自主性與數據掌控的需求日益提升。,True,2026-05-15T01:30:57.802652
美中科技競賽升溫，美國防部2027預算達1.5兆美元強化軍事現代化,https://www.globalresearch.ca/us-china-tech-race-resource-wars/5926141,Globalresearch.ca,2026-05-13T10:18:40Z,Globalresearch.ca於2026年5月13日報導，美國防部長Pete Hegseth敦促國會批准2027年國防預算1.5兆美元，用於構建高科技現代化軍事體系以對抗中國。該預算反映美國在半導體、AI與高端運算等關鍵技術領域的軍事投資力度加大。美中科技競爭與軍事開支的相互牽動成為全球科技格局重要驅動力。,True,2026-05-15T01:30:57.802654
"Abbott領投NVision 3,800萬美元，量子癌症成像技術實時監測治療效果",https://www.forbes.com/sites/amyfeldman/2026/05/13/this-250-million-startup-tracks-how-cancer-reacts-to-treatment-in-real-time/,Forbes,2026-05-13T10:00:00Z,"Forbes於2026年5月13日報導，估值2.5億美元的新創公司NVision獲得健康診斷巨頭Abbott領投的3,800萬美元融資。NVision開發的突破性量子癌症成像系統能實時監測腫瘤對治療的反應，下一步計劃利用量子技術進行新藥設計。此項進展展示量子技術在精準醫療與生物技術領域的應用潛力。",True,2026-05-15T01:30:57.802655
AI數據中心2026研究報告：伺服器、網路互連、儲存、散熱與政策全景分析,https://www.globenewswire.com/news-release/2026/05/13/3293766/28124/en/AI-Data-Center-New-Technology-Research-Report-2026-Focus-on-Servers-and-Processors-Networks-and-Interconnects-Data-Storage-Power-and-Cooling-and-Policy-Considerations.html,GlobeNewswire,2026-05-13T09:48:00Z,GlobeNewswire於2026年5月13日發布AI數據中心技術研究報告，涵蓋伺服器處理器、網路互連、數據儲存、電力散熱及政策考量等關鍵領域。報告強調市場機會包括優化產品規劃、發揮競爭情報優勢、支持商業決策等。該研究為企業、政府、學術界與投資機構提供全面的市場洞察。,True,2026-05-15T01:30:57.802657
2026量子電腦市場：全球13家領先企業全棧量子解決方案對比分析,https://www.globenewswire.com/news-release/2026/05/13/3293752/28124/en/2026-Quantum-Computer-Markets-Who-Leads-Compare-13-Strategic-Profiles-of-Distinguished-Firms-Around-the-World-Working-to-Provide-the-Quantum-Computer-Market-with-Full-stack-Quantum.html,GlobeNewswire,2026-05-13T09:24:00Z,GlobeNewswire於2026年5月13日發布量子電腦市場報告，涵蓋全球13家在全棧量子電腦解決方案領域的戰略領先企業。報告強調市場機遇包括：借鑑全球頂級量子企業的戰略洞見、優化雲端支援、軟體與商業發展等因素。研究價值對北美、歐洲及日本的量子利益相關者具重要參考意義。,True,2026-05-15T01:30:57.802658
光子量子電腦市場前景看好，PsiQuantum與Xanadu領先創新前沿,https://www.globenewswire.com/news-release/2026/05/13/3293751/28124/en/Photonic-Quantum-Computers-Market-Research-Report-2026-PsiQuantum-and-Xanadu-are-Leading-This-Innovative-and-Promising-Frontier.html,GlobeNewswire,2026-05-13T09:21:00Z,GlobeNewswire於2026年5月13日發布光子量子電腦市場研究報告，PsiQuantum與Xanadu被列為該領域創新領導者。光子量子電腦因其與基於測量的量子運算天然關聯，具有增強糾錯能力與構建先進量子網路的優勢，成為市場主要機遇所在。該技術路線被視為量子運算發展的重要方向。,True,2026-05-15T01:30:57.802660
中性原子量子電腦研究報告2026：聚焦中性原子電腦、元件、軟體與平台發展,https://www.globenewswire.com/news-release/2026/05/13/3293750/28124/en/Neutral-Atom-Quantum-Computers-Research-Report-2026-Focus-on-Neutral-Atom-Computers-Neutral-Atom-Components-and-Subsystems-Software-Platforms-and-National-and-International-Centers.html,GlobeNewswire,2026-05-13T09:20:00Z,GlobeNewswire於2026年5月13日報導，中性原子量子運算市場機會主要分佈在廣泛產業領域而非特定應用。儘管具體應用仍在定義中，但多個產業部門已展現重大投資興趣，推動當前的探索與研發進展。該報告涵蓋中性原子電腦硬體、軟體平台及全球量子運算中心的發展現況。,True,2026-05-15T01:30:57.802661
OQC QCaaS客戶端3.22.1版本發布,https://pypi.org/project/oqc-qcaas-client/3.22.1/,Pypi.org,2026-05-13T09:12:04Z,Pypi.org於2026年5月13日發布Oxford Quantum Circuits的QCaaS（Quantum Computing as a Service）客戶端更新版本3.22.1。該版本為量子運算雲服務平台的客戶端工具更新。,True,2026-05-15T01:30:57.802662
OQC QCaaS SDK 0.1.19版本發布,https://pypi.org/project/oqc-qcaas-sdk/0.1.19/,Pypi.org,2026-05-13T08:26:33Z,Pypi.org於2026年5月13日發布Oxford Quantum Circuits的QCaaS SDK版本0.1.19。該開發工具包支援任務提交功能，為量子運算雲服務開發者提供標準化介面。,True,2026-05-15T01:30:57.802664
應用程式與編程：兩個意外的專制困境,https://andymatuschak.org/tat/,Andymatuschak.org,2026-05-13T08:09:34Z,Andymatuschak.org於2026年5月13日發表文章，探討編碼代理、可變軟體與介面創新的未來方向。文章分析軟體架構演進中的設計挑戰與機制創新。,True,2026-05-15T01:30:57.802665
量子突破助力瞬時傳輸與運算革新,https://www.sciencedaily.com/releases/2026/05/260513034640.htm,Science Daily,2026-05-13T07:55:23Z,Science Daily於2026年5月13日報導，日本科學家開發出新方法可瞬時偵測難以捕捉的量子W態，這是量子技術的重大里程碑。該突破有助於加快量子通訊、量子傳輸與高效能運算系統的發展。,True,2026-05-15T01:30:57.802669
新型量子演算法秒速解決複雜材料模擬難題,https://www.sciencedaily.com/releases/2026/05/260512202355.htm,Science Daily,2026-05-13T07:33:27Z,Science Daily於2026年5月13日報導，新開發的量子啟發式演算法已破解傳統超級電腦難以應對的巨大問題。研究人員利用該方法模擬準晶體等複雜量子材料，為新型材料設計與量子模擬應用開啟新機遇。,True,2026-05-15T01:30:57.802670
雲運算未來展望：AI、自動化與邊緣基礎設施融合,https://www.c-sharpcorner.com/article/the-future-of-cloud-computing-ai-automation-and-edge-infrastructure/,C-sharpcorner.com,2026-05-13T07:10:12Z,C-sharpcorner.com於2026年5月13日發表深度分析，探討AI、自動化與邊緣基礎設施如何革新雲運算的可擴展性、安全性與智慧運維。文章強調新技術對產業發展的關鍵驅動作用。,True,2026-05-15T01:30:57.802672
pytket 2.17.0量子運算工具包發布,https://pypi.org/project/pytket/2.17.0/,Pypi.org,2026-05-13T06:56:51Z,Pypi.org於2026年5月13日發布pytket 2.17.0版本。該工具包為量子運算開發框架，提供TKET編譯器介面，支援量子演算法設計與優化。,True,2026-05-15T01:30:57.802673
量子安全加密在.NET與Visual Studio中的應用與影響,https://www.c-sharpcorner.com/article/quantum-safe-security-in-net-and-visual-studio-what-it-means-for-developers/,C-sharpcorner.com,2026-05-13T06:49:24Z,"C-sharpcorner.com於2026年5月13日發表文章，探討.NET與Visual Studio中的量子安全加密（Post-Quantum Cryptography, PQC）實現方案。文章闡述微軟的量子安全策略及對開發者的實踐指導。",True,2026-05-15T01:30:57.802674
WISeKey推動全球HUMAN-AI-T運動，倡議道德與人文治理AI,https://www.globenewswire.com/news-release/2026/05/13/3293640/0/en/WISeKey-Expands-the-Global-HUMAN-AI-T-Into-a-Global-Movement-Following-Davos-2026-Launch-Calling-for-Ethical-and-Human-Governed-AI.html,GlobeNewswire,2026-05-13T05:00:00Z,GlobeNewswire於2026年5月13日報導，WISeKey於達沃斯2026論壇後正式啟動全球HUMAN-AI-T運動。該倡議聚焦於建立道德規範與人文監管的AI治理框架，推動AI技術的負責任發展。,True,2026-05-15T01:30:57.802676
越南計畫開發國內雲平台，減少政府工作負載對海外營運商的依賴,https://www.theregister.com/public-sector/2026/05/13/vietnam-to-develop-domestic-cloud-so-it-can-ditch-risky-overseas-operators-for-government-workloads/5239269,Theregister.com,2026-05-13T03:44:46Z,根據Theregister.com報導（2026年5月13日），越南政府計畫開發自主雲平台以強化資料安全。越南當局目標在2035年前實現「基於即時資訊的資料驅動決策」能力，透過建置國內雲基礎設施來降低對國外營運商的依賴風險。此舉反映出各國對資訊安全與戰略自主的重視。,True,2026-05-15T01:30:57.802677
美股因通膨數據與地緣政治緊張而回檔,https://liveindia.tv/business/us-stock-market-slips-as-hot-inflation-iran-tensions-trigger-selloff-in-tech-shares/,Liveindia.tv,2026-05-13T02:29:35Z,根據Liveindia.tv報導（2026年5月13日），美國股市因通膨數據黏性上升與伊朗局勢緊張而大幅回調。投資者對經濟成長與貨幣政策前景的擔憂導致先前強勁漲勢中斷。此波調整反映市場對多重風險因素的重新評估。,True,2026-05-15T01:30:57.802679
NECO奈及利亞25年發展歷程：改革、挑戰與數位轉型願景,https://punchng.com/inside-necos-25-years-of-growth-reforms-challenges/,The Punch,2026-05-14T00:01:33Z,根據The Punch報導（2026年5月14日），NECO奈及利亞教育考試委員會回顧其25年發展軌跡。該機構面臨考試舞弊、管理改革等挑戰，同時積極推進數位化轉型。此案例反映非洲教育產業現代化的複雜進程。,False,2026-05-15T01:30:58.151242
AP Memory Q1 2026淨利翻倍，S-SiCap與IoTRAM拉動營收成長,https://www.digitimes.com/news/a20260513PD207/ap-memory-profit-revenue-shipments-2026.html,Digitimes,2026-05-13T23:43:31Z,根據Digitimes報導（2026年5月13日），台灣記憶體廠商AP Memory第一季淨利成長91%至新台幣6.6億元。該公司受惠於S-SiCap矽電容與IoTRAM客製化記憶體的量產成熟與市場需求強勁。此成長顯示特用記憶體產品在AI及IoT應用的強勁動能。,True,2026-05-15T01:30:58.151255
奈米石墨烯公司NanoXplore公布2026年第三季財務成績,https://financialpost.com/globe-newswire/nanoxplore-reports-results-for-its-q3-2026,Financial Post,2026-05-13T20:30:48Z,根據Financial Post報導（2026年5月13日），石墨烯領導廠商NanoXplore Inc.公布截至2026年3月31日的季度及九個月財務結果。該公司為全球頂級石墨烯材料製造商，股票在TSX與OTCQX掛牌交易。此報告反映先進材料產業的市場動態。,False,2026-05-15T01:30:58.151259
NanoXplore公布2026年第三季財務成績,https://www.globenewswire.com/news-release/2026/05/13/3294463/0/en/NanoXplore-Reports-Results-for-its-Q3-2026.html,GlobeNewswire,2026-05-13T20:30:00Z,根據GlobeNewswire報導（2026年5月13日），全球領先石墨烯企業NanoXplore Inc.公布截至2026年3月31日的三個月及九個月期間財務成績。該公司在TSX與OTCQX交易，為先進材料領域的重要參與者。本報告涵蓋該期間的營運與財務狀況。,True,2026-05-15T01:30:58.151262
Enovix 2026年第一季成績：矽陽極智慧眼鏡電池量產、手機認證持續推進,https://www.globenewswire.com/news-release/2026/05/13/3294410/0/en/Enovix-Reports-First-Quarter-2026-Results.html,GlobeNewswire,2026-05-13T20:05:00Z,根據GlobeNewswire報導（2026年5月13日），電池創新廠商Enovix宣布啟動矽陽極智慧眼鏡電池的商業量產，同時推進智慧手機認證進程。該公司的矽陽極電池技術代表下一代高能量密度儲能解決方案，應用潛力涵蓋穿戴式與行動裝置領域。,True,2026-05-15T01:30:58.151263
FormFactor蟬聯13年第一，成為Test Subsystems全球標竿企業,https://www.globenewswire.com/news-release/2026/05/13/3294412/0/en/FormFactor-Sets-the-Global-Standard-as-1-in-Test-Subsystems-and-Focused-Chip-Making-Equipment.html,GlobeNewswire,2026-05-13T20:05:00Z,根據GlobeNewswire報導（2026年5月13日），半導體測試設備龍頭FormFactor連續13年獲得客戶在Test Subsystems產品的認可。此殊榮彰顯該公司在晶片製造測試領域的持續領先地位與客戶信任度。,True,2026-05-15T01:30:58.151265
美光推出256GB DDR5 RDIMM，傳輸速率達9200 MT/s瞄準AI應用,https://hothardware.com/news/micron-samples-256gb-ddr5-rdimms-9200mts,Hot Hardware,2026-05-13T18:55:00Z,根據HotHardware報導（2026年5月13日），美光宣布採樣256GB DDR5 RDIMM記憶體模組，傳輸速率達9200 MT/s。單根記憶體容量達256GB，瞄準高效能AI運算、資料中心應用。此發展突破傳統DDR5效能瓶頸，加速新世代高頻寬記憶體標準普及。,False,2026-05-15T01:30:58.151266
MacBook Neo深度評析：基準測試、晶圓經濟學與8GB容量探討,https://www.jdhodges.com/blog/macbook-neo-benchmarks-analysis/,Jdhodges.com,2026-05-13T18:30:51Z,"根據Jdhodges.com報導（2026年5月13日），$599美元MacBook Neo搭載A18 Pro處理器，Geekbench 6單核心成績達3,569分，介於M3與M4效能間。文章涵蓋CPU效能基準、功耗與熱管理詳細分析。此機型的8GB記憶體配置策略引發產業討論。",True,2026-05-15T01:30:58.151268
Apple M7 MacBook晶片採用Intel 18A-P製程，iPhone採14A製程,https://www.techpowerup.com/349020/apple-taps-intel-18a-p-node-for-m7-macbook-chip-14a-node-for-iphone,Techpowerup.com,2026-05-13T18:16:08Z,根據GF Securities於2026年5月13日發布的研究報告，Apple將在其產品線中同時採用Intel的18A-P與14A先進製程。其中M7 SoC將採用Intel的18A-P製程用於MacBook Air等產品，展現Intel先進製程在消費級運算市場的應用潛力，對Intel代工業務(IDM)的商業化具有重要意義。,False,2026-05-15T01:30:58.151269
TSMC列為2026年AI股王牌：億萬富翁Tepper看好營收強勁成長,https://finance.yahoo.com/news/taiwan-semiconductor-manufacturing-company-limited-170242427.html,Yahoo Entertainment,2026-05-13T17:02:42Z,據Yahoo Entertainment報導(2026年5月13日)，億萬富翁投資家David Tepper將台灣半導體製造公司(TSMC)列為2026年最值得買進的AI股票之一。Tepper的評估基於TSMC在AI晶片代工領域的領先地位與營收成長動能，反映市場對AI運算需求持續擴張的樂觀預期。,False,2026-05-15T01:30:58.151271
華碩Prime Z890-P Wifi主機板評測：搭配Intel Core Ultra處理器的預算之選,https://www.tomshardware.com/pc-components/motherboards/asus-prime-z890-p-wifi-motherboard-review,Tom's Hardware UK,2026-05-13T15:39:04Z,Tom's Hardware UK於2026年5月13日發表評測報告，指出華碩Prime Z890-P Wifi是Z890晶片組與最新Core Ultra處理器的平衡型預算方案。儘管產品定位穩健，但評測認為同價位的競品提供更具競爭力的功能與性價比，買家應綜合評估市場選項。,True,2026-05-15T01:30:58.151272
Intel vs NVIDIA 2026年投資選擇：AI主導力對決製程翻身潛力,https://www.ibtimes.com.au/nvidia-vs-intel-ai-investment-dilemma-2026-1868756,Ibtimes.com.au,2026-05-13T15:29:45Z,Ibtimes.com.au於2026年5月13日發布分析，投資者面臨NVIDIA強勁AI成長優勢與Intel高風險高回報翻身機會的兩難。NVIDIA維持AI市場領導地位與穩健成長，而Intel則以先進製程(18A-P等)與代工擴張提供翻身潛力，兩者代表不同風險收益特徵。,False,2026-05-15T01:30:58.151274
"全球家具市場規模預估2031年達6,486億美元，年複合成長率4.09%",https://www.globenewswire.com/news-release/2026/05/13/3294221/0/en/Home-Furniture-Market-Size-USD-646-86-Billion-by-2031-with-Living-Dining-Furniture-Segment-Accounting-for-32-74-Market-Share-in-2025-Says-Mordor-Intelligence.html,GlobeNewswire,2026-05-13T15:13:00Z,"據Mordor Intelligence於2026年5月13日發布的市場分析，全球家具市場受模組化居住解決方案、新興城市零售擴張及年輕消費族群購屋需求驅動，預期至2031年市場規模達6,486億美元。居家與餐飲家具部分在2025年佔有32.74%市場份額，為成長主軸。",True,2026-05-15T01:30:58.151276
auto-attendance程式庫上架PyPI：具反偽造檢測的實時臉部辨識考勤系統,https://pypi.org/project/auto-attendance/,Pypi.org,2026-05-13T14:25:31Z,auto-attendance於2026年5月13日上架Python Package Index(PyPI)，為專業級實時臉部辨識考勤系統，整合防偽造(anti-spoofing)檢測技術。該工具適用於企業與機構考勤管理自動化場景，提升辨識準確性與系統安全性。,True,2026-05-15T01:30:58.151277
TekniPlex Healthcare於Pharma Days 2026展示可回收藥品泡殼包裝方案,https://financialpost.com/globe-newswire/tekniplex-healthcare-to-present-recyclable-blister-packaging-solutions-at-the-pharma-days-2026,Financial Post,2026-05-13T14:23:59Z,TekniPlex Healthcare將於2026年Pharma Days發表簡報(2026年5月13日)，重點介紹符合PPWR最小化要求的可回收與回收藥品級泡殼創新技術。同時展示先進阻隔材料與擴展型多劑量小瓶能力，反映製藥包裝產業對永續性與法規遵循的關注。,False,2026-05-15T01:30:58.151278
TekniPlex Healthcare於Pharma Days 2026展示可回收藥品泡殼包裝方案,https://www.globenewswire.com/news-release/2026/05/13/3294170/0/en/TekniPlex-Healthcare-to-Present-Recyclable-Blister-Packaging-Solutions-at-The-Pharma-Days-2026.html,GlobeNewswire,2026-05-13T14:22:00Z,TekniPlex Healthcare將於2026年Pharma Days發表簡報(2026年5月13日)，重點介紹符合PPWR最小化要求的可回收與回收藥品級泡殼創新技術。同時展示先進阻隔材料與擴展型多劑量小瓶能力，反映製藥包裝產業對永續性與法規遵循的關注。,True,2026-05-15T01:30:58.151280
全球無麩質食品市場2033年預估達115億美元，年複合成長率6.9%,https://www.prnewswire.com/news-releases/gluten-free-food-market-to-reach-us-11-5-billion-by-2033-expands-amid-rising-health-awareness-and-clean-label-innovation--persistence-market-research-302770994.html,PRNewswire,2026-05-13T14:01:00Z,Persistence Market Research於2026年5月13日發布市場研究，全球無麩質食品市場2026年估值72億美元，預期2033年達115億美元，年複合成長率6.9%。市場擴張驅力包括健康意識提升與Clean-label產品創新，為食品產業的結構性成長趨勢。,True,2026-05-15T01:30:58.151281
巴西、俄羅斯、印度、中國、南非廢棄物重利用能力評估與對比,https://theconversation.com/brazil-russia-india-china-and-south-africa-how-they-stack-up-on-reusing-waste-278104,The Conversation Africa,2026-05-13T13:36:05Z,The Conversation Africa於2026年5月13日刊登分析，探討金磚五國在循環經濟廢棄物管理的表現差異。循環經濟模式打破傳統『開採-製造-棄置』線性流程，強調產品生命週期延長與物資重複利用，各國採行力度與政策支持程度各異。,True,2026-05-15T01:30:58.151283
ZJK推出下一代冷鍛模具，賦能AI與高端工業應用,https://www.globenewswire.com/news-release/2026/05/13/3294030/0/en/ZJK-Launches-Next-Generation-Cold-Forging-Dies-Empowering-AI-and-High-End-Industrial-Applications.html,GlobeNewswire,2026-05-13T13:00:00Z,深圳ZJK工業公司（納斯達克代碼：ZJK）於2026年5月13日宣佈推出新一代Cold Forging Dies產品。該公司專注於為AI基礎設施、消費電子、電動車及航空航太等領域提供高精密零件與硬體解決方案。此舉彰顯ZJK在精密製造領域的技術領先地位，有助於滿足AI時代對高端工業零組件的急速成長需求。,True,2026-05-15T01:30:58.151284
美國遺產中學2026級學生創紀錄獲頂級大學錄取,https://www.prnewswire.com/news-releases/american-heritage-schools-celebrates-class-of-2026-for-earning-coast-to-coast-acceptances-to-the-nations-top-universities-302770502.html,PRNewswire,2026-05-13T12:44:00Z,美國遺產中學（American Heritage Schools）於2026年5月13日宣佈，2026級學生創造歷史性紀錄，獲得美國頂級大學與學院的創紀錄錄取數。該校位於佛羅里達州勞德代堡與博卡拉頓地區，此成就反映其卓越的教育品質與升學指導能力。,True,2026-05-15T01:30:58.151285
Digimarc公司2026年第一季度財報電話會議摘要,https://app.moby.co/home/research/tools/earningsCalendar/earnings-digimarc-corporation-q1-2026-earnings-call-summary?utm_source=yahoo_finance&amp;utm_medium=rss,Moby.co,2026-05-13T12:30:00Z,根據Moby.co於2026年5月13日發佈的摘要，Digimarc Corporation召開了2026年第一季度財報電話會議。本次會議涵蓋公司Q1業績表現與經營策略。（詳細內容需查閱完整財報以獲取更深入的財務與策略分析。）,False,2026-05-15T01:30:58.151287
Google最新Nest Doorbell在Best Buy開箱品優惠價格，折扣近百美元,http://9to5toys.com/2026/05/13/google-latest-nest-doorbell-on-sale/,9to5Toys,2026-05-13T12:28:14Z,"9to5Toys於2026年5月13日報導，Google最新款Nest Doorbell（Wired, 3rd Gen）在Best Buy開箱品（excellent condition）提供深度折扣優惠。雖然Amazon與其他零售商亦有降價活動，但Best Buy的開箱品價格目前最具競爭力，為消費者提供採購高品質智慧門鈴的絕佳機會。",True,2026-05-15T01:30:58.151288
川普、習近平與供應鏈風險的策略性重新評估,https://logisticsviewpoints.com/2026/05/13/trump-xi-and-the-strategic-repricing-of-supply-chain-risk/,Logisticsviewpoints.com,2026-05-13T12:26:06Z,Logisticsviewpoints.com於2026年5月13日發表分析指出，台灣、荷姆茲海峽、AI基礎設施與貿易政策已不再是孤立的地緣政治議題，而是全球供應鏈策略的操作變數。川普總統與中國習近平主席的即將召開的峰會，應被視為重新評估供應鏈風險並重新定價的關鍵機遇。,False,2026-05-15T01:30:58.151290
CIBF2026在深圳開幕，展示全球能源儲存價值鏈下一代電池技術,https://www.prnewswire.com/news-releases/cibf2026-opens-in-shenzhen-showcasing-next-generation-battery-technologies-across-the-global-energy-storage-value-chain-302770870.html,PRNewswire,2026-05-13T11:46:00Z,第18屆中國國際電池展覽會（CIBF2026）於2026年5月13日在深圳世界展覽與會議中心正式揭幕，規模為歷年最大。本次展會首次與第四屆儲能技術與應用展同期舉辦，展示了Battery Technologies、Energy Storage等領域的最新進展，為全球能源儲存產業提供了重要的交流與合作平台。,True,2026-05-15T01:30:58.151291
Kulicke and Soffa (KLIC)受惠於Advanced Packaging市場復甦,https://consent.yahoo.com/v2/collectConsent?sessionId=1_cc-session_377160ab-8321-40b3-8a9b-c6bf13ab27a4,Yahoo Entertainment,2026-05-13T11:19:51Z,Yahoo Entertainment於2026年5月13日報導，半導體封裝設備製造商Kulicke and Soffa Industries (KLIC)正從Advanced Packaging技術市場的復甦中獲利。隨著Hybrid Bonding、chiplet等先進封裝技術的需求增長，KLIC作為關鍵設備供應商的市場前景向好。,False,2026-05-15T01:30:58.151292
Onto Innovation (ONTO)因Advanced Node與Packaging需求持續增長,https://consent.yahoo.com/v2/collectConsent?sessionId=1_cc-session_f6b4af84-6d2f-4632-ad19-85a5cb3ffe4e,Yahoo Entertainment,2026-05-13T11:19:51Z,Yahoo Entertainment於2026年5月13日指出，半導體製程設備廠商Onto Innovation (ONTO)正受益於Advanced Node製程與Advanced Packaging技術的旺盛需求。隨著台積電、Samsung等晶圓代工廠擴大先進製程與先進封裝產能，ONTO的CMP及其他關鍵設備銷售機會大增。,False,2026-05-15T01:30:58.151294
天然樹脂市場規模預計2035年超越32.3億美元，膠粘劑與包裝應用需求推動,https://www.globenewswire.com/news-release/2026/05/13/3293804/0/en/Gum-Rosin-Market-Size-to-Surpass-USD-3-23-Billion-by-2035-Owing-to-Rising-Demand-from-Adhesives-and-Packaging-Industries-Research-by-SNS-Insider.html,GlobeNewswire,2026-05-13T10:30:00Z,SNS Insider於2026年5月13日發佈研究報告指出，歐洲天然樹脂（Gum Rosin）市場預計從2025年的4.7億美元增長至2035年的7.6億美元，複合年增長率達4.98%。市場增長主要由膠粘劑、橡膠、印刷油墨及紙張應用中對可持續與生物基材料的需求增加所驅動。,True,2026-05-15T01:30:58.151295
Voyager ASGCT晚期公告：VY1706單次靜脈注射耐受性良好，3月GLP毒理學數據顯示Tau蛋白降低,https://www.globenewswire.com/news-release/2026/05/13/3293787/36461/en/Voyager-ASGCT-Late-Breaker-Single-IV-Dose-of-VY1706-Well-Tolerated-Reduced-Tau-in-3-Month-GLP-Toxicology-Data-Clinical-Trial-in-Alzheimer-s-Disease-Expected-H2-2026.html,GlobeNewswire,2026-05-13T10:01:00Z,Voyager Therapeutics於2026年5月13日在ASGCT會議上發佈晚期公告，VY1706基因療法產品單次靜脈注射（IV）顯示良好耐受性，3個月GLP毒理學數據證實其降低Tau蛋白的作用。IND申請程序按計劃於2026年Q2進行，臨床試驗預計於H2 2026在阿茲海默症患者中啟動，標誌著該神經變性疾病治療領域的重大進展。,True,2026-05-15T01:30:58.151296
EufyMake E1：UV Inkjet 3D列印機商業化應用分析,https://me.pcmag.com/en/3d-printers/37084/eufymake-e1,PCMag.com,2026-05-13T10:00:00Z,根據PCMag.com於2026年5月13日報導，UV Inkjet列印技術已在商業應用中存在數十年，廣泛應用於標誌製作和包裝製造等領域，設備成本通常在1萬美元以上。與成本低至200美元的絲材和樹脂型3D列印機相比，EufyMake E1代表了該技術向消費市場的突破性進展，有望改變3D列印的產業格局。,True,2026-05-15T01:30:58.151298
EufyMake E1：UV Inkjet 3D列印機商業化應用分析,https://uk.pcmag.com/3d-printers/164908/eufymake-e1,PCMag.com,2026-05-13T10:00:00Z,根據PCMag.com於2026年5月13日報導，UV Inkjet列印技術已在商業應用中存在數十年，廣泛應用於標誌製作和包裝製造等領域，設備成本通常在1萬美元以上。與成本低至200美元的絲材和樹脂型3D列印機相比，EufyMake E1代表了該技術向消費市場的突破性進展，有望改變3D列印的產業格局。,True,2026-05-15T01:30:58.151299
Intel與Apple達成代工協議，儘管CPU市場預測達800億美元,https://finance.yahoo.com/news/intel-slips-despite-80-billion-094604367.html,Yahoo Entertainment,2026-05-13T09:46:04Z,根據Yahoo Entertainment於2026年5月13日報導，Intel與Apple達成重大代工協議，為Intel的晶圓代工業務提供有力支撐。儘管該協議具有戰略意義，但Intel股價在周二仍呈下跌，反映出市場對該公司整體表現的謹慎態度，儘管CPU市場規模預測高達800億美元。,False,2026-05-15T01:30:58.151303
Fourier強調系統級整合轉變，2026台北Advanced Liquid Cooling Technologies會議,https://www.prnewswire.com/news-releases/fourier-highlights-system-level-integration-shift-at-2026-advanced-liquid-cooling-technologies-conference-in-taipei-302770761.html,PRNewswire,2026-05-13T09:37:00Z,根據PRNewswire於2026年5月13日報導，模組化資料中心公司Fourier在台北舉辦的2026 Advanced Liquid Cooling Technologies Conference中展示其整合系統架構。作為專注於AI和HPC基礎設施的供應商，Fourier的展示反映了資料中心散熱與系統設計的系統級整合趨勢，對於高效能運算產業具有重要意義。,True,2026-05-15T01:30:58.151305
智慧車新技術應用分析：仿生攝影機、Vision-LiDAR融合感測器、聽覺感測器,https://www.globenewswire.com/news-release/2026/05/13/3293723/28124/en/Intelligent-Vehicle-New-Technology-Application-Analysis-Report-2025-2026-Bionic-Cameras-Vision-LiDAR-Fusion-Sensors-Auditory-Sensors.html,GlobeNewswire,2026-05-13T08:38:00Z,根據GlobeNewswire於2026年5月13日報導，2025-2026年新興感測技術應用機會包括仿生攝影機、多通道及融合型LiDAR、4D/5D雷達、太赫茲視覺感測器和聽覺感測器等。這些先進感測技術透過增強車輛感知能力，對自動駕駛與行車安全的提升具有顯著推動作用。,True,2026-05-15T01:30:58.151306
"Micron推出最快DDR5 RDIMM，256GB模組達9,200 MT/s，功耗效率提升40%",https://www.tweaktown.com/news/111582/micron-ships-its-fastest-ddr5-rdimms-yet-with-256gb-modules-hitting-9200-mt-s-and-40-percent-better-power-efficiency/index.html,TweakTown,2026-05-13T05:27:06Z,"根據TweakTown於2026年5月13日報導，Micron推出256GB DDR5 RDIMM模組，採用1-gamma製程製造，速率達9,200 MT/s，功耗效率相較現有量產DDR5模組提升超過40%。該產品代表Micron在高容量、高速記憶體領域的重要進展，對伺服器和資料中心應用具有重要意義。",False,2026-05-15T01:30:58.151308
韓國Hanwha Semitech供應FO-PLP設備予SpaceX關聯晶片生產,https://www.digitimes.com/news/a20260513PD221/equipment-hanwha-production-foplp-packaging.html,Digitimes,2026-05-13T02:53:09Z,根據Digitimes於2026年5月13日報導，南韓半導體設備廠Hanwha Semitech預計於2026下半年供應Fan-Out Panel-Level Packaging (FO-PLP)設備用於先進晶片封裝。該設備預期用於SpaceX相關專案的批量生產，反映FO-PLP技術在先進封裝領域的重要地位與市場需求的成長。,True,2026-05-15T01:30:58.151309
台灣半導體供應鏈4月表現正面，AI需求驅動生態系全面成長,https://www.digitimes.com/news/a20260512VL216/taiwan-monthly-tracker-semiconductor-industry-packaging-revenue.html,Digitimes,2026-05-13T02:18:32Z,根據Digitimes於2026年5月13日報導，238家台灣上市半導體與相關企業中，73%（173家）在2026年4月實現年增正成長，58%（139家）達成月增正成長。記憶體廠商、AI伺服器組裝商及先進封裝產業表現尤為突出，顯示AI需求已成為驅動台灣半導體生態系增長的核心動力。,True,2026-05-15T01:30:58.151310
Ableprint創Q1獲利新高，CPO訂單預計6月啟動量產,https://www.digitimes.com/news/a20260512PD240/profit-revenue-cpo-packaging-2026.html,Digitimes,2026-05-13T02:00:00Z,根據Digitimes於2026年5月13日報導，Ableprint報告2026年第一季營收與獲利創新高，客戶已安裝並驗證新型先進封裝產線，高端製程設備出貨擴增。公司表示Co-Packaged Optics (CPO)相關需求已啟動，訂單預計於6月開始量產，CPO技術應用於資料中心光學整合封裝的市場需求明顯上升。,True,2026-05-15T01:30:58.151312
AMD Ryzen 9 9950X3D2 Dual Edition評測：全核全快取但價格高企,https://www.pcgamer.com/hardware/processors/amd-ryzen-9-9950x3d2-dual-edition-review/,PC Gamer,2026-05-13T16:28:06Z,根據PC Gamer於2026年5月13日報導，AMD Ryzen 9 9950X3D2 Dual Edition採用3D堆疊快取技術提供全核心配置與大容量L3快取，性能表現優異。然而，該處理器定價策略相對激進，反映了高端CPU市場對先進製程與3D快取技術溢價的定位，可能影響消費級市場的購買意願。,True,2026-05-15T01:30:58.584288
QuickLogic 宣布新增 FPGA Hard IP 合約，價值 270 萬美元,https://www.prnewswire.com/news-releases/quicklogic-announces-new-seven-figure-fpga-hard-ip-contract-302770512.html,PRNewswire,2026-05-13T11:03:00Z,根據 PRNewswire 2026 年 5 月 13 日報導，QuickLogic 獲得一份價值 270 萬美元的 FPGA Hard IP 合約，營收認列期間從 2026 年第二季延伸至 2027 年第一季。該合約採用 GlobalFoundries 12LP 製程，預計於 2026 年進行流片（tape-out）。此合約展現 QuickLogic 在先進製程 FPGA IP 設計領域的競爭力，有助於鞏固其在可配置晶片市場的地位。,True,2026-05-15T01:30:58.584297
Android Quick Share 與 AirDrop 相容性受限，部分裝置無法支援,https://www.phonandroid.com/compatibilite-quick-share-et-airdrop-votre-smartphone-android-ne-pourra-peut-etre-pas-en-profiter-voici-pourquoi.html,Phonandroid,2026-05-13T07:45:50Z,據 Phonandroid 2026 年 5 月 13 日報導，Quick Share 與 AirDrop 的跨平台相容性逐步推出，但並非所有 Android 裝置都能受益。相容性限制涉及硬體規格與軟體版本要求，影響用戶的檔案分享體驗。此限制反映了行動生態系統碎片化的現狀，以及廠商間協議的複雜性。,True,2026-05-15T01:30:58.584299
Alienware 16X Aurora 2026 評測：新配置性能升級伴隨價格上揚,https://www.notebookcheck.net/Alienware-16X-Aurora-2026-review-Newer-features-for-a-bigger-price.1292753.0.html,Notebookcheck.net,2026-05-14T01:29:00Z,根據 Notebookcheck.net 2026 年 5 月 14 日評測，Alienware 16X Aurora 搭載新款 CPU、GPU 及 OLED 螢幕等升級配置。該機型現可選配 GeForce RTX 5070 Ti 與 OLED 顯示屏，但配置完整版本價格超過 3000 美元。儘管性能提升明顯，價格上升幅度較大，定位為中高階遊戲筆電。,True,2026-05-15T01:30:58.930658
CAPTCHA 25 年存續之謎：即使面臨 AI 破解仍屹立不搖,https://levtech.jp/media/detail_859/,Levtech.jp,2026-05-14T01:25:54Z,根據 Levtech.jp 2026 年 5 月 14 日報導，CAPTCHA 驗證機制儘管在 AI 時代面臨破解威脅，但仍保持生命力。報導特邀明治大學專任教授菊池浩明，該教授為網路安全研究專家，專精於網路安全、隱私保護資料挖掘與加密協議。此分析揭示 CAPTCHA 不斷演進以對抗 AI 識別的技術迭代策略。,True,2026-05-15T01:30:58.930667
Intel Core Ultra 7 268V GPU 驅動程式 32.0.101.8737 64 位版本發佈,https://drivers.softpedia.com/get/GRAPHICS-BOARD/INTEL/Intel-Core-Ultra-7-268V-CPU-Graphics-Driver-32-0-101-8737-64-bit.shtml,Softpedia.com,2026-05-14T01:22:01Z,根據 Softpedia.com 2026 年 5 月 14 日報導，Intel 通用驅動程式 32.0.101.8737 版本推出，提供最新功能增強與錯誤修復。該驅動支援 Intel Core Ultra 7 268V 處理器的整合 GPU，通常超越 OEM 客製化驅動的更新進度。通用驅動適合尋求最新特性的使用者，惟部分平台特定功能可能需由原廠驅動補充。,False,2026-05-15T01:30:58.930670
yantrikdb-hermes-plugin 0.4.5：輕量級自維護記憶體外掛發佈,https://pypi.org/project/yantrikdb-hermes-plugin/0.4.5/,Pypi.org,2026-05-14T01:18:19Z,根據 Pypi.org 2026 年 5 月 14 日公告，yantrikdb-hermes-plugin 0.4.5 版本發佈，為 Hermes Agent 提供自維護記憶體功能。該外掛內嵌 YantrikDB 引擎，包體積約 10 MB，無需伺服器、API token 或 GPU 支援。功能包括重複項正規化、矛盾檢測、近度感知排序與回憶解釋，適合邊緣運算應用。,True,2026-05-15T01:30:58.930672
Acer Swift 16：雙冷卻系統確保高效散熱與穩定效能,https://www.edivaldobrito.com.br/acer-swift-16-potencia-e-resfriamento-eficiente-mesmo-sob-estresse/,Edivaldobrito.com.br,2026-05-14T01:12:50Z,據 Edivaldobrito.com.br 2026 年 5 月 14 日報導，Acer Swift 16 採用雙冷卻系統設計，即使在極限負載下仍能保持低溫運作。該散熱架構結合風冷與熱管技術，有效提升長時間高負載場景下的系統穩定性。此設計展現 Acer 在輕薄本散熱工程的進展。,True,2026-05-15T01:30:58.930673
Cerebras 股價開盤飆升至 350 美元，較發行價上漲 89%,https://siliconangle.com/2026/05/13/cerebras-stock-almost-doubles-initial-offering-price-biggest-tech-ipo-years-raised-55b/,SiliconANGLE News,2026-05-14T01:12:34Z,根據 SiliconANGLE News 2026 年 5 月 14 日報導，AI 晶片製造商 Cerebras Systems Inc. 上市首日股價開盤於 350 美元，較 185 美元發行價上漲 89%，創近年科技 IPO 最佳開盤表現。此 IPO 融資規模達 55 億美元，為年度最大科技上市案，反映投資人對 AI 晶片製造商的強勁需求與市場前景看好。,True,2026-05-15T01:30:58.930675
Cerebras 定價 185 美元進行近年最大科技 IPO 募資,https://siliconangle.com/2026/05/13/cerebras-prices-shares-185-ahead-biggest-tech-ipo-years/,SiliconANGLE News,2026-05-14T01:12:34Z,根據 SiliconANGLE News 2026 年 5 月 14 日報導，AI 晶片廠商 Cerebras Systems Inc. 將 IPO 發行價訂定為 185 美元，遠高於預期區間 150-160 美元。此訂價策略反映市場對其專用 AI 加速晶片技術的強勁需求。本 IPO 為 2026 年最具期待的科技上市案，突顯 AI 晶片產業的戰略重要性與投資熱度。,True,2026-05-15T01:30:58.930676
wisent-compute 0.4.110：GPU 工作隊列與運算管理工具發佈,https://pypi.org/project/wisent-compute/0.4.110/,Pypi.org,2026-05-14T01:12:07Z,根據 Pypi.org 2026 年 5 月 14 日公告，wisent-compute 0.4.110 版本發佈，提供 Wisent GPU 工作負載的隊列與運算管理功能。該工具簡化 GPU 叢集資源調度與任務編排，適用於機器學習與科學運算應用場景。,True,2026-05-15T01:30:58.930677
軟銀、Arm併購Cerebras遭拒，AI芯片公司IPO估值高出出價近七成,https://tw.news.yahoo.com/%E6%83%B3%E6%92%BF%E4%BE%BF%E5%AE%9C%E8%A2%AB%E5%B8%82%E5%A0%B4%E4%BF%AE%E7%90%86-%E8%BB%9F%E9%8A%80-arm%E4%BD%B5%E8%B3%BCcerebras%E6%8F%90%E8%AD%B0%E9%81%AD%E6%8B%92-ipo%E5%B8%82%E5%80%BC%E9%82%84%E6%AF%94%E5%87%BA%E5%83%B9%E9%AB%98%E8%BF%917%E6%88%90-090753397.html,Yahoo Entertainment,2026-05-14T01:07:53Z,據Yahoo Entertainment報導（2026年5月14日），Cerebras在IPO前拒絕了軟銀與Arm的併購提議。該公司以185美元超預期定價上市，市值達564億美元，較軟銀原出價估值高近七成，顯示市場對AI芯片企業前景的樂觀預期。此案例反映出AI基礎設施領域投融資的市場熱度與估值差異。,False,2026-05-15T01:30:58.930679
Google Cloud推出Cloud Storage Rapid，強化AI訓練與推論工作負載的儲存效能,https://www.ithome.com.tw/news/175804,Ithome.com.tw,2026-05-14T01:05:47Z,Google Cloud發佈新儲存服務Cloud Storage Rapid，旨在解決AI基礎架構中日益突顯的儲存瓶頸（IT Home報導，2026年5月14日）。隨著企業部署大規模AI模型與推論服務，GPU/TPU運算資源常因資料供應或檢查點寫入速度不足而效能受限。該方案針對企業級AI代理與大模型訓練優化儲存性能，成為AI基礎建設的關鍵組件。,True,2026-05-15T01:30:58.930681
Intel Core Ultra 7 356H CPU圖形驅動程式32.0.101.8737 64位版本發佈,https://drivers.softpedia.com/get/GRAPHICS-BOARD/INTEL/Intel-Core-Ultra-7-356H-CPU-Graphics-Driver-32-0-101-8737-64-bit.shtml,Softpedia.com,2026-05-14T01:04:01Z,Softpedia發佈Intel通用顯卡驅動更新（2026年5月14日）。該驅動版本包含最新功能增強與bug修復，為OEM廠商提供可自訂化的基礎驅動方案。通用驅動與OEM客製化驅動並行提供，以滿足不同平台與硬體配置的需求。,False,2026-05-15T01:30:58.930682
阿里巴巴首次公開AI收入，儘管業績不達預期但紐約股市飆漲8%,https://zdnet.co.kr/view/?no=20260514100206,Zdnet.co.kr,2026-05-14T01:03:05Z,阿里巴巴集團於2026年5月13日發佈季度財報（ZDNet Korea報導），儘管營收未達預期，但股價在紐約交易所上漲8.18%至145.81美元。市場焦點轉向公司首次披露的AI相關收入與雲計算業務增長動能，投資者看重其向AI基礎設施企業轉型的長期潛力，而非短期業績表現。,True,2026-05-15T01:30:58.930684
七彩虹iGame M16 Origo遊戲本Intel Core Ultra 7 270HX Plus + RTX 5060配置定價8999元,https://www.ithome.com/0/950/102.htm,Ithome.com,2026-05-14T01:01:38Z,七彩虹確認2026款iGame M16 Origo遊戲本的核心配置定價（IT之家報導，2026年5月14日）。該款機型搭載Intel Core Ultra 7 270HX Plus處理器與NVIDIA GeForce RTX 5060 GPU，配備16GB內存與1TB存儲，到手價8999元人民幣。所有配置將於5月21日20:00開始銷售。,True,2026-05-15T01:30:58.930685
wisent-compute 0.4.109版本發佈,https://pypi.org/project/wisent-compute/0.4.109/,Pypi.org,2026-05-14T01:01:31Z,Python Package Index（PyPI）發佈wisent-compute 0.4.109版本（2026年5月14日）。該軟體包提供GPU工作負載的任務隊列與運算資源管理功能，為分散式AI計算環境提供調度與優化工具。,True,2026-05-15T01:30:58.930687
圖靈公司選擇GMO GPU雲平台開發完全自動駕駛AI基礎設施,https://weekly.ascii.jp/elem/000/004/401/4401316/,Ascii.jp,2026-05-14T01:00:00Z,日經新聞採訪圖靈公司執行役員兼CTO山口祐（ASCII.jp報導，2026年5月14日）。圖靈在評估國內外多家GPU雲服務商後，選定GMO GPU雲平台作為完全自動駕駛開發基礎。自動駕駛已成為2020年代後期AI開發的重大課題，該決策反映企業對優化GPU運算基礎設施的關注。,True,2026-05-15T01:30:58.930688
faiss-cuda 1.14.1.post3 GPU加速版本發佈,https://pypi.org/project/faiss-cuda/1.14.1.post3/,Pypi.org,2026-05-14T00:52:53Z,PyPI發佈faiss-cuda 1.14.1.post3版本（2026年5月14日）。該GPU加速FAISS輪檔支援CUDA 13，由Taylor Geospatial提供維護。FAISS（Facebook AI Similarity Search）是向量檢索與相似度搜尋的標準工具，廣泛應用於大規模AI模型推論與檢索增強生成（RAG）系統。,True,2026-05-15T01:30:58.930689
廣達AI伺服器出貨續強，上修全年展望，已獲大型CSP客戶2027年以後訂單能見度,https://tw.news.yahoo.com/%E5%BB%A3%E9%81%94%E5%85%A8%E5%B9%B4ai%E5%87%BA%E8%B2%A8%E7%BA%8C%E5%BC%B7-%E4%B8%8A%E4%BF%AE%E9%80%9A%E7%94%A8%E5%9E%8B%E4%BC%BA%E6%9C%8D%E5%99%A8%E5%B1%95%E6%9C%9B-085127488.html,Yahoo Entertainment,2026-05-14T00:51:27Z,廣達財務長楊俊烈於法說會指出（Yahoo Entertainment報導，2026年5月14日），第二季AI伺服器業務將實現雙位數季增，全年營收維持三位數年增百分比。隨著GB300平台量產、高階機櫃成為主流，以及新客戶下半年加入，大型雲服務商（CSP）訂單能見度已延伸至2027年後，AI基礎建設需求持續長期擴張。,False,2026-05-15T01:30:58.930691
Intel Core Ultra 7 265H CPU圖形驅動程式32.0.101.8737 64位版本發佈,https://drivers.softpedia.com/get/GRAPHICS-BOARD/INTEL/Intel-Core-Ultra-7-265H-CPU-Graphics-Driver-32-0-101-8737-64-bit.shtml,Softpedia.com,2026-05-14T00:51:01Z,Softpedia發佈Intel Core Ultra 7 265H通用顯卡驅動更新（2026年5月14日）。驅動版本32.0.101.8737提供最新功能增強與相容性修復，為OEM廠商與終端用戶提供基礎驅動支援。,False,2026-05-15T01:30:58.930692
Axivion 7.12 發佈：強化 AI 工作流與安全檢驗功能,https://www.qt.io/ja-jp/blog/available-now-axivion-7.12,Www.qt.io,2026-05-14T00:46:43Z,Qt.io 於 2026 年 5 月 14 日報導，Axivion 7.12 版本正式推出。本版本新增 AI 活用工作流支援、架構驗證機能，並加入多項安全與資安規則。特別地，該版本納入基於 NVIDIA CUDA C++ 安全程式設計指南的新增指令集，強化開發工具在安全性和資安合規上的能力。,True,2026-05-15T01:30:58.930693
"日本政府與軟銀等三業者協同 NVIDIA 採購 GPU，投資額達 4,500 億日圓",https://tw.stock.yahoo.com/news/%E6%97%A5%E6%9C%AC%E6%94%BF%E5%BA%9C%E5%8A%A9%E4%BC%81%E6%A5%AD%E6%90%B6%E8%BC%9D%E9%81%94-gpu-%E8%BB%9F%E9%8A%80%E7%AD%89%E4%B8%89%E6%A5%AD%E8%80%85%E6%96%A5%E8%B3%87-4500-%E5%84%84%E6%97%A5%E5%9C%93%E5%BC%B7%E5%8C%96-003618874.html,Yahoo Entertainment,2026-05-14T00:36:18Z,"Yahoo Entertainment 於 2026 年 5 月 14 日報導，日本政府直接介入與 NVIDIA 談判，協助國內企業確保 GPU 穩定供應。軟銀集團、KDDI 與櫻花網路等三大業者預計共投入 4,500 億日圓採購 GPU，各企業採購規模約 1,000 億日圓。此舉反映日本政府在 AI 產業布局上的戰略性支持，旨在加速國內 AI 發展。",False,2026-05-15T01:30:58.930695
Intel Core Ultra 7 256V CPU 圖形驅動程式 32.0.101.8737 64位版本發佈,https://drivers.softpedia.com/get/GRAPHICS-BOARD/INTEL/Intel-Core-Ultra-7-256V-CPU-Graphics-Driver-32-0-101-8737-64-bit.shtml,Softpedia.com,2026-05-14T00:31:01Z,Softpedia.com 於 2026 年 5 月 14 日發佈 Intel Core Ultra 7 256V 的通用圖形驅動程式更新。該通用驅動程式提供最新功能增強與 Bug 修復，相較於 OEM 定製驅動，可優先獲得原廠最新特性支援。,False,2026-05-15T01:30:58.930696
Intel Core Ultra 7 255H CPU 圖形驅動程式 32.0.101.8737 64位版本發佈,https://drivers.softpedia.com/get/GRAPHICS-BOARD/INTEL/Intel-Core-Ultra-7-255H-CPU-Graphics-Driver-32-0-101-8737-64-bit.shtml,Softpedia.com,2026-05-14T00:20:01Z,Softpedia.com 於 2026 年 5 月 14 日發佈 Intel Core Ultra 7 255H 的通用圖形驅動程式更新。該通用驅動程式提供最新功能增強與 Bug 修復，相較於 OEM 定製驅動，可優先獲得原廠最新特性支援。,False,2026-05-15T01:30:58.930698
flopsindex-mcp 工具上線 PyPI：GPU 運算價格指數分析平台,https://pypi.org/project/flopsindex-mcp/,Pypi.org,2026-05-14T00:06:19Z,PyPI 於 2026 年 5 月 14 日新增 flopsindex-mcp 工具。該 MCP 伺服器為 FLOPS Compute Intelligence Platform 提供支援，使 Claude、Cursor、Windsurf 等 AI 代理可直接存取 GPU 運算價格指數、方法論與驗證數據。,True,2026-05-15T01:30:58.930701
flopsindex-mcp 0.1.0 版本上線：GPU 運算情報整合工具,https://pypi.org/project/flopsindex-mcp/0.1.0/,Pypi.org,2026-05-14T00:06:19Z,PyPI 於 2026 年 5 月 14 日發佈 flopsindex-mcp 0.1.0。該 MCP 伺服器為 FLOPS Compute Intelligence Platform 提供支援，使 Claude、Cursor、Windsurf 等 AI 代理可直接存取 GPU 運算價格指數、方法論與驗證數據，助力運算資源最適化配置。,True,2026-05-15T01:30:58.930703
Intel Core Ultra 7 155H CPU 圖形驅動程式 32.0.101.8737 64位版本發佈,https://drivers.softpedia.com/get/GRAPHICS-BOARD/INTEL/Intel-Core-Ultra-7-155H-CPU-Graphics-Driver-32-0-101-8737-64-bit.shtml,Softpedia.com,2026-05-14T00:04:02Z,Softpedia.com 於 2026 年 5 月 14 日發佈 Intel Core Ultra 7 155H 的通用圖形驅動程式更新。該通用驅動程式提供最新功能增強與 Bug 修復，相較於 OEM 定製驅動，可優先獲得原廠最新特性支援。,False,2026-05-15T01:30:58.930704
機器學習 MLOps 訓練 NLP 模型在醫療應用領域實踐,https://nlppeople.com/job/machine-learning-built-mlops-trained-nlp-models-3/,Nlppeople.com,2026-05-14T00:00:00Z,NLPpeople.com 於 2026 年 5 月 14 日報導，一家愛爾蘭軟體公司開發機器學習與 MLOps 訓練 NLP 模型方案，直接部署至醫療產業實際應用。該公司專注於開發具社會影響力的軟體解決方案，透過 NLP 技術在醫療領域創造具體應用成果。,True,2026-05-15T01:30:58.930706
Red Hat OpenShift AI 3.4 實現模型即服務（MaaS）企業規模化部署,https://www.redhat.com/en/blog/scaling-enterprise-ai-delivering-models-service-openshift-ai-34,Redhat.com,2026-05-14T00:00:00Z,Red Hat 於 2026 年 5 月 14 日發佈 OpenShift AI 3.4，搭配 Red Hat Connectivity Link 交付 Models-as-a-Service（MaaS）解決方案。該平台支援企業級 AI 模型集中治理與規模化運行，適應企業 AI 從試點向生產環境全面轉換的需求。,True,2026-05-15T01:30:58.930707
AMD 與 Red Hat 聯手推動 Agentic AI 基礎設施堆疊升級,https://www.redhat.com/en/blog/agentic-ai-demands-new-infrastructure-stack-amd-and-red-hat-deliver,Redhat.com,2026-05-14T00:00:00Z,Red Hat 於 2026 年 5 月 14 日發佈 Agentic AI 基礎設施解決方案。Agentic AI 具備推理、規劃、工具調用及多步驟任務自主執行能力，正從研究階段進入生產環境。AMD 與 Red Hat 的協力方案針對 Agentic AI 的特殊基礎設施需求進行優化，顛覆傳統推論架構設計。,True,2026-05-15T01:30:58.930708
Google Tensor G6處理器：從追求峰值性能轉向用戶體驗優先的SoC設計理念,https://gihyo.jp/article/2026/05/android-weekly-topics-260514,Gihyo.jp,2026-05-14T00:00:00Z,來源：Gihyo.jp，2026年5月14日。搭載於Pixel 11的Tensor G6處理器相關洩露信息顯示，Google改變了傳統SoC設計策略，不再單純追求峰值性能指標。此舉反映了行業趨勢轉變，在AI時代晶片設計重點從規格競賽轉向實際用戶體驗優化，包括功耗效率、軟硬體整合與AI應用實際運行效能的平衡。,True,2026-05-15T01:30:58.930710
推測解碼技術優化LLM推理：降低成本同時保持智能水準,https://www.redhat.com/en/blog/solving-economics-llm-inference-speculative-decoding,Redhat.com,2026-05-14T00:00:00Z,"來源：Redhat.com，2026年5月14日。現代大型語言模型（LLM）規模持續擴大，從GPT-3的1,750億參數發展到當今生產級模型動輒數千億甚至超過1兆參數。通過speculative decoding等優化技術，能在不損失模型智能水準的前提下，顯著降低推理計算成本與延遲，使LLM推理經濟性得到改善，具有重要的產業應用價值。",True,2026-05-15T01:30:58.930711
LS Eco Energy向越南AI數據中心供應電力纜線，拓展東南亞基礎設施市場,https://zdnet.co.kr/view/?no=20260514084623,Zdnet.co.kr,2026-05-13T23:59:46Z,來源：Zdnet.co.kr，2026年5月13日。LS Eco Energy越南子公司向越南最大電信運營商Viettel集團AI數據中心項目供應電力纜線。該項目位於河內附近新城區，規模達60MW，是北部地區重點AI基礎設施項目。此舉標誌著韓國電力通訊設備供應商積極進軍東南亞AI數據中心基礎設施建設市場。,True,2026-05-15T01:30:58.930713
Neuroquant：生產級神經網路量化框架正式發佈,https://pypi.org/project/neuroquant/,Pypi.org,2026-05-13T23:53:43Z,來源：PyPI.org，2026年5月13日。Neuroquant是結合NSGA演算法、ONNX格式與硬體感知搜索的生產級神經網路量化框架。該框架支持自動化量化優化，能夠針對不同硬體平台進行智能適配，有助於降低深度學習模型部署成本與推理延遲。,True,2026-05-15T01:30:58.930714
中國半導體教父警示：2nm製程不應成為唯一焦點,https://www.digitimes.com/news/a20260512VL204/2nm-market-semiconductor-industry-manufacturing-3nm.html,Digitimes,2026-05-13T23:45:01Z,來源：Digitimes，2026年5月13日。中芯國際創辦人張汝京（「中國半導體教父」）發表與全球業界共識相異的觀點，認為中國晶片產業未來發展不應過度執著於3nm、2nm製程競賽與AI GPU軍備競賽。其強調應平衡先進製程與應用生態、成本優勢等多維度競爭力，體現了業界對於差異化發展策略的認知。,True,2026-05-15T01:30:58.930715
NVIDIA GeForce RTX 2070圖形驅動程式32.0.15.9174版本發佈,https://drivers.softpedia.com/get/GRAPHICS-BOARD/NVIDIA/NVIDIA-GeForce-RTX-2070-Graphics-Driver-32-0-15-9174-for-Windows-11-version-22H2.shtml,Softpedia.com,2026-05-13T23:45:01Z,來源：Softpedia.com，2026年5月13日。NVIDIA發佈GeForce RTX 2070圖形卡Windows 11版本22H2的驅動程式更新包32.0.15.9174。此更新可修復已知問題、增加新功能或提升驅動效能，使用戶需透過覆蓋安裝方式進行更新。,False,2026-05-15T01:30:58.930717
Cerebras Systems宣佈首次公開募股定價：每股185美元,https://www.globenewswire.com/news-release/2026/05/13/3294565/0/en/Cerebras-Systems-Announces-Pricing-of-Initial-Public-Offering.html,GlobeNewswire,2026-05-13T23:45:00Z,"來源：GlobeNewswire，2026年5月13日。專門從事AI晶片設計的Cerebras Systems Inc.宣佈IPO定價，計劃發行3,000萬股A類普通股，每股定價185美元。此舉標誌著AI專用晶片設計公司進入資本市場，反映了市場對AI晶片需求的強勁預期與投資熱度。",True,2026-05-15T01:30:58.930718
思科股價盤後漲17%：AI訂單超預期，資金延伸至數據中心全棧基礎設施,https://consent.yahoo.com/v2/collectConsent?sessionId=1_cc-session_2ec22ea1-b996-4a80-b5bc-8050ac25a608,Yahoo Entertainment,2026-05-13T23:31:42Z,來源：Yahoo Entertainment，2026年5月13日。思科公司AI訂單與第四財季指引遠超預期，帶動股價盤後大漲。市場重新定價範圍已超越GPU供應鏈，擴展至CPU、伺服器、網通設備、高速交換器、HVDC、CCL、光模組、Silicon Photonics與AI存儲等整體數據中心基礎設施生態系，預示著新一輪升級周期啟動。,False,2026-05-15T01:30:58.930719
Sony Xperia 1 VIII：保留3.5mm耳機插孔與microSD卡槽的獨特手機,https://www.xataka.com.mx/celulares-y-smartphones/sony-xperia-1-viii-precio-mexico-caracteristicas-especificaciones-ficha-tecnica,Xataka.com.mx,2026-05-13T23:30:50Z,來源：Xataka.com.mx，2026年5月13日。Sony Xperia 1 VIII手機在2026年仍保留3.5mm音頻插孔與microSD記憶卡擴展功能，成為業界獨特設計。此舉與業界主流設計理念相悖，反映Sony對傳統使用者體驗的堅持與差異化定位策略。,True,2026-05-15T01:30:58.930721
NVIDIA GeForce RTX 2060 SUPER圖形驅動程式32.0.15.9174版本發佈,https://drivers.softpedia.com/get/GRAPHICS-BOARD/NVIDIA/NVIDIA-GeForce-RTX-2060-SUPER-Graphics-Driver-32-0-15-9174-for-Windows-10-version-1903-64-bit.shtml,Softpedia.com,2026-05-13T23:30:01Z,來源：Softpedia.com，2026年5月13日。NVIDIA發佈GeForce RTX 2060 SUPER圖形卡Windows 10版本1903 64位驅動程式更新包32.0.15.9174。此更新可修復已知問題、增加新功能或升級驅動效能，使用者可透過覆蓋安裝方式進行更新。,False,2026-05-15T01:30:58.930722
騰訊馬化騰回應AI進展；SK海力士中韓員工獎金差異大；小米17本月發布,https://www.ithome.com/0/950/080.htm,Ithome.com,2026-05-13T23:29:03Z,據IT Home 2026年5月13日報道，騰訊董事長馬化騰坦言公司在AI領域需穩扎穩打，避免盲目跟風。同時，SK海力士中國員工獎金存在明顯差異，不足韓國員工的5%。此外，小米17高端機型將於本月發布，產品線進一步完善。,True,2026-05-15T01:30:58.930723
《黑暗靈魂2》Path Tracing模組發布，畫面效果煥然一新,https://www.windowscentral.com/gaming/pc-gaming/the-amazing-dark-souls-2-path-tracing-mod-is-now-available-to-download,Windows Central,2026-05-13T23:13:45Z,據Windows Central 2026年5月13日報道，備受期待的《黑暗靈魂2》Path Tracing光線追蹤模組已公開發布。該模組利用進階光線追蹤技術大幅提升FromSoftware ARPG的圖形表現，使舊作在視覺效果上媲美現代遊戲。,True,2026-05-15T01:30:58.930725
rocmate 0.5.0：AMD GPU AI工作負載相容性工具發布,https://pypi.org/project/rocmate/0.5.0/,Pypi.org,2026-05-13T23:04:12Z,Pypi.org 2026年5月13日發布rocmate 0.5.0版本。該工具為AMD GPU提供精心策劃的相容性指數與命令行界面(CLI)，支援AI工作負載優化配置。,True,2026-05-15T01:30:58.930726
NVIDIA GeForce RTX 2070 SUPER驅動程式32.0.15.9174更新發布,https://drivers.softpedia.com/get/GRAPHICS-BOARD/NVIDIA/NVIDIA-GeForce-RTX-2070-SUPER-Graphics-Driver-32-0-15-9174-for-Windows-10-version-21H2-64-bit.shtml,Softpedia.com,2026-05-13T22:57:01Z,Softpedia 2026年5月13日發布NVIDIA GeForce RTX 2070 SUPER圖形驅動程式版本32.0.15.9174，支援Windows 10 version 21H2 64位元系統。該更新可修復相容性問題並提升效能。,False,2026-05-15T01:30:58.930727
씨이랩1分期營收成長42%，AI基礎設施業務激增60.7%,https://zdnet.co.kr/view/?no=20260514075329,Zdnet.co.kr,2026-05-13T22:53:29Z,據ZDNet Korea 2026年5月13日報道，視覺AI專門企業씨이랩第一季營收達11.1億韓元，年增42%。其中AI基礎設施(AI Infrastructure)成長60.7%，視覺AI成長55.6%，數位孿生(Digital Twin)成長18.7%，展現全面增長動力。,True,2026-05-15T01:30:58.930729
NVIDIA GeForce RTX 2070 SUPER驅動程式32.0.15.9174更新（Windows 10版本1809）,https://drivers.softpedia.com/get/GRAPHICS-BOARD/NVIDIA/NVIDIA-GeForce-RTX-2070-SUPER-Graphics-Driver-32-0-15-9174-for-Windows-10-version-1809-64-bit.shtml,Softpedia.com,2026-05-13T22:39:02Z,Softpedia 2026年5月13日發布NVIDIA GeForce RTX 2070 SUPER驅動程式版本32.0.15.9174，適配Windows 10 version 1809 64位元系統。該更新提供效能優化與問題修復。,False,2026-05-15T01:30:58.930730
cjm-system-monitor-nvidia 0.0.7：NVIDIA GPU監控外掛發布,https://pypi.org/project/cjm-system-monitor-nvidia/0.0.7/,Pypi.org,2026-05-13T22:36:46Z,Pypi.org 2026年5月13日發布cjm-system-monitor-nvidia 0.0.7版本。該外掛為cjm-plugin-system提供NVIDIA GPU監控功能，透過nvitop工具實時採集硬體遙測數據。,True,2026-05-15T01:30:58.930732
rocmate 0.4.3：AMD GPU AI工作負載相容性工具更新,https://pypi.org/project/rocmate/0.4.3/,Pypi.org,2026-05-13T22:33:24Z,Pypi.org 2026年5月13日發布rocmate 0.4.3版本。該工具為AMD GPU提供精心策劃的相容性指數與CLI支援，優化AI工作負載執行環境。,True,2026-05-15T01:30:58.930733
NVIDIA GeForce RTX 2080驅動程式32.0.15.9174更新（Windows 11版本25H2）,https://drivers.softpedia.com/get/GRAPHICS-BOARD/NVIDIA/NVIDIA-GeForce-RTX-2080-Graphics-Driver-32-0-15-9174-for-Windows-11-version-25H2.shtml,Softpedia.com,2026-05-13T22:20:02Z,Softpedia 2026年5月13日發布NVIDIA GeForce RTX 2080圖形驅動程式版本32.0.15.9174，支援Windows 11 version 25H2系統。該更新包含效能改進與相容性修復。,False,2026-05-15T01:30:58.930734
加州大學聖地牙哥分校獲500萬美元研究經費，支持早期職涯教職員招募與培訓,https://www.kpbs.org/news/education/2026/05/13/ucsd-receives-5m-to-fund-early-career-faculty-recruitment-training-program,KPBS,2026-05-13T22:10:31Z,據KPBS 2026年5月13日報道，加州大學聖地牙哥分校獲得500萬美元資助，用於建立早期職涯教職員招募與培訓計畫。該計畫包含授課撰寫、導師培訓及科學文化建設等多項倡議。,False,2026-05-15T01:30:58.930736
NVIDIA GeForce RTX 2080 圖形驅動程式 32.0.15.9174 Windows 11 版本發佈,https://drivers.softpedia.com/get/GRAPHICS-BOARD/NVIDIA/NVIDIA-GeForce-RTX-2080-Graphics-Driver-32-0-15-9174-for-Windows-11.shtml,Softpedia.com,2026-05-13T22:07:01Z,根據 Softpedia.com 於 2026年5月13日報導，NVIDIA 發布 GeForce RTX 2080 驅動程式版本 32.0.15.9174。該更新透過覆蓋安裝可修復各項系統問題、新增功能或升級效能。建議用戶及時更新以獲得最佳相容性與穩定性。,False,2026-05-15T01:30:58.930739
消費者權益倡議者批評 EA 就 Dead Space 2 DRM 鎖定問題,https://www.notebookcheck.net/Consumer-rights-advocate-blasts-EA-over-Dead-Space-2-DRM-lockouts.1295617.0.html,Notebookcheck.net,2026-05-13T22:03:00Z,據 Notebookcheck.net 於 2026年5月13日報導，消費者權益倡議者 Louis Rossmann 批評 EA 仍在 Steam 販售 Dead Space 2，儘管其舊版 DRM 技術限制用戶僅能激活5次，且重置工具已遭移除。此事突顯遊戲產業在 DRM 政策上日益增長的爭議與不滿。,True,2026-05-15T01:30:58.930740
Nvidia GeForce RTX 5070 Ti Gainward 高階顯示卡價格下探至 879.94 歐元,https://www.lesnumeriques.com/carte-graphique/bon-plan-la-carte-graphique-nvidia-geforce-rtx-5070-ti-gainward-5-etoiles-a-879-94-n255925.html,Les Numériques,2026-05-13T22:00:12Z,據 Les Numériques 於 2026年5月13日報導，Nvidia GeForce RTX 5070 Ti Gainward 顯示卡在 Top Achat 售價跌破 900 歐元大關。該產品目前在專業評測平台排名中表現優異，具有相當的市場競爭力與性價比。,True,2026-05-15T01:30:58.930742
NVIDIA GeForce RTX 2080 圖形驅動程式 32.0.15.9174 Windows 10 64位元版本,https://drivers.softpedia.com/get/GRAPHICS-BOARD/NVIDIA/NVIDIA-GeForce-RTX-2080-Graphics-Driver-32-0-15-9174-for-Windows-10-64-bit.shtml,Softpedia.com,2026-05-13T21:58:01Z,根據 Softpedia.com 於 2026年5月13日發佈，NVIDIA 推出 GeForce RTX 2080 驅動程式 32.0.15.9174 的 Windows 10 64位元版本。該驅動更新可修復相容性問題、增強功能或提升系統效能表現。,False,2026-05-15T01:30:58.930743
rocmate 0.4.2：AMD GPU AI 工作負載相容性索引工具發佈,https://pypi.org/project/rocmate/0.4.2/,Pypi.org,2026-05-13T21:48:38Z,據 Pypi.org 於 2026年5月13日報導，rocmate 0.4.2 版本發佈。該工具為精心策劃的 AMD GPU 相容性索引與命令列介面（CLI），專門用於支援 AI 工作負載，助力開發者優化 GPU 資源配置。,True,2026-05-15T01:30:58.930744
AWS 環境中加密貨幣挖礦的檢測與防禦指南,https://aws.amazon.com/blogs/security/detecting-and-preventing-crypto-mining-in-your-aws-environment/,Amazon.com,2026-05-13T21:47:27Z,據 Amazon.com 於 2026年5月13日發佈，該文章詳述如何利用 Amazon GuardDuty 服務識別與緩解 AWS 環境中的加密貨幣挖礦威脅。內容涵蓋 GuardDuty 的專業偵測能力與企業級安全最佳實踐，協助組織保護雲端基礎設施。,True,2026-05-15T01:30:58.930746
rocmate 0.4.1：AMD GPU AI 工作負載相容性索引工具更新,https://pypi.org/project/rocmate/0.4.1/,Pypi.org,2026-05-13T21:32:54Z,據 Pypi.org 於 2026年5月13日報導，rocmate 0.4.1 版本推出。該版本為精選的 AMD GPU 相容性索引與 CLI 工具，優化 AI 工作負載的執行效能與相容性支援。,True,2026-05-15T01:30:58.930747
wisent-compute 0.4.106：GPU 工作隊列與運算管理平台更新,https://pypi.org/project/wisent-compute/0.4.106/,Pypi.org,2026-05-13T21:30:57Z,據 Pypi.org 於 2026年5月13日報導，wisent-compute 0.4.106 版本釋出。該工具提供 Wisent GPU 工作負載的作業隊列管理與運算資源調度功能，提升高效能運算環境的任務處理能力。,True,2026-05-15T01:30:58.930748
rocmate 0.4.0：AMD GPU 相容性索引 CLI 工具首次穩定版發佈,https://pypi.org/project/rocmate/0.4.0/,Pypi.org,2026-05-13T21:20:55Z,據 Pypi.org 於 2026年5月13日報導，rocmate 0.4.0 版本推出。該工具為精心設計的 AMD GPU 相容性索引與命令列介面，專門應對 AI 工作負載場景，提供開發者完整的 GPU 相容性查詢與管理功能。,True,2026-05-15T01:30:58.930750
wisent-compute 0.4.105：GPU 運算工作隊列管理系統版本更新,https://pypi.org/project/wisent-compute/0.4.105/,Pypi.org,2026-05-13T21:20:28Z,據 Pypi.org 於 2026年5月13日報導，wisent-compute 0.4.105 版本發佈。該平台提供 Wisent GPU 工作負載的作業隊列排程與運算資源管理能力，優化分散式 GPU 運算環境的效率。,True,2026-05-15T01:30:58.930751
rocmate 0.1.0：AMD GPU AI工作負載相容性索引與CLI工具,https://pypi.org/project/rocmate/0.1.0/,Pypi.org,2026-05-13T21:19:18Z,根據PyPI官方資料（2026年5月13日），rocmate 0.1.0版本正式發布，提供AMD GPU相容性索引與命令行介面工具。該工具針對AI工作負載進行優化，幫助開發者快速驗證GPU相容性。此舉反映AMD在AI加速器生態系中持續擴展軟體工具鏈的努力，與NVIDIA CUDA生態形成競爭。,True,2026-05-15T01:30:58.930753
rocmate登陸PyPI：AMD GPU AI工作負載最佳化工具,https://pypi.org/project/rocmate/,Pypi.org,2026-05-13T21:19:18Z,rocmate工具已正式登陸PyPI平台（2026年5月13日），提供AMD GPU相容性索引與CLI支援。該開源工具專為AI工作負載優化，使開發者能更有效管理GPU資源配置。此項進展象徵AMD在強化開發者生態、對標NVIDIA軟體堆棧的策略方向。,True,2026-05-15T01:30:58.930755
NVIDIA GeForce MX550圖形驅動32.0.15.9166正式發布,https://drivers.softpedia.com/get/GRAPHICS-BOARD/NVIDIA/NVIDIA-GeForce-MX550-Graphics-Driver-32-0-15-9166-for-Windows-11-version-24H2.shtml,Softpedia.com,2026-05-13T21:15:01Z,根據Softpedia資料（2026年5月13日），NVIDIA GeForce MX550圖形驅動版本32.0.15.9166已發布，支援Windows 11 24H2版本。此版本驅動更新可修復既有問題、新增功能或提升效能。MX550作為中階行動GPU，其驅動持續優化反映NVIDIA對輕薄筆記型電腦市場的重視。,False,2026-05-15T01:30:58.930756
MediaTek Dimensity 9600採2nm製程，GPU性能目標超越A20 Pro與Snapdragon 8 Elite Gen 6,https://www.notebookcheck.net/2nm-SoC-in-ChatGPT-powered-AI-phone-to-beat-iPhone-18-Pro-s-A20-Pro-Galaxy-S27-Ultra-s-Snapdragon-8-Elite-Gen-6-in-GPU.1296104.0.html,Notebookcheck.net,2026-05-13T21:13:00Z,據Notebookcheck報導（2026年5月13日），MediaTek旗艦SoC Dimensity 9600將採用2nm製程，搭載2+3+3全大核心架構與原生幀插值/超採樣技術。該晶片傳聞將搭載OpenAI首款手機，GPU性能目標超越Apple A20 Pro與Qualcomm Snapdragon 8 Elite Gen 6。此舉標誌MediaTek在旗艦SoC競爭中的進展，三強鼎立局面日趨明顯。,True,2026-05-15T01:30:58.930757
《最後看護者》Early Access更新4：新增飛行機制與任務功能,https://bleedingcool.com/games/the-last-caretaker-takes-to-the-skies-in-latest-early-access-update/,Bleeding Cool News,2026-05-13T21:12:11Z,獨立遊戲工作室Channel37發布《The Last Caretaker》Early Access第4版更新（2026年5月13日），主要新增「Salvaged Gyro」飛行系統，玩家可進行空中任務。此更新豐富遊戲玩法機制，反映獨立開發者在遊戲設計創新的持續投入。,True,2026-05-15T01:30:58.930759
2026年春季本地LLM生態評析：Gemma 4加速與DeepSeek V4 Flash應用,https://pc.watch.impress.co.jp/docs/column/nishikawa/2108441.html,Impress.co.jp,2026-05-13T21:12:00Z,根據日本Impress媒體專欄報導（2026年5月13日），2026年開源LLM月月推陳出新，LLM高速化技術亦持續突破，業界每週動態頻繁。報導重點介紹Gemma 4結合MTP加速方案，以及DeepSeek V4 Flash在M4 Max 128GB上的運行表現。此現象反映本地LLM技術快速發展，雖未面向消費端，但未來商用潛力備受關注。,True,2026-05-15T01:30:58.930760
Geekom Mini IT13迷你電腦：高性價比與可靠效能的最佳選擇,https://www.windowscentral.com/hardware/desktops/the-geekom-mini-it13-is-a-fantastic-choice-for-people-who-just-need-a-basic-computer-its-one-of-the-best-mini-pcs-thats-worth-every-penny,Windows Central,2026-05-13T21:03:18Z,根據Windows Central評測（2026年5月13日），Geekom IT13迷你電腦因可靠效能、豐富連接埠與小巧設計而備受推崇，目前享有30%折扣優惠。該產品定位於基礎商用與辦公應用，反映迷你電腦市場對輕量化運算設備的持續需求。,True,2026-05-15T01:30:58.930762
NVIDIA GeForce RTX 4050筆電圖形驅動32.0.15.9166發布,https://drivers.softpedia.com/get/GRAPHICS-BOARD/NVIDIA/NVIDIA-GeForce-RTX-4050-Laptop-Graphics-Driver-32-0-15-9166-for-Windows-10-version-1803-64-bit.shtml,Softpedia.com,2026-05-13T20:46:01Z,根據Softpedia資料（2026年5月13日），NVIDIA GeForce RTX 4050筆電圖形驅動版本32.0.15.9166已發布，支援Windows 10版本1803 64位元系統。此驅動更新可修復相容性問題、新增功能或提升效能表現。RTX 4050作為主流行動GPU，其驅動優化持續完善中階筆電應用體驗。,False,2026-05-15T01:30:58.930763
Snapdragon 8 Elite Gen 6 Pro成本超300美元，恐推高旗艦手機價格,https://www.donanimhaber.com/snapdragon-8-elite-gen-6-pro-telefon-fiyatlarini-ucurabilir--205642,Donanimhaber.com,2026-05-13T20:42:00Z,根據土耳其Donanimhaber報導（2026年5月13日），Qualcomm旗艦處理器Snapdragon 8 Elite Gen 6 Pro向手機製造商供貨成本可能超過300美元。此成本壓力將直接推升搭載該晶片的旗艦機型終端售價。反映高端行動SoC製造成本上升，將對消費端定價策略造成顯著影響。,True,2026-05-15T01:30:58.930764
美國領先AI云端競賽：掌控云基礎設施、數據、資本與全球商業生態,https://www.diariobitcoin.com/estados-unidos/estados-unidos-lidera-la-carrera-de-la-ia-por-nube-datos-y-comercializacion/,Diariobitcoin.com,2026-05-13T20:37:40Z,根據DiaroBitcoin分析報導（2026年5月13日），美國AI競爭優勢不僅源於先進模型，更在於對云平台、數據資產、資本、能源與全球分銷網絡的綜合掌控。該報告指出生態系統整合能力為美國維持AI領先地位的關鍵因素。此分析揭示AI競賽已超越單純技術層面，演進為完整產業生態競爭的新階段。,True,2026-05-15T01:30:58.930766
NVIDIA GeForce RTX 4050 筆記型電腦繪圖驅動程式 32.0.15.9166 版本發布,https://drivers.softpedia.com/get/GRAPHICS-BOARD/NVIDIA/NVIDIA-GeForce-RTX-4050-Laptop-Graphics-Driver-32-0-15-9166-for-Windows-10-Vibranium-64-bit.shtml,Softpedia.com,2026-05-13T20:34:01Z,Softpedia 於 2026 年 5 月 13 日報導，NVIDIA 發布 GeForce RTX 4050 筆記型電腦繪圖驅動程式 32.0.15.9166 版本。該驅動程式套件適用於 Windows 10 64 位元系統，更新可修復系統問題、新增功能或升級現有驅動程式。,False,2026-05-15T01:30:58.930767
"日本政府與 NVIDIA 直談判 助力 GPU 調度，4,500 億日圓投資規模",https://diamond.jp/articles/-/389559,Diamond.jp,2026-05-13T20:30:00Z,"Diamond.jp 報導，日本政府與 NVIDIA 就 GPU 供應進行直接交涉。在政府支持下，軟銀（SoftBank）、KDDI 及樱花互聯網各投入約 1,000 億日圓進行 GPU 採購，日本整體 GPU 購買額預計達 4,500 億日圓規模，反映全球 AI 晶片需求競爭激烈。",True,2026-05-15T01:30:58.930768
加密貨幣 AI 挖礦機制解析與 2026 年五大平台評比,https://bitcoinfoundation.org/news/ai/what-is-ai-mining-crypto-top-5-best-ai-mining-platforms-earn-2026/,Bitcoinfoundation.org,2026-05-13T20:24:36Z,Bitcoin Foundation 於 2026 年 5 月 13 日發布分析，AI 挖礦係指採用自動化、預測模型與資料驅動工具支援加密貨幣挖礦的系統。該文詳述五大 AI 挖礦平台的獲利機制，反映數位資產挖礦與人工智慧整合的新趨勢。,True,2026-05-15T01:30:58.930770
NVIDIA GeForce MX550 繪圖驅動程式 32.0.15.9166 版本（Windows 10 版本 21H2）,https://drivers.softpedia.com/get/GRAPHICS-BOARD/NVIDIA/NVIDIA-GeForce-MX550-Graphics-Driver-32-0-15-9166-for-Windows-10-version-21H2-64-bit.shtml,Softpedia.com,2026-05-13T20:22:02Z,Softpedia 於 2026 年 5 月 13 日發布 NVIDIA GeForce MX550 繪圖驅動程式 32.0.15.9166 版本安裝套件。適用於 Windows 10 版本 21H2 64 位元系統，更新可修復系統問題或新增功能。,False,2026-05-15T01:30:58.930771
Rumble 收購 Northern Data 股權初期成果：已獲得 81.3% 流通股份,https://www.globenewswire.com/news-release/2026/05/13/3294449/0/en/Rumble-Announces-Initial-Results-of-Exchange-Offer-for-Northern-Data.html,GlobeNewswire,2026-05-13T20:15:00Z,"GlobeNewswire 於 2026 年 5 月 13 日報導，Rumble 針對 Northern Data 之換股要約初期成果，在初期受理期間內已獲得 5,708,665 股，合計已確保約 81.3% 流通股份，彰顯市場對該交易案的支持度。",True,2026-05-15T01:30:58.930773
Venice Token 解析：被低估的 AI 代幣何以急速上漲,https://bitcoinfoundation.org/news/altcoins/what-is-venice-token-why-this-underrated-ai-coin-is-skyrocketing/,Bitcoinfoundation.org,2026-05-13T20:11:10Z,Bitcoin Foundation 報導，Venice Token 作為 AI 概念代幣近期受到市場關注。該文分析 Venice Token 相較其他代幣價格持續攀升的原因，反映投資者對 AI 賦能加密貨幣的持續興趣。,True,2026-05-15T01:30:58.930776
罐裝飲料價格突破新高：單瓶突破 900 日圓關卡,http://matometanews.com/archives/2116575.html,Matometanews.com,2026-05-13T20:09:30Z,本條目為非科技產業新聞，屬消費物價相關報導，內容涉及日本飲料零售價格趨勢，與半導體產業無直接關聯。建議排除於專業半導體產業新聞彙總之外。,False,2026-05-15T01:30:58.930777
NVIDIA GeForce MX550 繪圖驅動程式 32.0.15.9166 版本（Windows 10 版本 1809）,https://drivers.softpedia.com/get/GRAPHICS-BOARD/NVIDIA/NVIDIA-GeForce-MX550-Graphics-Driver-32-0-15-9166-for-Windows-10-version-1809-64-bit.shtml,Softpedia.com,2026-05-13T20:07:01Z,Softpedia 於 2026 年 5 月 13 日發布 NVIDIA GeForce MX550 繪圖驅動程式 32.0.15.9166 版本安裝套件。適用於 Windows 10 版本 1809 64 位元系統，更新可修復系統問題或新增功能。,False,2026-05-15T01:30:58.930778
Lenovo Legion 7a 15ASH11 確認全球上市：搭載 AMD Strix Halo 架構、48GB VRAM,https://www.notebookcheck.net/Lenovo-confirms-global-release-for-new-15-inch-gaming-laptop-with-48-GB-VRAM.1296108.0.html,Notebookcheck.net,2026-05-13T20:03:00Z,Notebookcheck 於 2026 年 5 月 13 日報導，Lenovo 確認旗下首款 AMD Strix Halo 驅動的遊戲筆記型電腦 Legion 7a 15ASH11 將全球上市。該機型配備 48GB 顯示記憶體（VRAM），GPU 效能與儲存容量均超越競品，代表行動 GPU 記憶體配置新水準。,True,2026-05-15T01:30:58.930780
NVIDIA GeForce MX450 繪圖驅動程式 32.0.15.9166 版本（Windows 11）,https://drivers.softpedia.com/get/GRAPHICS-BOARD/NVIDIA/NVIDIA-GeForce-MX450-Graphics-Driver-32-0-15-9166-for-Windows-11.shtml,Softpedia.com,2026-05-13T19:57:01Z,Softpedia 於 2026 年 5 月 13 日發布 NVIDIA GeForce MX450 繪圖驅動程式 32.0.15.9166 版本。該驅動程式套件適用於 Windows 11 系統，更新可修復系統問題、新增功能或升級現有驅動程式。,False,2026-05-15T01:30:58.930781
NVIDIA GeForce MX450 圖形驅動程式 32.0.15.9166 Windows 10 版本 1903 64 位元更新,https://drivers.softpedia.com/get/GRAPHICS-BOARD/NVIDIA/NVIDIA-GeForce-MX450-Graphics-Driver-32-0-15-9166-for-Windows-10-version-1903-64-bit.shtml,Softpedia.com,2026-05-13T19:44:01Z,來源：Softpedia.com，日期：2026年5月13日。NVIDIA 發佈 GeForce MX450 驅動程式版本 32.0.15.9166，提供安裝檔案套件。更新現有驅動程式可修復各類問題、新增功能或升級至最新版本。此更新針對 Windows 10 版本 1903 64 位元系統最佳化。,False,2026-05-15T01:30:58.930782
愛爾蘭 ICCL Enforce 計畫推出 Verity 事實查證伺服器,https://www.theregister.com/ai-ml/2026/05/13/see-through-local-ai-lies-with-irish-eyes/5239911,Theregister.com,2026-05-13T19:35:48Z,來源：The Register，日期：2026年5月13日。愛爾蘭公民自由委員會（ICCL）推出 Enforce 計畫，提供 Verity 事實查證伺服器以對抗本地 AI 虛假資訊。該計畫旨在提高 AI 生成內容的可信度與透明度，具有重要的產業監管與倫理意義。,True,2026-05-15T01:30:58.930784
NVIDIA × 007 First Light：5月購買 GeForce 顯卡獲詹姆斯龐德遊戲免費送,https://www.computerbase.de/news/grafikkarten/nvidia-x-007-first-light-ein-geforce-kauf-hat-im-mai-james-bond-an-bord.97354/,ComputerBase,2026-05-13T19:30:00Z,來源：ComputerBase，日期：2026年5月13日。新作《007 First Light》將於5月27日發行，購買指定 NVIDIA 顯卡的用戶可於6月初前免費獲得該遊戲。《007 First Light》支援 Pathtracing 及完整 DLSS-FG 技術，展示新一代圖形渲染能力，推動高端 GPU 應用場景拓展。,True,2026-05-15T01:30:58.930785
NVIDIA GeForce MX450 圖形驅動程式 32.0.15.9166 Windows 10 64 位元版本,https://drivers.softpedia.com/get/GRAPHICS-BOARD/NVIDIA/NVIDIA-GeForce-MX450-Graphics-Driver-32-0-15-9166-for-Windows-10-64-bit.shtml,Softpedia.com,2026-05-13T19:25:01Z,來源：Softpedia.com，日期：2026年5月13日。NVIDIA 發佈 GeForce MX450 驅動程式 32.0.15.9166 版本之 Windows 10 64 位元安裝套件。更新可修復已知問題、增加新功能或升級至最新驅動版本，建議已安裝用戶進行覆蓋式更新。,False,2026-05-15T01:30:58.930787
kvwarden 0.1.5：單 GPU 上的租戶公平 LLM 推理編排框架,https://pypi.org/project/kvwarden/0.1.5/,Pypi.org,2026-05-13T19:24:47Z,來源：PyPI.org，日期：2026年5月13日。kvwarden 0.1.5 推出租戶公平的 LLM inference orchestration 方案，可在單一 GPU 上運行，無需 Kubernetes 基礎設施。該方案優化 GPU 資源利用效率，降低部署複雜度，適合邊緣運算與小型推理服務場景。,True,2026-05-15T01:30:58.930788
傑富瑞：中國未必擴大採購美國 AI 晶片，優先聚焦國產化與設備,https://tw.stock.yahoo.com/news/jefferies%E7%A8%B1%E4%B8%AD%E5%9C%8B%E6%9C%AA%E5%BF%85%E6%93%B4%E5%A4%A7%E6%8E%A1%E8%B3%BC%E7%BE%8Eai%E6%99%B6%E7%89%87-%E4%BB%BB%E4%BD%95%E5%8D%94%E8%AD%B0%E5%B0%87%E5%88%A9%E5%A4%9Aai%E7%AD%89%E7%94%A2%E6%A5%AD-031439878.html,Yahoo Entertainment,2026-05-13T19:14:39Z,來源：Yahoo Entertainment，日期：2026年5月13日。投資銀行傑富瑞（Jefferies）分析師 Edison Lee 等指出，市場預期中國將增加美國 AI 晶片採購恐落空，因中國優先戰略是晶片國產化。傑富瑞認為中國更關鍵的目標是取得晶圓製造設備，以擴大 7 奈米產能並提升良率，此舉將深刻影響全球半導體產業格局。,False,2026-05-15T01:30:58.930789
Linux 與 PC 上執行本地 AI 的實踐指南,https://www.edivaldobrito.com.br/como-rodar-ia-local-no-linux-e-no-pc/,Edivaldobrito.com.br,2026-05-13T19:13:00Z,來源：Edivaldo Brito 部落格，日期：2026年5月13日。文章提供在 Linux 和個人電腦上執行本地 AI 的實用方案，支援配置較低的硬體設備。該指南強調完全離線部署（offline）的優勢，符合隱私保護與資料安全需求，適合開發者與技術愛好者參考。,True,2026-05-15T01:30:58.930791
DapuStor R6060 122TB 評測：PCIe Gen5 企業級 QLC 大容量儲存,https://www.storagereview.com/review/dapustor-r6060-122tb-review-read-heavy-gen5-qlc-at-scale,Storagereview.com,2026-05-13T19:12:43Z,來源：StorageReview.com，日期：2026年5月13日。DapuStor R6060 採用 DP800 控制器與 3D QLC NAND，支援 PCIe Gen5，提供 U.2、E3.L 與 E1.L 多種外型。容量範圍從 15.36TB 至 245TB，針對讀取密集型應用最佳化，代表企業級儲存容量與效能新標竿。,True,2026-05-15T01:30:58.930792
印度資料中心發展論壇：AI、效率與規模化驅動力,https://india.entrepreneur.com/technology/india-data-center-tryst-powering-ai-efficiency-and-scale,Entrepreneur,2026-05-13T19:04:50Z,來源：Entrepreneur.com，日期：2026年5月13日。Entrepreneur India 科技創新峰會 2026 舉辦資料中心專題討論，探討永續性、政策與基礎設施對印度資料中心產業的影響。論壇聚焦 AI 推理負載下的能源效率與基礎設施規劃，反映亞太地區資料中心市場的快速成長與戰略重要性。,True,2026-05-15T01:30:58.930793
AMD 華爾街股價加速上漲，引發 AI 晶片市場均衡關鍵問題,https://www.elconfidencialdigital.com/articulo/dinero/amd-acelera-wall-street-deja-pregunta-clave-ia/202605132052121020706.html,Elconfidencialdigital.com,2026-05-13T18:52:12Z,來源：El Confidencial Digital.com，日期：2026年5月13日。AMD 股價表現吸引華爾街關注，市場認為其正改變全球 AI 晶片業務格局。儘管 NVIDIA 仍主導先進晶片市場，但越來越多分析師看好 AMD 在高效能計算領域的競爭力提升，預示 AI 加速器市場競爭格局轉變。,False,2026-05-15T01:30:58.930795
Lenovo Intel Iris Xe Graphics Driver 30.0.101.1368 Windows 10 Vibranium 64位驅動程式發佈,https://drivers.softpedia.com/get/GRAPHICS-BOARD/INTEL/Lenovo-Intel-Iris-Xe-Graphics-Driver-30-0-101-1368-for-Windows-10-Vibranium-64-bit.shtml,Softpedia.com,2026-05-13T18:49:01Z,Softpedia於2026年5月13日報導，Lenovo發佈Intel Iris Xe Graphics驅動程式版本30.0.101.1368。該驅動程式更新可修復系統相容性問題、新增功能或提升效能。用戶可透過覆蓋安裝方式升級現有驅動程式版本。,False,2026-05-15T01:30:58.930796
Lenovo Intel Iris Xe Graphics Driver 30.0.101.1934 Windows 10 64位版本更新,https://drivers.softpedia.com/get/GRAPHICS-BOARD/INTEL/Lenovo-Intel-Iris-Xe-Graphics-Driver-30-0-101-1934-for-Windows-10-64-bit.shtml,Softpedia.com,2026-05-13T18:34:01Z,Softpedia於2026年5月13日發布Lenovo Intel Iris Xe Graphics驅動程式版本30.0.101.1934。該版本針對Windows 10 64位系統優化，透過更新安裝可修復已知問題、增加新功能或提升GPU圖形處理效能。,False,2026-05-15T01:30:58.930798
wisent-compute 0.4.102 GPU工作負載管理套件發佈,https://pypi.org/project/wisent-compute/0.4.102/,Pypi.org,2026-05-13T18:26:50Z,PyPI於2026年5月13日發布wisent-compute 0.4.102版本。該套件為GPU工作負載提供Job Queue和Compute Management解決方案，用於優化GPU資源調度和運算管理。,True,2026-05-15T01:30:58.930800
GNOME開發者參與Google Summer of Code 2026，聚焦Mutter核心模組,https://blogs.gnome.org/anonymoux47/2026/05/13/hello-gnome-and-gsoc-again/,Gnome.org,2026-05-13T18:17:42Z,GNOME官方於2026年5月13日宣布，開發者Toluwaleke Ogundipe將參與Google Summer of Code 2026。繼去年從事Crosswords項目後，今年將轉向GNOME桌面環境核心組件Mutter的開發與貢獻。,True,2026-05-15T01:30:58.930802
Lenovo Intel Iris Xe Graphics Driver 30.0.101.1934 Vibranium 64位驅動更新,https://drivers.softpedia.com/get/GRAPHICS-BOARD/INTEL/Lenovo-Intel-Iris-Xe-Graphics-Driver-30-0-101-1934-for-Windows-10-Vibranium-64-bit.shtml,Softpedia.com,2026-05-13T18:16:01Z,Softpedia於2026年5月13日報導Lenovo發佈Intel Iris Xe Graphics驅動程式30.0.101.1934版本Vibranium 64位版。該更新可修復相容性問題、新增功能或優化圖形渲染效能。,False,2026-05-15T01:30:58.930803
Nvidia CEO認為資料中心GPU具投資價值，AI需求推升市場需求,https://www.pcgameshardware.de/Grafikkarten-Grafikkarte-97980/News/Alte-Nvidia-GPUs-als-Wertanlage-1534646/,PC Games Hardware,2026-05-13T18:15:00Z,德國PC Games Hardware於2026年5月13日報導，Nvidia CEO Jensen Huang將資料中心GPU比喻為「優質葡萄酒」和「藝術投資」。受AI芯片需求爆發驅動，舊款GPU價格持續上揚，具有長期投資價值潛力。,True,2026-05-15T01:30:58.930804
Meta人工智慧戰略調整，聚焦超級智能與大規模運算能力佈局,https://www.diariobitcoin.com/tecnologia/alex-wang-rompe-el-silencio-sobre-la-apuesta-de-meta-por-la-superinteligencia/,Diariobitcoin.com,2026-05-13T18:09:29Z,Diario Bitcoin於2026年5月13日報導，Meta高管Alex Wang揭露公司AI戰略調整詳情。Meta重組AI研發方向，強調超級智能即將到來，並將智能體、大規模運算、安全與機器人視為核心發展方向。,True,2026-05-15T01:30:58.930806
開源AI模型性能突破，用戶評估GPU配置部署方案,https://www.linux.org.ru/forum/linux-hardware/18291994,Linux.org.ru,2026-05-13T18:07:47Z,Linux.org.ru於2026年5月13日討論開源AI模型性能進展。Qwen、Gemma等開源大語言模型性能顯著提升，用戶基於Ryzen 7950x與AORUS EliteAX x670e平台評估本地部署方案，開源AI應用空間持續擴大。,True,2026-05-15T01:30:58.930807
Lenovo Intel Iris Xe Graphics Driver 30.0.101.1692 Windows 10 64位版本上線,https://drivers.softpedia.com/get/GRAPHICS-BOARD/INTEL/Lenovo-Intel-Iris-Xe-Graphics-Driver-30-0-101-1692-for-Windows-10-64-bit.shtml,Softpedia.com,2026-05-13T18:02:01Z,Softpedia於2026年5月13日發佈Lenovo Intel Iris Xe Graphics驅動程式版本30.0.101.1692。該驅動程式針對Windows 10 64位系統設計，透過更新可修復軟體相容性問題或增強GPU效能。,False,2026-05-15T01:30:58.930809
20年資深PC組裝師傅分享值得溢價的優質配件選擇經驗,https://www.xda-developers.com/after-20-years-pc-building-these-parts-always-worth-a-premium/,XDA Developers,2026-05-13T18:00:23Z,XDA Developers於2026年5月13日刊登PC組裝行家文章。資深組裝師傅分享20年經驗心得，強調特定PC配件值得投入溢價購買，以獲得更佳效能、穩定性與長期價值。,True,2026-05-15T01:30:58.930810
Linux vs Windows：硬體相容性與軟體支援仍是關鍵障礙,https://www.makeuseof.com/linux-tempting-but-these-windows-features-keep-pulling-me-back/,MakeUseOf,2026-05-13T18:00:19Z,根據MakeUseOf於2026年5月13日報導，儘管Linux在2026年已有重大進展，但硬體驅動問題、軟體不相容性以及故障排除困難仍阻礙用戶從Windows完全遷移。該分析指出，跨平台相容性與生態系統成熟度仍需進一步強化，方能推動主流消費市場採納。,True,2026-05-15T01:30:58.930813
中東危機推動全球石油公司重估邊際油氣田開發策略,https://oilprice.com/Energy/Energy-General/Big-Oil-Reconsiders-Previously-Unattractive-Destinations.html,OilPrice.com,2026-05-13T22:00:00Z,據OilPrice.com於2026年5月13日報導，地緣政治危機促使國際石油公司重新評估先前不具吸引力的鑽探目標地區，包括美國阿拉斯加等傳統油氣生產區域。此轉變反映供應鏈重組與能源安全考量對產業投資決策的深遠影響。,True,2026-05-15T01:30:59.250106
家居電氣安全隱患辨識與預防性維護指南,https://www.prnewswire.com/news-releases/in-hellonation-expert-electrician-zachary-bobersky-explains-how-homeowners-can-identify-electrical-safety-risks-302771459.html,PRNewswire,2026-05-13T19:22:00Z,根據PRNewswire於2026年5月13日刊登的HelloNation報導，電氣專家Zachary Bobersky闡述家屋電氣系統檢查週期、警示訊號辨識與維護實踐。文章強調定期檢驗、隱患早期發現與系統化維護在降低家庭電氣危害中的重要性。,True,2026-05-15T01:30:59.250116
自我照護的局限：個人健康需伴隨社會系統性改革,https://www.psychologytoday.com/us/blog/its-not-you-its-the-world/202605/why-self-care-isnt-enough,Psychology Today,2026-05-13T17:54:35Z,Psychology Today於2026年5月13日刊登觀點文章指出，單純透過自我照護(Self-Care)無法實現健康目標。文章強調在病態社會結構中，個人健康改善需配合系統性社會改革，透過集體行動解決致病根本原因，方能達成長期健康收益。,False,2026-05-15T01:30:59.250118
地熱新創Fervo Energy IPO漲幅33%：AI資料中心電力需求驅動,https://techcrunch.com/2026/05/13/geothermal-startup-fervo-energy-pops-33-in-ipo-debut-fueled-by-ai-data-center-demand/,TechCrunch,2026-05-13T17:44:00Z,據TechCrunch於2026年5月13日報導，增強型地熱(Enhanced Geothermal)新創Fervo Energy首日上市漲幅達33%，多輪融資擴大反映投資人對其募資規模預期不足。此IPO表現凸顯AI資料中心爆炸性電力需求推動清潔能源基礎設施投資的強勁動能。,True,2026-05-15T01:30:59.250119
馬里蘭州面臨16億美元電網升級成本：跨州資料中心負擔問題,https://zoom.cnews.ru/lenta/post/merilend_boretsa_s_milliardnym_scetom_za_energoseti_dla_cuzih_data-centrov,Cnews.ru,2026-05-13T16:27:00Z,據Cnews.ru於2026年5月13日報導，馬里蘭州消費者可能承擔16億美元電網現代化成本，該投資主要服務於州外資料中心營運。州監管部門質疑成本分配不公，要求聯邦監管單位介入，反映跨州電力基礎設施投資負擔分配的政策爭議。,True,2026-05-15T01:30:59.250122
知識圖譜與圖嵌入模型於第二型糖尿病藥物篩選的應用,https://journals.plos.org/plosone/article?id=10.1371/journal.pone.0349026,Plos.org,2026-05-13T14:00:00Z,根據PLOS於2026年5月13日發表的研究，利用Graph Embedding模型建構領域特定跨醫學知識圖譜(CMKG)，建立統一路徑評分框架以闡釋複雜疾病機制。該方法以第二型糖尿病為案例，展示AI驅動的藥物發現框架在精準醫學中的應用潛力。,True,2026-05-15T01:30:59.250124
乳房炎生物標記與藥物靶點識別：生物資訊學方法在乳牛健康的應用,https://journals.plos.org/plosone/article?id=10.1371/journal.pone.0349172,Plos.org,2026-05-13T14:00:00Z,PLOS於2026年5月13日刊登研究指出，乳房炎(Mastitis)在乳牛產業造成產奶量下降與品質劣化，具社會經濟與人類健康影響。該生物資訊學研究通過知識圖譜分析識別關鍵生物標記與治療靶點，為獸醫與畜牧產業提供數據驅動的診療策略。,True,2026-05-15T01:30:59.250125
Robinhood聯創支持軌道資料中心新創融資2.75億美元：太陽能驅動運算新境界,https://spacedaily.com/sd-n-a-robinhood-co-founder-just-raised-275-million-to-put-ai-data-centers-in-orbit-and-the-real-pitch-isnt-the-physics-its-a-seven-year-waitlist-nobody-can-fix-on-the-ground/,Space Daily,2026-05-13T13:55:44Z,據Space Daily於2026年5月13日報導，Cowboy Space Corp.獲得2.75億美元B輪融資，計畫建造太陽能驅動的軌道資料中心(Orbital Data Centers)。該融資反映投資人對空間運算(Space Computing)從概念轉向現實的信心，解決地面資料中心7年交付週期瓶頸。,True,2026-05-15T01:30:59.250127
Arelion推出400G EVPL服務：補齊AI連接基礎設施缺口,https://www.prnewswire.com/news-releases/arelion-adds-400g-evpl-to-bridge-the-ai-connectivity-gap-302771031.html,PRNewswire,2026-05-13T13:42:00Z,根據PRNewswire於2026年5月13日報導，瑞典電信基礎設施商Arelion宣布擴展AI Direct服務組合，新增400G Ethernet Virtual Private Line (EVPL)功能。該升級針對企業、新興雲商與超大規模營運商提供高速互連解決方案，加速AI應用部署所需的專網連接基礎設施建設。,True,2026-05-15T01:30:59.250128
烏克蘭前警官揭露執法系統黑幕,https://www.globalresearch.ca/revelations-former-ukrainian-police-officer/5926232,Globalresearch.ca,2026-05-13T13:28:18Z,全球研究網於2026年5月13日報導，一位烏克蘭國家警察前高級官員在離職後被迫遷居歐洲，近日接受媒體專訪揭露警察體制內幕。該官員的證詞不僅具有情感共鳴，更涉及執法系統的深層結構問題，對烏克蘭警務改革具有重要啟示意義。,True,2026-05-15T01:30:59.250130
波黑面臨國家「無聲解構」 聯合國安理會重申關注,https://www.focus.de/politik/ausland/schmidt-warnt-bosnien-erlebt-eine-stille-dekonstruktion-des-staates_495af7cf-772a-4b37-b59f-addf39b2a059.html,Focus,2026-05-13T13:27:00Z,據Focus報導，聯合國安理會於2026年5月13日再次審視波黑局勢。聯合國駐波黑高級代表施密特提交最新報告，詳述該國對《代頓協議》的執行進展，指出波黑正面臨國家制度的「無聲解構」危機，引發國際社會高度關注。,True,2026-05-15T01:30:59.250131
電力限制制約企業AI部署 數據中心架構面臨重塑,https://www.techtarget.com/searchdatamanagement/feature/Power-constrained-data-architecture-curbing-AI-ambitions,Techtarget.com,2026-05-13T12:12:00Z,Techtarget於2026年5月13日報導，日益攀升的電力需求與電網互聯延遲正成為企業AI應用的主要瓶頸。電力約束迫使企業重新評估數據中心戰略，調整工作負載部署位置與災難恢復規劃，對AI基礎設施投資產生深遠影響。,True,2026-05-15T01:30:59.250133
羅馬尼亞國防部長出席EU外交與防務會議,https://www.globalsecurity.org/military/library/news/2026/05/mil-260513-ro-mnd02.htm,Globalsecurity.org,2026-05-13T12:00:00Z,據全球安全網報導，羅馬尼亞國防部長米魯塔於2026年5月12日在布魯塞爾參加歐盟外交與防務委員會會議，就歐洲防務政策與區域安全議題進行磋商。,True,2026-05-15T01:30:59.250134
美國外交戰略有效遏制中國 強化川普峰會籌碼,https://nypost.com/2026/05/13/opinion/how-us-statecraft-stymied-china-giving-trump-summit-leverage/,New York Post,2026-05-13T11:30:00Z,紐約郵報於2026年5月13日報導，川普政府在對伊朗軍事行動同步進行期間，在全球多個地區取得重大外交成果，旨在限制中國影響力擴張，為美中高層談判強化談判籌碼。,False,2026-05-15T01:30:59.250135
切爾納沃德核電廠機組關停 羅馬尼亞電網運營承壓,https://www.mediafax.ro/english/transelectrica-after-the-shutdown-of-the-two-nuclear-units-at-the-cernavoda-23736186,Mediafax.ro,2026-05-13T11:16:29Z,媒體法克斯於2026年5月13日報導，羅馬尼亞國家電力公司(Transelectrica)宣布，切爾納沃德核電廠兩台機組停運期間，國家電力系統面臨高度運營需求壓力，公司正加強電網調度管理以確保供電穩定。,True,2026-05-15T01:30:59.250137
Frontier Power USA成立 加速美製長時儲能基礎設施部署,https://www.globenewswire.com/news-release/2026/05/13/3293859/0/en/Frontier-Power-USA-Formed-to-Accelerate-Deployment-of-American-Made-Long-Duration-Energy-Storage-Infrastructure.html,GlobeNewswire,2026-05-13T11:05:00Z,環球新聞網於2026年5月13日報導，新成立的Frontier Power USA公司宣布成立，旨在加速部署關鍵的公用事業級長時儲能基礎設施。該平台將利用美國本土製造技術，推動储能產業規模化發展，支持美國能源獨立戰略。,True,2026-05-15T01:30:59.250138
AZIO AI獲6MW多兆瓦基礎設施訂單 德州AI數據中心擴張加速,https://www.prnewswire.com/news-releases/azio-ai-secures-multi-megawatt-infrastructure-order-to-advance-modular-ai-data-center-expansion-in-south-texas-302770320.html,PRNewswire,2026-05-13T11:00:00Z,PRNewswire於2026年5月13日報導，AZIO AI公司獲得來自Envirotech Vehicles公司的多兆瓦模組化AI數據中心基礎設施訂單，新增約6MW部署規模。該項目採用本土電源供應，推動可擴展AI基礎設施在南德州的快速部署。,True,2026-05-15T01:30:59.250140
Eos Energy與黑榜資本聯手推動美製儲能規模化部署,https://www.globenewswire.com/news-release/2026/05/13/3293802/0/en/Eos-Energy-Enterprises-and-Cerberus-Capital-Management-Announce-Frontier-Power-USA-to-Deploy-American-Made-Long-Duration-Energy-Storage-at-Scale.html,GlobeNewswire,2026-05-13T10:30:00Z,環球新聞網於2026年5月13日報導，Eos Energy企業與黑榜資本管理公司宣布成立Frontier Power USA，專門用於規模化部署美製長時儲能系統。該公司將利用Eos垂直整合的技術堆棧，加速吉瓦級美製儲能基礎設施的部署。,True,2026-05-15T01:30:59.250141
希臘總理承諾電價持續下降 債務負擔逐步改善,https://en.protothema.gr/2026/05/13/mitsotakis-electricity-prices-will-continue-to-fall-greece-will-not-be-the-most-heavily-indebted-country-in-europe/,Protothema.gr,2026-05-13T10:01:00Z,Protothema於2026年5月13日報導，希臘總理米佐塔基斯表示，電力價格將繼續下降，希臘電價已低於歐盟平均水準。他強調歐洲主要問題是生活成本上升，並保留視需要推出新措施的可能性，同時宣布希臘將不再是歐洲債務最重國家。,True,2026-05-15T01:30:59.250142
Co-Packaged Optics在AI數據中心市場的應用與技術預測（2026-2034）,https://en.protothema.gr/2026/05/13/a-turkish-warship-harassed-a-vessel-laying-a-cable-between-astypalaia-and-kos-the-frigate-adrias-responded/,Protothema.gr,2026-05-13T09:49:16Z,根據GlobeNewswire 2026年5月13日報導，Co-Packaged Optics (CPO)技術通過解決AI叢集的頻寬與延遲問題，提升效率與可擴展性，預計到2026年將成為AI數據中心的主要互連技術。報告涵蓋30多家關鍵CPO廠商的路線圖，為業界提供商業成長與創新的新機遇。,True,2026-05-15T01:30:59.250144
汽車光纖通訊與供應鏈研究報告2026：中央運算架構驅動高速互連需求,https://www.globenewswire.com/news-release/2026/05/13/3293748/28124/en/Co-Packaged-Optics-in-the-AI-Data-Center-Market-and-Technology-Forecast-Report-2026-2034-Roadmaps-of-30-Key-CPO-Firms-and-How-They-Identify-Their-Roadmaps-with-AI-and-Rebrand-CPO-a.html,GlobeNewswire,2026-05-13T09:16:00Z,GlobeNewswire 2026年5月13日發布報告指出，隨著整車製造商轉向中央運算架構，汽車光纖通訊應用前景廣闊。光纖相比銅纜具備高速率、低延遲等優勢，涵蓋5家OEM廠商、8種架構方案與12種通訊元器件，成為未來整車電子架構升級的關鍵技術。,True,2026-05-15T01:30:59.250145
中國汽車下一代通訊與模組產業報告2026：衛星通訊與車載eCall系統成新競爭焦點,https://www.globenewswire.com/news-release/2026/05/13/3293729/28124/en/Automotive-Cloud-Service-Platform-Research-Report-2026-Featuring-8-Automotive-Public-Cloud-Platforms-and-Cloud-Platform-Layout-of-15-OEMs.html,GlobeNewswire,2026-05-13T08:55:00Z,根據GlobeNewswire 2026年5月13日報導，汽車通訊領域正朝5G-Advanced、衛星通訊與V2X整合系統演進。這些創新技術支撐自動駕駛、AI互動與數位生活應用，成為中國OEM廠商差異化競爭的新焦點，推動智能網聯汽車產業升級。,True,2026-05-15T01:30:59.250148
汽車雲服務平台研究報告2026：15家OEM雲平台佈局與架構升級,https://www.globenewswire.com/news-release/2026/05/13/3293721/28124/en/Automotive-Optical-Fiber-Communication-and-Supply-Chain-Research-Report-2026-Featuring-Automotive-Optical-Fiber-Communication-Layout-of-5-OEMs-8-Architecture-Solutions-12-Communica.html,GlobeNewswire,2026-05-13T08:33:00Z,GlobeNewswire 2026年5月13日發布報告顯示，汽車雲服務平台正經歷架構升級與算力增強，焦點從硬體轉向服務品質。雲服務商透過演算法最佳化與雲原生AI技術強化競爭力，而OEM廠商積極建設自有雲平台生態，推動整個產業的數位化轉型與創新發展。,True,2026-05-15T01:30:59.250149
China Automotive Next-Generation Communication and Modules Industry Report 2026: Integration of Satellite Communication Links and In-Vehicle eCall Systems Becoming a New Competitive Focus for OEMs,https://www.globenewswire.com/news-release/2026/05/13/3293713/28124/en/China-Automotive-Next-Generation-Communication-and-Modules-Industry-Report-2026-Integration-of-Satellite-Communication-Links-and-In-Vehicle-eCall-Systems-Becoming-a-New-Competitive.html,GlobeNewswire,2026-05-13T08:23:00Z,"The automotive communication sector is evolving with prominent opportunities in next-gen technologies like 5G-Advanced, satellite communications, and integrated V2X systems. These innovations facilitate autonomous driving, AI interaction, and digital living s…",True,2026-05-15T01:30:59.250151
Frankenpipelines: Inside Trump’s bid to resurrect Keystone XL and stretch Dakota Access north,https://fortune.com/2026/05/13/frankenpipelines-inside-trumps-bid-resurrect-keystone-xl-stretch-dakota-access-north/,Fortune,2026-05-13T07:06:00Z,"A patchwork of smaller, connected projects using existing pipe aims to resurrect Keystone XL and extend the Dakota Access Pipeline to Canada.",True,2026-05-15T01:30:59.250152
Fluence Announces Pricing of Secondary Offering of Class A Common Stock by Existing Controlling Stockholders,https://www.globenewswire.com/news-release/2026/05/13/3293628/0/en/Fluence-Announces-Pricing-of-Secondary-Offering-of-Class-A-Common-Stock-by-Existing-Controlling-Stockholders.html,GlobeNewswire,2026-05-13T04:41:00Z,"ARLINGTON, Va., May 13, 2026 (GLOBE NEWSWIRE) -- Fluence Energy, Inc. (“Fluence”) (NASDAQ: FLNC), a global market leader delivering intelligent energy storage, operational services, and asset optimization software, announced today the pricing of an underwritt…",True,2026-05-15T01:30:59.250156
AEP ANNOUNCES PRICING OF COMMON STOCK OFFERING WITH A FORWARD COMPONENT,https://www.prnewswire.com/news-releases/aep-announces-pricing-of-common-stock-offering-with-a-forward-component-302770271.html,PRNewswire,2026-05-13T02:16:00Z,"COLUMBUS, Ohio, May 12, 2026 /PRNewswire/ -- American Electric Power (Nasdaq: AEP) today announced the pricing of a registered underwritten offering of 20,472,442 shares of its common stock at a price to the public of $127.00 per share. Subject to certain con…",True,2026-05-15T01:30:59.250157
"2,300-Mile 2022 Ferrari SF90 Spider",https://bringatrailer.com/listing/2022-ferrari-sf90-spider-10/,Bringatrailer.com,2026-05-14T00:20:12Z,"This 2022 Ferrari SF90 Spider was specified with approximately $166k in options, some of which include carbon-fiber exterior and interior accents as well as Rosso Vintage Range leather, which covers the power-adjustable seats. Having 2,300 miles, it is powere…",True,2026-05-15T01:30:59.571990
16k-Mile 2012 Porsche 911 Turbo S Coupe,https://bringatrailer.com/listing/2012-porsche-911-turbo-s-coupe-28/,Bringatrailer.com,2026-05-13T23:55:09Z,"This 997.2 2012 Porsche 911 Turbo S coupe is finished in Ipanema Blue Metallic over Black Full leather and has 16k miles. It features the Carbon Interior and Sport Chrono packages as well as body-color lower bodywork, clear taillights, 19"" RS Spyder forged wh…",True,2026-05-15T01:30:59.572000
2014 BMW M5 Competition Package 6-Speed,https://bringatrailer.com/listing/2014-bmw-m5-53/,Bringatrailer.com,2026-05-13T23:03:50Z,"This 2014 BMW M5 was acquired by the owner from BMW Seattle, Washington, in 2017 and now has 51k miles. One of a reported 118 M5s produced for the North American market with the combination of a manual transmission and the Competition Package, it is powered b…",True,2026-05-15T01:30:59.572002
2008 Mercedes-Benz CL600 at No Reserve,https://bringatrailer.com/listing/2008-mercedes-benz-cl600-35/,Bringatrailer.com,2026-05-13T23:00:08Z,"This 2008 Mercedes-Benz CL600 is powered by a twin-turbocharged 5.5-liter V12 paired with a five-speed automatic transmission and is finished in black over matching Exclusive leather. Equipment includes a sunroof, bi-xenon headlights, parking sensors, Active …",True,2026-05-15T01:30:59.572003
18k-Mile 2006 Mercedes-Benz SL65 AMG,https://bringatrailer.com/listing/2006-mercedes-benz-sl65-amg-69/,Bringatrailer.com,2026-05-13T22:41:36Z,"This 2006 Mercedes-Benz SL65 AMG is finished in Mars Red over Charcoal Nappa leather and has 18k miles. It is powered by a twin-turbocharged 6.0-liter V12 paired with a five-speed automatic transmission, and additional equipment includes a power-retractable h…",True,2026-05-15T01:30:59.572006
1997 Honda Del Sol Si 5-Speed,https://bringatrailer.com/listing/1997-honda-del-sol-3/,Bringatrailer.com,2026-05-13T22:34:02Z,"This 1997 Honda del Sol Si resided with its original owner in California until it was purchased in 2025 by the seller, who has driven approximately 500 of the 57k miles shown. Power is provided by a 1.6-liter inline-four linked to a five-speed manual transaxl…",True,2026-05-15T01:30:59.572008
2011 BMW 1M,https://bringatrailer.com/listing/2011-bmw-1m-194/,Bringatrailer.com,2026-05-13T22:28:20Z,"This Canadian-market 2011 BMW 1M is one of 983 cars delivered to North America during the model’s single-year production run, and it spent time in multiple provinces before being sold on BaT in February 2023 and subsequently brought to the US. Finished in Val…",True,2026-05-15T01:30:59.572009
2001 Porsche 911 Turbo Coupe 6-Speed,https://bringatrailer.com/listing/2001-porsche-911-turbo-coupe-134/,Bringatrailer.com,2026-05-13T21:46:32Z,"This 2001 Porsche 911 Turbo coupe has been registered in California since new and now has 56k miles. Finished in Polar Silver Metallic over Graphite Grey full leather, it is powered by a twin-turbocharged 3.6L flat-six that drives all four wheels via a six-sp…",True,2026-05-15T01:30:59.572011
36k-Mile 2005 Dodge Ram SRT-10 Quad Cab,https://bringatrailer.com/listing/2005-dodge-ram-srt-10-122/,Bringatrailer.com,2026-05-13T20:57:54Z,"This 2005 Dodge Ram SRT-10 Quad Cab pickup is powered by a Viper-sourced 8.3-liter V10 linked with a four-speed automatic transmission and a Dana 60 rear axle with a limited-slip differential. Finished in black over Medium Slate Gray leather and suede, the tr…",True,2026-05-15T01:30:59.572012
2023 BMW M4 Competition xDrive Coupe,https://bringatrailer.com/listing/2023-bmw-m4-competition-xdrive-4/,Bringatrailer.com,2026-05-13T20:51:19Z,"This 2023 BMW M4 Competition xDrive coupe was purchased new by the current owner, who specified it in Tanzanite Blue II Metallic and with heated M Carbon Bucket Seats, Icon Adaptive LED headlights, and the Driving Assistance Pro, Parking Assistance, and Execu…",True,2026-05-15T01:30:59.572013
2022 CRG KT2 Go-Kart at No Reserve,https://bringatrailer.com/listing/2022-crg-kt2/,Bringatrailer.com,2026-05-13T20:49:00Z,"This 2022 KT2 go-kart was built by CRG of Lonato del Garda, Italy, and is powered by a 100cc air-cooled IAME carbureted single, linked to a centrifugal clutch and drive chain. The kart features a chromoly frame finished in black with black, orange, and silver…",True,2026-05-15T01:30:59.572015
44k-Mile 2018 Mercedes-Benz E400 Cabriolet,https://bringatrailer.com/listing/2018-mercedes-benz-e400-cabriolet-3/,Bringatrailer.com,2026-05-13T20:47:05Z,This 2018 Mercedes-Benz E400 cabriolet was ordered in Designo Cardinal Red Metallic over Macchiato Beige Nappa leather and was optioned with the AMG Line and Premium 1 packages. The car has been registered in California since new and has 44k miles. It is powe…,True,2026-05-15T01:30:59.572016
2003 Aston Martin V12 Vanquish at No Reserve,https://bringatrailer.com/listing/2003-aston-martin-v12-vanquish-28/,Bringatrailer.com,2026-05-13T20:41:55Z,"This 2003 Aston Martin V12 Vanquish is one of 2,589 examples built between 2001 and 2007. It has 41k miles and has been registered in California and Florida from new. The car is finished in silver over black leather with diamond-stitched gray accents, and it …",True,2026-05-15T01:30:59.572018
"2,500-Mile 2021 Harley-Davidson Pan America 1250 Special at No Reserve",https://bringatrailer.com/listing/2021-harley-davidson-pan-america-1250-special-3/,Bringatrailer.com,2026-05-13T20:11:32Z,"This 2021 Harley-Davidson Pan America 1250 Special was initially delivered in Florida and was purchased by the seller on BaT in February 2025. Finished in Baja Orange & Stone Washed White Pearl, the bike is powered by a 1,252cc Revolution Max V-twin paired wi…",True,2026-05-15T01:30:59.572019
2023 Audi RS6 Avant,https://bringatrailer.com/listing/2023-audi-rs6-avant-17/,Bringatrailer.com,2026-05-13T20:11:12Z,"This 2023 Audi RS6 Avant was initially delivered to The Audi Exchange of Highland Park, Illinois, and it has 26k miles. The car was ordered in Nardo Gray over Cognac Valcona leather and was optioned with the Executive, Black Optic, and Driver Assistance packa…",True,2026-05-15T01:30:59.572021
Ian Walker's death haunted his friends. His sister's love solved the mystery,https://www.abc.net.au/news/2026-05-14/tragic-death-of-ian-walker-and-how-his-abuse-was-uncovered/106591296,ABC News (AU),2026-05-13T20:08:14Z,"Ian Walker was one of the most promising athletes in the country until his life started to unravel, and the search for the truth in his tragic story has finally come to light.",True,2026-05-15T01:30:59.572022
13k-Mile 2005 Dodge Ram SRT-10 Quad Cab at No Reserve,https://bringatrailer.com/listing/2005-dodge-ram-srt-10-123/,Bringatrailer.com,2026-05-13T20:07:14Z,"This 2005 Dodge Ram SRT-10 Quad Cab pickup is powered by a Viper-sourced 8.3-liter V10 linked with a four-speed automatic transmission and a Dana 60 rear axle with a limited-slip differential, and it is finished in Bright Silver Metallic over Medium Slate Gra…",True,2026-05-15T01:30:59.572025
2008 BMW 335xi Sport Coupe 6-Speed at No Reserve,https://bringatrailer.com/listing/2008-bmw-335xi-coupe-5/,Bringatrailer.com,2026-05-13T20:06:11Z,"This 2008 BMW 335xi coupe was acquired in 2025 by the selling dealer, who subsequently replaced the twin-turbocharged 3.0L inline-six that has been rertofitted with remanufactured turbochargers, Index 12 fuel injectors, VRSF chargepipes, and an MSD81 ECU with…",True,2026-05-15T01:30:59.572027
2008 Bentley Continental GTC Mulliner,https://bringatrailer.com/listing/2008-bentley-continental-gtc-60/,Bringatrailer.com,2026-05-13T20:02:10Z,"This 2008 Bentley Continental GTC was initially sold in Florida and spent time in New York and Ontario, Canada, before the seller's acquisition on BaT in July 2025. Finished in black over black leather, the car is powered by a twin-turbocharged 6.0-liter W12 …",True,2026-05-15T01:30:59.572028
13k-Mile 2012 Mercedes-Benz E550 Coupe,https://bringatrailer.com/listing/2012-mercedes-benz-e550-coupe-4/,Bringatrailer.com,2026-05-13T19:57:26Z,This 2012 Mercedes-Benz E550 coupe is powered by a twin-turbocharged 4.6-liter V8 paired with a seven-speed automatic transmission and is finished in Palladium Silver Metallic over Beige leather. The car is modified with a RENNtech ECU calibration and muffler…,True,2026-05-15T01:30:59.572030
24k-Mile 2016 Mercedes-AMG G65,https://bringatrailer.com/listing/2016-mercedes-amg-g65-10/,Bringatrailer.com,2026-05-13T19:20:07Z,"This 2016 Mercedes-AMG G65 has been registered in California since new and now has 24k miles. Finished in Tectite Gray Metallic over Designo Black leather, it is powered by a twin-turbocharged 6.0-liter V12 linked with a seven-speed automatic transmission, a …",True,2026-05-15T01:30:59.572031
2013 BMW X5 xDrive50i M Sport,https://bringatrailer.com/listing/2013-bmw-x5-66/,Bringatrailer.com,2026-05-13T19:15:57Z,"This 2013 BMW X5 xDrive50i was ordered new with the M Sport, Technology, Cold Weather, and Rear Climate packages, which together provided Adaptive Drive, Park Distance Control parking sensors, roof rails, heated front sport seats, heated rear seats, a heated …",True,2026-05-15T01:30:59.572032
"2011 Cadillac CTS-V Coupe：15,000英里超級增壓V8手排跑車",https://bringatrailer.com/listing/2011-cadillac-cts-v-50-2/,Bringatrailer.com,2026-05-13T18:12:31Z,"來源：Bringatrailer.com，2026年5月13日。該2011年款Cadillac CTS-V Coupe搭載6.2升LSA V8超級增壓引擎，配備六速手動變速箱與限滑差速器，僅行駛15,000英里。車輛採用Crystal Red Tintcoat紅色噴漆，內裝為Ebony黑色皮革搭配麂皮微纖維飾板，展現高性能肌肉車的經典配置。",True,2026-05-15T01:30:59.572034
2006年Bentley Continental Flying Spur：雙渦輪W12豪華房車,https://bringatrailer.com/listing/2006-bentley-continental-flying-spur-83/,Bringatrailer.com,2026-05-13T17:50:13Z,來源：Bringattrailer.com，2026年5月13日。該2006年Bentley Continental Flying Spur配備6.0升雙渦輪增壓W12引擎，全輪驅動，採用六速自動變速箱與Torsen中央差速器。車身Schwarz黑色搭配米色皮革內裝，配置包含太陽能輔助系統等豪華配備，代表英倫超豪華轎車工藝。,True,2026-05-15T01:30:59.572035
葛萊美獎得主Ledisi加盟百老匯新劇《Wanted》演員陣容,http://deadline.com/2026/05/wanted-broadway-musical-solea-pfeiffer-liisi-lafontaine-1236757771/,Deadline,2026-05-13T17:24:00Z,來源：Deadline，2026年5月13日。葛萊美獎得主、歌手兼演員Ledisi將於秋季登上百老匯舞台，在新音樂劇《Wanted》中飾演主角Tallulah Clarke一角，與Solea Pfeiffer與Liisi LaFontaine並肩演出。此舉標誌Ledisi跨足百老匯舞台的重要職涯里程碑。,True,2026-05-15T01:30:59.572037
Freestyle Photo Moments推出雙城婚禮互動拍照服務,https://www.globenewswire.com/news-release/2026/05/13/3294314/0/en/Freestyle-Photo-Moments-Launches-Exciting-Twin-Cities-Wedding-Reception-Photo-Booth-Entertainment-Service.html,GlobeNewswire,2026-05-13T16:58:00Z,來源：GlobeNewswire，2026年5月13日。該服務提供創新互動式拍照體驗，讓婚禮賓客直接透過手機進行拍攝、分享、列印與即時保存，將每位來客轉變為攝影師。該平台整合行動拍照與實時分享功能，提升婚禮娛樂體驗與賓客參與度。,True,2026-05-15T01:30:59.572038
2024年McLaren 750S Spider：超跑新車配碳纖維豪配,https://bringatrailer.com/listing/2024-mclaren-750s-16/,Bringatrailer.com,2026-05-13T16:50:08Z,"來源：Bringattrailer.com，2026年5月13日。該2024年McLaren 750S Spider敞篷超跑由Newport Beach McLaren官方經銷商出售，僅行駛2,500英里。車主選配超過10萬美元的升級套件，包括Exterior Details Carbon Fibre Pack與Carbon Fibre Interior Pack等高性能碳纖維配件。",True,2026-05-15T01:30:59.572039
非動物替代測試市場規模至2030年達294億美元，年複合成長率13.5%,https://www.prnewswire.com/news-releases/non-animal-alternative-testing-market-size-to-reach-29-4-billion-by-2030--globally-at-13-5-cagr-allied-market-research-302771236.html,PRNewswire,2026-05-13T16:16:00Z,來源：PRNewswire，2026年5月13日。根據Allied Market Research報告，全球非動物替代測試市場由動物福利意識提升、非動物測試方法開發，以及精準性與可預測性需求推動成長。該市場涵蓋體外檢測、電腦模型與器官晶片等先進技術，反映製藥與化學產業對人道化、高效測試方案的需求增長。,True,2026-05-15T01:30:59.572041
明尼蘇達州時薪調漲政策引發就業率下滑爭議,https://www.foxnews.com/politics/twin-cities-wage-hikes-roasted-after-report-exposes-job-crushing-fallout-tim-walzs-backyard,Fox News,2026-05-13T15:00:32Z,來源：Fox News，2026年5月13日。聯邦準備銀行明尼蘇達分行研究發現，雙城地區15美元時薪政策與就業人數及工作時數下降相關。該研究為全國性時薪調升政策辯論提供實證數據，凸顯最低薪資政策對就業市場的複雜影響。,True,2026-05-15T01:30:59.572042
Animoca支持的NUVA將Figure 190億美元代幣化資產接入以太坊,https://www.coindesk.com/business/2026/05/13/animoca-backed-nuva-connects-figure-s-usd19-billion-of-tokenized-assets-to-ethereum,CoinDesk,2026-05-13T15:00:00Z,來源：CoinDesk，2026年5月13日。由前紐約銀行高管Anthony Moro領導的NUVA協議旨在連結現實世界資產與DeFi市場，首批應用包括房產�淨值信用額度與美國國債代幣化。該協議展現傳統金融資產代幣化與區塊鏈整合的新進展。,False,2026-05-15T01:30:59.572043
Brickken與Magma合作推出代幣化不動產淨資產價值預言機,https://cointelegraph.com/press-releases/brickken-and-magma-partner-to-deliver-net-asset-value-nav-oracle-for-tokenized-real-estate,Cointelegraph,2026-05-13T15:00:00Z,來源：Cointelegraph，2026年5月13日。該協議基於Magma的Digital Twin Token（DTT）與Brickken機構級代幣化基礎設施，旨在消除阻礙代幣化不動產發展的資料缺口。透過整合數位孿生技術與鏈上資產驗證，提升代幣化不動產的透明度與可信度。,True,2026-05-15T01:30:59.572045
供應鏈管理市場規模至2034年達939億美元，年複合成長率10.9%,https://www.prnewswire.com/news-releases/supply-chain-management-market-to-reach-usd-93-9-billion-globally-by-2034-at-10-9-cagr-allied-market-research-302771121.html,PRNewswire,2026-05-13T14:49:00Z,來源：PRNewswire，2026年5月13日。根據Allied Market Research分析，全球供應鏈管理（SCM）市場在製造、零售、物流、醫療與電商等多產業持續穩定滲透。市場成長驅動因素包括營運效率優化需求、實時可視化追蹤與數位轉型趨勢，反映企業對整合化供應鏈解決方案的迫切需求。,True,2026-05-15T01:30:59.572046
French Care 在 SantExpo 展示數位雙胞胎、外骨骼與虛擬實境醫療創新,https://www.futura-sciences.com/sante/actualites/medecine-jumeau-numerique-exosquelettes-realite-virtuelle-french-care-presente-sante-demain-santexpo-134437/,Futura,2026-05-13T14:30:00Z,據 Futura 報導（2026年5月13日），French Care 將在5月19-21日的 SantExpo 2026 展會上展示變革醫療產業的創新技術。展示內容涵蓋數位雙胞胎（Digital Twin）、新一代醫療設備及相關應用，強調預測性、個人化與互聯醫療的發展方向，代表未來醫療技術整合趨勢。,True,2026-05-15T01:30:59.572048
"2006年 Mini Cooper S，26,000英里低里程車源",https://bringatrailer.com/listing/2006-mini-cooper-s-86-2/,Bringatrailer.com,2026-05-13T13:30:08Z,"據 Bringatrailer.com 報導（2026年5月13日），此部加州註冊的2006年 Mini Cooper S 於2023年11月由賣家取得，目前里程數為26,000英里。車輛已安裝索尼藍牙立體聲主機，並進行恆溫器、電池等保養維護，保有原廠設計與低使用記錄。",True,2026-05-15T01:30:59.572049
2012年 Mercedes-Benz E550 敞篷車，北卡州長期保有車源,https://bringatrailer.com/listing/2012-mercedes-benz-e550-cabriolet-17/,Bringatrailer.com,2026-05-13T13:20:23Z,"據 Bringatrailer.com 報導（2026年5月13日），此部2012年 Mercedes-Benz E550 敞篷車自2014年起在北卡州註冊，目前里程數59,000英里。車身為鋼灰色金屬漆配灰色真皮內飾，搭載雙渦輪增壓4.6升V8引擎及七速自動變速箱。",True,2026-05-15T01:30:59.572050
IP Fabric 擴展 NetBox 整合，提供企業網路持續驗證能力,https://www.globenewswire.com/news-release/2026/05/13/3294068/0/en/IP-Fabric-Expands-NetBox-Integration-to-Deliver-Continuous-Network-Validation-for-Enterprise-Operations.html,GlobeNewswire,2026-05-13T13:04:00Z,據 GlobeNewswire 報導（2026年5月13日），IP Fabric 新功能可幫助企業將網路意圖與運營現狀對齊，降低自動化及配置變更的風險。該整合方案強化網路驗證（Network Validation）機制，支持企業在複雜運營環境中保持配置一致性與安全性。,True,2026-05-15T01:30:59.572052
"環球影城投資1,000萬美元建設主題樂園人才培訓學校",https://insidethemagic.net/2026/05/universal-is-spending-10-million-dollars-to-build-the-future-of-theme-park-talent-el1/,Inside the Magic,2026-05-13T12:31:42Z,"據 Inside the Magic 報導（2026年5月13日），環球影城宣布投資1,000萬美元與 UCF 羅森酒店管理學院合作，建設「環球體驗領導力與創新學校」。學校課程涵蓋創意、科技、商業策略及客户體驗等領域，為主題樂園產業培養高階人才。",True,2026-05-15T01:30:59.572053
Thea Energy 平面整形線圈成功運轉，Eos 仲裁子達成穩態融合,https://www.globenewswire.com/news-release/2026/05/13/3293984/0/en/Thea-Energy-Announces-Successful-Operation-of-Full-Scale-Planar-Shaping-Coils.html,GlobeNewswire,2026-05-13T12:30:00Z,據 GlobeNewswire 報導（2026年5月13日），Thea Energy 首座 Eos 規格磁體成功達成電廠級穩態核融合所需的磁場與電流條件。該平面整形線圈（Planar Shaping Coils）技術突破為其 Eos 仲裁子反應堆開發奠定基礎，代表核融合工程實現重要進展。,True,2026-05-15T01:30:59.572054
超增壓 Coyote 引擎 Factory Five Racing Mk5 路車原型機,https://bringatrailer.com/listing/1970-factory-five-mk5-roadster/,Bringatrailer.com,2026-05-13T12:25:12Z,據 Bringatrailer.com 報導（2026年5月13日），此部 Factory Five Racing Mk5 Roadster 為原廠生產測試原型車。搭載超增壓5.0升第三代 Coyote V8 引擎，配 Tremec TKX 五速手動變速箱，採纖維玻璃車身設計，代表輕量化高性能跑車工程。,True,2026-05-15T01:30:59.572056
"2017年 McLaren 570GT，32,000英里雙座跑車",https://bringatrailer.com/listing/2017-mclaren-570gt-17/,Bringatrailer.com,2026-05-13T12:15:07Z,"據 Bringatrailer.com 報導（2026年5月13日），此部白色內裝棕色皮革的2017年 McLaren 570GT 里程數32,000英里，由賣家於2025年購入。搭載雙渦輪增壓3.8升V8引擎配七速 SSG 自動變速箱，配有緞面保護膜，展現超跑工程水準。",True,2026-05-15T01:30:59.572057
普惠與奇異電氣準備組裝下一代自適應循環引擎 NGAP,https://theaviationist.com/2026/05/13/pratt-whitney-and-ge-set-to-assemble-next-gen-adaptive-cycle-engines/,Theaviationist.com,2026-05-13T11:54:22Z,據 Theaviationist.com 報導（2026年5月13日），普惠與奇異電氣完成 XA103、XA102 引擎組裝準備評審，啟動供應鏈為 NGAP 引擎實體組裝做準備。該計畫推進自適應循環引擎（Adaptive Cycle Engine）技術發展，代表航空推進系統邁向下一世代。,True,2026-05-15T01:30:59.572059
洛克希德馬丁三倍擴產飛彈，新彈藥中心奠基,https://www.breitbart.com/politics/2026/05/13/lockheed-martin-triples-missile-production-as-new-munitions-center-breaks-ground-2/,Breitbart News,2026-05-13T11:50:27Z,據 Breitbart News 報導（2026年5月13日），洛克希德馬丁宣布直接投資美國就業與產業發展，新彈藥製造中心開工建設。該舉措三倍提升飛彈產能，強化國防工業基礎與安全產能，體現美國國防工業現代化戰略。,True,2026-05-15T01:30:59.572060
政治新聞非半導體產業內容,https://www.poynter.org/commentary/2026/i-dont-think-about-americans-financial-situation-trump/,Poynter,2026-05-13T11:30:35Z,此篇文章來自Poynter（2026-05-13），內容涉及美國政治動態，非半導體或科技產業新聞，不符合編輯篩選標準。,False,2026-05-15T01:30:59.572063
FIBER 1.1.0：光學運算平台MCP伺服器支援AI資料中心,https://pypi.org/project/fiber-mcp/1.1.0/,Pypi.org,2026-05-13T10:42:18Z,根據PyPI官方（2026-05-13），FIBER推出1.1.0版本，為AI資料中心提供光學運算平台MCP伺服器解決方案。該工具集成gNMI遠端測量、機器學習預測、Digital Twin、NCCL光學相關性分析與SPARQL語義查詢等功能，可有效優化光互連網路性能與資料中心運營效率。,True,2026-05-15T01:30:59.572064
人工智慧推動義大利中小企業轉型,https://www.ilsole24ore.com/art/l-intelligenza-artificiale-puo-spingere-pmi-italiane-AIRGi51C,Il Sole 24 Ore,2026-05-13T07:50:21Z,Il Sole 24 Ore報導（2026-05-13），義大利產業正面臨如何在企業內部有效整合AI技術的挑戰。受訪企業領袖Floriano Masoero認為，AI導入將成為未來數年義大利產業競爭力的關鍵因素。,True,2026-05-15T01:30:59.572066
汽車產業新聞非半導體相關內容,https://paultan.org/2026/05/13/audi-q9-bahagian-dalam-pesaing-bmw-x7-mercedes-gls-didedah-tiga-baris-tempat-duduk-pintu-kuasa/,Paul Tan's Automotive News,2026-05-13T06:14:10Z,此篇文章來自Paul Tan's Automotive News（2026-05-13），內容為Audi Q9豪華SUV車型介紹，屬汽車產業資訊，非半導體產業範疇。,True,2026-05-15T01:30:59.572067
社會議題新聞非半導體產業內容,https://www.counterpunch.org/2026/05/13/neighborism-is-not-having-a-moment/,CounterPunch,2026-05-13T05:59:27Z,此篇文章來自CounterPunch（2026-05-13），內容涉及社會政策與移民議題，非半導體或科技產業新聞，不符合編輯篩選標準。,False,2026-05-15T01:30:59.572069
美國XA103六代戰機計畫：自適應引擎整合AI與隱形技術,https://www.ilgiornale.it/news/difesa/pentagono-pensa-caccia-futuro-cosa-sappiamo-dellxa103-2663081.html,Ilgiornale.it,2026-05-13T05:00:31Z,Ilgiornale.it報導（2026-05-13），美國國防部加速推進XA103六代戰鬥機計畫，採用自適應引擎技術，整合AI、隱形(Stealth)能力與先進感測系統，重新定義未來空中優勢戰略。此計畫代表高效能晶片與AI演算在國防應用的關鍵進展。,False,2026-05-15T01:30:59.572070
Celonis併購Ikigai Labs強化企業AI決策智能與流程智慧化,https://siliconangle.com/2026/05/12/celonis-buys-decision-intelligence-startup-ikigai-labs-provide-operational-context-enterprise-ai/,SiliconANGLE News,2026-05-13T02:20:51Z,根據SiliconANGLE News（2026-05-13），流程挖掘軟體廠商Celonis SE宣布收購MIT關聯新創Ikigai Labs。該併購將賦能Celonis開發新一代「Context Model」，為企業AI應用提供營運環境脈絡理解，強化決策智能與流程自動化價值。,True,2026-05-15T01:30:59.572071
physiomotion4d：Omniverse醫學影像解剖模型生成工具,https://pypi.org/project/physiomotion4d/,Pypi.org,2026-05-13T16:33:53Z,PyPI新增physiomotion4d套件（2026-05-14），為醫學影像處理軟體，可從4D醫學影像資料生成具有生理運動的解剖模型，並整合至Nvidia Omniverse平台。該工具應用於醫療影像分析與數位孿生領域。,True,2026-05-15T01:30:59.841682
locus-sdk 0.2.0b6：Oracle生成式AI多代理工作流程框架,https://pypi.org/project/locus-sdk/0.2.0b6/,Pypi.org,2026-05-14T01:18:14Z,PyPI發布locus-sdk 0.2.0b6版本（2026-05-14），提供Python多代理工作流程編排引擎，支援流式處理、分支控制、人工暫停與延遲恢復機制。底層採用Oracle生成式AI技術，適用於企業自動化與決策支援系統。,True,2026-05-15T01:31:00.213947
科技企業家避稅政策爭議逃離華盛頓州遷往德州,https://www.foxnews.com/media/tech-entrepreneur-flees-washington-due-companies-being-villainized,Fox News,2026-05-14T01:00:31Z,Fox News報導（2026-05-14），華盛頓科技企業家Jesse Proudman加入遷移德州浪潮，抨擊該州新設「百萬富翁稅」違憲且損害就業。此現象反映科技產業對稅收政策與營商環境的敏感度。,True,2026-05-15T01:31:00.213957
前世記憶話題流傳，兒童超齡言語引發家庭關注,https://www.secretchina.com/news/gb/2026/05/14/1099102.html,Secretchina.com,2026-05-14T01:00:00Z,本文來自Secretchina.com，2026年5月14日。報導探討網路與民間流傳的「前世記憶」現象，指出越來越多兒童在年幼時期突然表現出超越其年齡的語言能力、知識水平與情感表達，這些事件案例正引發許多家庭的重視與討論。,True,2026-05-15T01:31:00.213959
Xero股價下跌，營收增長被Melio成本壓制,https://www.fool.com.au/2026/05/14/why-xero-shares-are-falling-despite-a-big-jump-in-revenue/,Motley Fool Australia,2026-05-14T00:59:09Z,根據Motley Fool Australia報導（2026年5月14日），儘管Xero公司實現營收大幅增長，其股價仍面臨下行壓力。主要原因係Melio相關成本對利潤造成負面影響，導致市場對其盈利能力的預期調整。,False,2026-05-15T01:31:00.213961
音響AI技術突破，디플리連續三年ICASSP論文入選,https://www.venturesquare.net/1082255/,Venturesquare.net,2026-05-14T00:30:44Z,根據Venturesquare報導（2026年5月14日），韓國新創디플리在全球最大音響與信號處理學會ICASSP連續三年實現論文錄取。該公司展示了低數據量AI精度提升技術與實時音源定位技術，並擴展在汽車、半導體工廠與公共安全領域的音響AI應用。,True,2026-05-15T01:31:00.213962
무하유推AI檢驗解決方案，開拓日本教育市場,https://www.venturesquare.net/1082235/,Venturesquare.net,2026-05-14T00:18:07Z,據Venturesquare報導（2026年5月14日），無하유在日本最大教育IT展覽EDIX Tokyo 2026推出日文版抄襲及AI生成內容檢測工具「CopyMonitor」。隨著生成式AI應用激增，日本教育市場的AI驗證需求上升，該公司利用日文特化自然語言處理技術搶佔市場。,True,2026-05-15T01:31:00.213964
텔타推行為數據領導力診斷，革新團隊管理評估,https://www.venturesquare.net/1082228/,Venturesquare.net,2026-05-14T00:15:14Z,據Venturesquare報導（2026年5月14日），텔타將於5月20日舉辦HR研討會，聚焦「行為基礎團隊領導力診斷」主題。會議將剖析既有360度評估與自我評估的局限，並介紹基於模擬情景的領導力診斷方法，分析實際工作環境中的決策模式。,True,2026-05-15T01:31:00.213965
뉴패러다임推進AI原生組織轉型，分享新創實踐案例,https://www.venturesquare.net/1082215/,Venturesquare.net,2026-05-14T00:03:53Z,根據Venturesquare報導（2026年5月14日），뉴패러다임인베스트먼트在Coex舉辦「NP Family AI Seminar」，分享旗下企業的AI應用實例。涵蓋內容製作、物流、新藥開發與組織運營等領域的AI自動化案例，反映新創生態向「AI原生組織」轉變的趨勢。,True,2026-05-15T01:31:00.213967
Elastic分享AI代理生產部署經驗，100萬次消息傳遞的關鍵洞見,https://www.elastic.co/blog/building-ai-agents-elasticsearch-platform,Elastic.co,2026-05-14T00:00:00Z,根據Elastic.co報導（2026年5月14日），Elastic Field Technology團隊基於一年實踐與100萬次消息交互，總結了五項生產級AI代理開發經驗。重點包括日誌數據的核心價值、檢索閾值對質量的影響，以及高Token計數所反映的系統特徵。,True,2026-05-15T01:31:00.213970
Red Hat OpenShift AI 3.4推出AutoML與AutoRAG，簡化模型部署流程,https://www.redhat.com/en/blog/introducing-auto-ml-and-auto-rag-guided-experience-ai-engineers-red-hat-openshift-ai,Redhat.com,2026-05-14T00:00:00Z,根據Redhat.com報導（2026年5月14日），Red Hat OpenShift AI 3.4針對組織從AI實驗階段向可擴展生產環境過渡時面臨的複雜性，推出AutoML與AutoRAG引導式解決方案。該功能旨在降低手動構建高性能AI模型和檢索系統的技術門檻。,True,2026-05-15T01:31:00.213971
Amazon以Alexa取代Rufus，強化購物助手AI功能,https://www.cnet.com/tech/services-and-software/alexa-replaces-rufus-as-amazon-ai-shopping-assistant/,CNET,2026-05-13T23:31:04Z,根據CNET報導（2026年5月13日），Amazon推出新版Alexa for Shopping功能，可利用消費者數據協助產品搜索與推薦。此舉標誌著Amazon在AI購物助手策略的調整，用Alexa統一整合購物輔助功能。,True,2026-05-15T01:31:00.213973
Mohali數位行銷公司選擇指南與AAMAX.CO服務介紹,https://aamax.co/blog/digital-marketing-company-in-mohali,Aamax.co,2026-05-13T22:38:38Z,根據Aamax.co報導（2026年5月13日），文章介紹了Mohali數位行銷服務市場的選擇要點與該地區作為數位樞紐的發展背景，並展示AAMAX.CO提供的全球水準數位行銷解決方案與本地市場優勢。,True,2026-05-15T01:31:00.213974
南非用AI起草AI政策卻引用虛假文獻，政策遭撤回,https://www.techdirt.com/2026/05/13/south-africa-used-ai-to-write-its-now-withdrawn-ai-policy-the-citations-were-fake/,Techdirt,2026-05-13T22:17:55Z,據Techdirt報導（2026年5月13日），南非政府使用AI協助撰寫AI政策文件，但被發現引用了多個虛假的學術文獻。此事凸顯了在法律文件與政策制定中使用AI的風險，提醒相關機構必須對AI生成內容進行嚴格驗證，以確保引用資料的真實性與準確性。,True,2026-05-15T01:31:00.213975
軟體應用開發民主化：用戶可自建應用程式,https://www.theverge.com/tech/928905/vibe-code-personal-software-revolution,The Verge,2026-05-13T22:01:56Z,The Verge報導（2026年5月13日），傳統軟體開發的限制正在被打破。長期以來，使用者被侷限於程式設計師預先設定的功能與設計，新的發展趨勢正逐漸改變這一現況，賦予使用者更大的應用自主權與客製化能力。,False,2026-05-15T01:31:00.213977
數據工程必讀書籍指南：深化技術知識的專業資源,https://www.studyyourdata.com/2026/05/data-engineering-books-worth-having-on.html,Studyyourdata.com,2026-05-13T21:59:59Z,Studyyourdata.com報導（2026年5月13日），專業書籍在數據工程領域的學習中扮演關鍵角色。相比於基礎文檔，優質書籍能幫助從業者深入掌握Cloud Data Platform、SQL Engine與Machine Learning Pipeline等技術，是累積專業經驗的重要資源。,True,2026-05-15T01:31:00.213978
Meta為WhatsApp AI聊天推出隱私模式，強化用戶資料保護,https://japantoday.com/category/tech/meta-launches-whatsapp-%27incognito%27-mode-to-address-privacy-concerns-for-ai-chats,Japan Today,2026-05-13T21:58:54Z,據Japan Today報導（2026年5月13日），Meta正式推出WhatsApp的「隱私模式」功能，使用者可在與AI聊天機器人進行對話時啟用隱私保護。該功能旨在消除用戶對敏感資訊外洩的顧慮，透過臨時對話與消息自動刪除機制，強化AI聊天應用的隱私合規。,False,2026-05-15T01:31:00.213980
Meta推WhatsApp AI聊天隱私模式，保護用戶隱私數據,https://www.thehindubusinessline.com/info-tech/meta-launches-incognito-mode-for-whatsapp-ai-chats-to-boost-user-privacy/article70975844.ece,BusinessLine,2026-05-13T21:54:32Z,BusinessLine報導（2026年5月13日），Meta推出WhatsApp AI聊天的隱私模式，提供臨時對話、自動消息刪除與增強隱私控制。該功能回應用戶對AI應用中個人資訊安全的疑慮，強化了AI聊天機器人的隱私保護標準。,True,2026-05-15T01:31:00.213981
生成式AI輔助防禦性網路安全：Claude Code與GitHub Copilot CLI應用實踐,https://www.geeek.org/cybersecurite-defensive-ia-generative/,Geeek.org,2026-05-13T21:48:19Z,Geeek.org報導（2026年5月13日），Claude Code與GitHub Copilot CLI在防禦性網路安全領域的應用日趨成熟。包括程式碼審計、DevSecOps、SIEM監控、取證分析及NIS2/RGPD合規驗證等場景中，生成式AI已成為提升安全防護效率的關鍵工具。,True,2026-05-15T01:31:00.213983
YouTube宣布獨家節目內容，簽約知名創作者與主持人,https://variety.com/2026/tv/news/youtube-brandcast-upfront-alex-cooper-trevor-noah-kareem-rahma-1236747337/,Variety,2026-05-13T21:30:00Z,Variety報導（2026年5月13日），YouTube推出由Alex Cooper、Trevor Noah與Kareem Rahma等知名主持人製作的獨家節目。在過去數年內容策略調整後，YouTube轉向扶持創作者自製內容，此舉標誌其在數位影視生態中的新定位。,True,2026-05-15T01:31:00.213984
AI時代效率定義的重新詮釋與大腦適應策略,https://hbr.org/podcast/2026/05/redefining-what-efficiency-means-in-the-age-of-ai,Harvard Business Review,2026-05-13T21:20:00Z,Harvard Business Review報導（2026年5月13日），神經科學家Mithu Storoni探討人類大腦如何與AI協作以提升工作效能。在AI快速普及的時代，理解大腦神經運作機制與AI的協同方式，成為提升工作效率的新課題。,True,2026-05-15T01:31:00.213985
微軟擔憂OpenAI過度依賴：馬斯克訴Altman訴訟揭露內部分歧,https://www.cnbc.com/2026/05/13/microsoft-feared-openai-reliance-musk-altman-trial-testimony-reveals.html,CNBC,2026-05-13T21:05:59Z,CNBC報導（2026年5月13日），微軟高層在馬斯克訴Altman訴訟中作證，披露了與OpenAI合作初期的內部顧慮。微軟執行部門對長期依賴單一AI廠商的風險表達關切，凸顯科技巨頭在AI生態佈局中的策略考量。,False,2026-05-15T01:31:00.213987
後攝影時代的真實性困境：深度偽造與媒體驗證危機,https://fstoppers.com/originals/what-truth-post-photography-world-901844,Fstoppers,2026-05-13T21:03:01Z,Fstoppers報導（2026年5月13日），美國共和黨參議院委員會於2026年3月發佈含深度偽造視頻的政治廣告，影片呈現民主黨參議員候選人James Talarico的虛假發言。此事反映出AI生成視頻技術對政治傳播與媒體真實性的威脅，突顯驗證視聽內容的迫切需要。,True,2026-05-15T01:31:00.213988
Instagram Instants應用上線 提供消失式照片分享功能,https://www.wired.com/story/instagrams-new-instants-app-is-a-snapchat-clone-for-thirst-traps/,Wired,2026-05-13T20:49:17Z,據Wired報導（2026年5月13日），Instagram推出Instants應用，允許使用者發送會自動消失的照片。該應用類似Snapchat，預期成為用戶分享臨時內容的主要平台。此舉反映Meta在短期內容和隱私保護領域的戰略調整。,True,2026-05-15T01:31:00.213990
圖雅公司定於2026年6月18日召開年度股東大會,https://www.prnewswire.com/news-releases/tuya-inc-to-hold-annual-general-meeting-on-june-18-2026-302771184.html,PRNewswire,2026-05-13T20:30:00Z,PRNewswire報導（2026年5月13日），AI雲平台服務商圖雅公司（NYSE: TUYA；HKEX: 2391）宣佈將於2026年6月18日召開年度股東大會。作為全球領先的AI雲平台服務提供商，圖雅此舉為例行企業治理活動，涉及公司重要決策審議。,True,2026-05-15T01:31:00.213991
Sony棄片《Afterworld》獲泰國工作室復活 導演Matt Braly計劃採用AI技術革新視覺表現,https://www.cartoonbrew.com/feature-film/matt-braly-afterworld-the-monk-studios-260866.html,Cartoon Brew,2026-05-13T20:21:43Z,Cartoon Brew報導（2026年5月13日），動畫導演Matt Braly的作品《Afterworld》在被Sony放棄後，由泰國The Monk Studio工作室復活該項目。Braly討論了融資、AI應用擔憂及Annecy參展計劃，計劃採用激進的視覺風格重新製作。該案例反映AI技術在動畫製作中的應用潛力與爭議。,True,2026-05-15T01:31:00.213993
Cisco財報超預期 股價上漲11% AI敘事成關鍵驅動力,https://www.cnbc.com/2026/05/13/cisco-csco-q3-earnings-report-2026.html,CNBC,2026-05-13T20:19:42Z,CNBC報導（2026年5月13日），Cisco在公佈超預期財報後股價上漲11%。AI敘事終於開始在華爾街獲得認可，該公司股價在去年創下紀錄新高，並在2026年持續上漲。AI解決方案在企業網路基礎設施中的應用成為核心增長動力。,False,2026-05-15T01:31:00.213994
Netflix推出INKubator工作室 利用AI製作動畫短片,https://www.theverge.com/column/930118/netflix-gen-ai-animation-inkubator,The Verge,2026-05-13T20:18:45Z,The Verge報導（2026年5月13日），Netflix正在建立名為INKubator的新內部工作室，旨在利用AI技術製作動畫短片內容。此舉標誌Netflix在內容創作中採用生成式AI，將改變傳統動畫製作流程。該策略有助於降低製作成本並加速內容產出。,False,2026-05-15T01:31:00.213995
普林斯頓大學強制實施監考制度 打破133年傳統應對AI舞弊風險,https://www.dailyprincetonian.com/article/2026/05/princeton-news-adpol-proctoring-in-person-examinations-passed-faculty-133-years-precedent,Dailyprincetonian.com,2026-05-13T20:12:16Z,Daily Princetonian報導（2026年5月13日），普林斯頓大學教職員會投票決定對所有現場考試實施全面監考制度，以應對AI輔助作弊和榮譽準則舉報率下降的問題。該政策自2026年7月1日起生效，打破該校133年來無監考的傳統。此舉反映高等教育機構面臨的AI倫理挑戰。,False,2026-05-15T01:31:00.213997
Acrivon公佈2026年Q1財報 推進臨床試驗關鍵節點,https://www.globenewswire.com/news-release/2026/05/13/3294440/0/en/Acrivon-Reports-First-Quarter-2026-Financial-Results-and-Highlights-Progress-Towards-Key-2026-Clinical-Catalysts.html,GlobeNewswire,2026-05-13T20:10:00Z,GlobeNewswire報導（2026年5月13日），生物醫藥公司Acrivon發佈2026年第一季度財報及進展概況。ACR-368 Phase 2b註冊臨床研究正在推進，計劃在2026年下半年進行預設同步中期分析及數據更新，涵蓋所有適用患者（獨立於活檢）的漿液性子宮內膜癌治療臂。該研究進展對公司2026年臨床催化劑至關重要。,True,2026-05-15T01:31:00.214000
Adobe Express對比Canva 設計工具選型評估,https://www.zdnet.com/article/adobe-express-vs-canva-compared-2026/,ZDNet,2026-05-13T20:09:59Z,ZDNet報導（2026年5月13日），編輯對Adobe Express與Canva進行深度測試對比，評估兩款設計工具的價值定位與工作流程適配性。該評測幫助使用者根據實際需求選擇合適的設計平台。隨著AI設計功能的普及，設計工具市場競爭日趨激烈。,True,2026-05-15T01:31:00.214002
AWS發佈責任AI治理指南 加強金融服務領域合規應用,https://aws.amazon.com/blogs/security/introducing-the-updated-aws-user-guide-to-governance-risk-and-compliance-for-responsible-ai-adoption/,Amazon.com,2026-05-13T19:07:42Z,"Amazon.com報導（2026年5月13日），AWS發佈更新版Governance, Risk, and Compliance（GRC）用戶指南，針對責任AI應用提供指導。金融服務業正利用AI轉變客戶服務方式，包括投資組合主動管理、自動化抵押貸款再融資和保險費率談判等應用場景。該指南幫助FSI機構確保AI應用的合規性與安全性。",True,2026-05-15T01:31:00.214004
Zopa AI技能基礎計劃啟動 22家機構參與聯合培訓,https://www.computerweekly.com/news/366643094/Zopa-AI-skills-foundation-launches-after-22-partners-sign-up,ComputerWeekly.com,2026-05-13T19:01:00Z,ComputerWeekly報導（2026年5月13日），Zopa AI技能基礎計劃正式啟動，已有22家合作夥伴簽約參與。Jobs2030聯盟計劃在未來四年內培訓10萬名英國金融服務專業人士掌握AI應用技能。此舉旨在應對金融科技領域對AI人才日益增長的需求。,True,2026-05-15T01:31:00.214006
Apple 探索在 App Store 整合第三方 AI Agent：平台生態的潛在變革,https://macdailynews.com/2026/05/13/apple-explores-ai-agent-integration-in-the-app-store-a-potential-game-changer-for-the-platform-era/,Macdailynews.com,2026-05-13T19:00:39Z,據 MacDailyNews 2026年5月13日報導，Apple 積極探索在 App Store 中引入第三方 AI Agent 的方案。此舉標誌著 Apple 生態系統向 AI 代理程式開放的重要轉變，將重塑應用程式平台的商業模式。該策略可能激發開發者創新，擴展 App Store 的功能邊界，對整個行動應用産業產生深遠影響。,True,2026-05-15T01:31:00.214007
Claroty AI 驅動 CPS 資料庫：工業物聯網資産身份識別的突破,https://www.databricks.com/blog/rosetta-stone-cps-clarotys-ai-powered-library,Databricks.com,2026-05-13T18:25:31Z,據 Databricks 2026年5月13日報導，Claroty 開發的 AI 驅動 CPS 資料庫解決了工業物聯網資産識別危機，其中88%的 CPS 設備缺乏準確的產品代碼。該多代理 AI 系統基於 Databricks 平台構建，可自動化處理1700萬+ 工業及醫療資産的實體解析（Entity Resolution），顯著提升供應鏈透明度與安全性。,True,2026-05-15T01:31:00.214009
體育平面設計師應對 AI 藝術工具興起的挑戰與機遇,https://frontofficesports.com/chatgpt-2-ai-sports-designers/,Frontofficesports.com,2026-05-13T18:19:07Z,據 Front Office Sports 2026年5月13日報導，ChatGPT 2.0 Images 的發佈引發體育設計師社群的廣泛討論。AI 生成藝術工具的快速發展正衝擊傳統創意設計領域，設計師需重新思考技能定位與創意價值。該趨勢反映 AI 在內容創作領域的滲透加深，行業面臨數位轉型的迫切需求。,True,2026-05-15T01:31:00.214010
國際醫學畢業生需要實質法律保護與職業保障,https://kevinmd.com/2026/05/international-medical-graduates-need-real-protections.html,Kevinmd.com,2026-05-13T18:00:16Z,據 KevinMD 2026年5月13日報導，一位於2019年在俄羅斯完成醫學培訓、持美國傅爾布萊特獎學金赴美的醫學工作者分享職業經歷。該文聚焦國際醫學人才面臨的制度性挑戰與機會差異，反映全球醫療人力資源流動與跨國專業認證的複雜問題，對醫療產業的人才戰略具有參考意義。,True,2026-05-15T01:31:00.214011
Pulse AI 與 Amazon Bedrock 構建金融文件處理解決方案,https://aws.amazon.com/blogs/machine-learning/build-financial-document-processing-with-pulse-ai-and-amazon-bedrock/,Amazon.com,2026-05-13T18:00:06Z,據 Amazon 2026年5月13日報導，該文展示如何整合 Pulse AI 先進文件理解能力與 Amazon Bedrock 強大的 AI 基礎設施，構建金融文件提取與模型微調管線。該方案針對複雜金融文件處理的挑戰提供端到端解決方案，利用生成式 AI 實現自動化資料抽取，提升金融業務效率與合規性。,True,2026-05-15T01:31:00.214013
Amazon Nova Sonic 與 WebRTC 實現實時語音流應用,https://aws.amazon.com/blogs/machine-learning/build-real-time-voice-streaming-applications-with-amazon-nova-sonic-and-webrtc/,Amazon.com,2026-05-13T17:46:19Z,據 Amazon 2026年5月13日報導，該文介紹基於 Amazon Nova 2 Sonic 與 Amazon Kinesis Video Streams WebRTC 的實時語音互動方案。該技術棧結合邊緣計算與雲端服務，解決端到端直播應用中實時語音交互的技術挑戰，為內容創作者與企業提供低延遲的 AI 驅動通訊基礎設施。,True,2026-05-15T01:31:00.214014
YouTube 加碼創作者節目內容，重新定位為未來媒體平台,https://www.adweek.com/convergent-tv/youtube-brandcast-2026-creators/,Adweek,2026-05-13T17:30:00Z,據 Adweek 2026年5月13日報導，YouTube 推出類似電視製作水準的創作者節目內容陣容。該策略旨在重塑 YouTube 的媒體認知，吸引傳統電視廣告主投資。此舉標誌著視頻平台向高端內容生態演進，挑戰傳統廣播電視的商業地位與廣告分配格局。,True,2026-05-15T01:31:00.214016
Databricks Unity Catalog 與 Amazon SageMaker 實現安全 LLM 微調工作流,https://aws.amazon.com/blogs/machine-learning/fine-tune-llm-with-databricks-unity-catalog-and-amazon-sagemaker-ai/,Amazon.com,2026-05-13T17:22:42Z,據 Amazon 2026年5月13日報導，該文展示如何整合 Databricks Unity Catalog 與 Amazon SageMaker AI，利用 Amazon EMR Serverless 進行數據預處理。該解決方案強調數據治理、模型安全與譜系管理，為企業提供合規的大語言模型微調框架，支持受管數據的安全存取與生產級部署。,True,2026-05-15T01:31:00.214017
全球生命科學 AI 市場預期至2034年實現約20% CAGR 的高速增長,https://www.globenewswire.com/news-release/2026/05/13/3294316/0/en/Global-AI-in-Life-Sciences-Market-Gearing-Up-for-Outstanding-Expansion-at-a-CAGR-of-20-by-2034-DelveInsight.html,GlobeNewswire,2026-05-13T17:00:00Z,據 GlobeNewswire 2026年5月13日報導，生命科學領域 AI 應用市場正經歷強勁擴張。製藥與生物技術企業加速採用 AI 技術以縮短新藥發現與開發週期，推動市場增長。該趨勢反映 AI 在加速臨床試驗、優化分子設計與個性化醫療等領域的關鍵作用，將重塑全球製藥產業格局。,True,2026-05-15T01:31:00.214018
Sony Xperia 1 VIII 手機：攝影功能導向的重大升級,https://petapixel.com/2026/05/13/sonys-new-xperia-1-viii-phone-got-a-photographer-focused-refresh/,PetaPixel,2026-05-13T16:52:06Z,據 PetaPixel 2026年5月13日報導，Sony 正式發佈新款 Xperia 1 VIII 智慧手機。該機型延續 Xperia 系列的攝影師友善設計傳統，搭載手動控制、物理快門按鈕等專業功能，並可能代表該系列最大規模的相機系統升級。此舉鞏固 Sony 在高端攝影手機市場的差異化定位。,True,2026-05-15T01:31:00.214020
HubSpot無需強制命令實現94%員工採用AI的策略,https://fortune.com/2026/05/13/how-wyndham-scales-ai-to-improve-hospitality-at-8400-hotels/,Fortune,2026-05-13T16:37:38Z,據Fortune報導（2026年5月13日），HubSpot通過避免強制性要求並展示可量化的成果，成功讓94%的員工採納AI工具。該案例說明企業文化與實證結果在推動AI普及中的關鍵作用，為其他企業提供了有效的AI轉型參考模式。,True,2026-05-15T01:31:00.214021
Bing重新定義AI驅動搜尋中的內容可信度與安全性,https://blogs.bing.com/search/May-2026/Keeping-Trusted-Content-Visible-in-an-AI-Powered-Search-World,Bing.com,2026-05-13T16:31:58Z,Bing.com（2026年5月13日）發布策略強調在AI驅動搜尋時代中，內容可見性即責任。其方案整合風險檢測、受信內容優先排序與用戶控制機制，確保在關鍵時刻提供更可靠的搜尋體驗。此舉反映搜尋引擎在AI時代的安全設計轉變。,True,2026-05-15T01:31:00.214023
Rasa Pro 3.17.0a2發布企業級Conversational AI框架,https://pypi.org/project/rasa-pro/3.17.0a2/,Pypi.org,2026-05-13T16:24:29Z,PyPI.org（2026年5月13日）公開Rasa Pro 3.17.0a2版本，這是一款開源核心的企業級Conversational AI框架，原生整合生成式AI以簡化助手開發流程。該框架持續演進，為企業AI助手開發提供更高效的解決方案。,True,2026-05-15T01:31:00.214025
生成式AI衝擊2026年最受期待的產品發布,https://www.androidpolice.com/how-generative-ai-ruined-the-most-hyped-product-launch-of-2026/,Android Police,2026-05-13T16:15:11Z,Android Police（2026年5月13日）報導指出，生成式AI對2026年度備受矚目的產品發布造成負面影響。該報導涉及可穿戴設備而非手機產品，反映生成式AI導入對硬體產品開發與發布策略的實質影響。,True,2026-05-15T01:31:00.214027
EleutherAI開源LM-Evaluation-Harness語言模型評估工具,https://github.com/EleutherAI/lm-evaluation-harness,Github.com,2026-05-13T16:13:05Z,Github.com（2026年5月13日）展示EleutherAI推出的LM-Evaluation-Harness專案。該開源評估工具用於語言模型性能測試，為AI模型開發與優化提供標準化測試框架，支持業界模型評估的規範化。,True,2026-05-15T01:31:00.214028
NetReputation提供企業級線上聲譽管理與AI敍述應對,https://www.prnewswire.com/news-releases/netreputation-delivers-more-aggressive-content-removal-and-search-suppression-than-traditional-marketing-firms-setting-a-new-standard-for-online-reputation-management-302771226.html,PRNewswire,2026-05-13T16:05:00Z,PRNewswire（2026年5月13日）報導NetReputation推出更積極的內容移除與搜尋結果抑制服務。面對有害搜尋結果與AI生成敍述的威脅，該公司專業ORM方案超越傳統行銷公司，開創線上聲譽管理的新標準。,True,2026-05-15T01:31:00.214030
AI倫理概念的語言與思維局限性分析,https://www.psychologytoday.com/us/blog/harnessing-hybrid-intelligence/202605/ai-ethics-is-a-double-misnomer,Psychology Today,2026-05-13T16:04:37Z,Psychology Today（2026年5月13日）刊登評論指出AI倫理概念存在雙重命名謬誤。文章探討AI倫理議題如何暴露現有詞彙與思維框架的侷限性，推動對AI治理基礎概念的重新思考。,False,2026-05-15T01:31:00.214031
Anthropic拓展小企業市場加速AI平台競爭下沉,https://techcrunch.com/2026/05/13/anthropic-courts-a-new-kind-of-customer-small-business-owners/,TechCrunch,2026-05-13T16:02:58Z,"TechCrunch（2026年5月13日）報導Anthropic推出針對小企業主的新型服務方案。該舉措標誌AI平台戰爭擴展至中端市場，下一輪用戶爭奪戰將從Fortune 500轉向代表經濟支柱的3,600萬小企業。",True,2026-05-15T01:31:00.214033
API經濟時代數據流動性重塑銀行安全防禦策略,https://www.pymnts.com/cybersecurity/2026/data-mobility-across-the-api-economy-is-rewriting-bank-security-playbooks/,pymnts.com,2026-05-13T15:59:52Z,PYMNTS.com（2026年5月13日）分析在API與AI時代，數據治理對銀行機構的挑戰已超越傳統邊界防禦。文章指出支持即時支付與個性化服務的API基礎設施帶來新的安全風險，促使銀行重新調整資料安全與合規策略。,True,2026-05-15T01:31:00.214034
"千禧代遠端員工通過多職位年薪746,000美元引發過度就業反思",https://www.businessinsider.com/secretly-working-remote-jobs-overeremployed-tech-layoffs-millennial-overemployment-income-2026-5,Business Insider,2026-05-13T15:58:54Z,"Business Insider（2026年5月13日）報導一位千禧代通過兼職五份遠端IT工作年薪約746,000美元。儘管IT技術人才薪資高企，該員工仍為科技業裁員風潮感到內疚，反映產業結構調整下的人才與道德思考。",True,2026-05-15T01:31:00.214035
全球AI與GenAI支出2030年將超過1兆美元,https://www.thehindubusinessline.com/info-tech/global-ai-genai-spend-to-cross-1-trillion-by-2030-unearthinsight/article70975125.ece,BusinessLine,2026-05-13T15:44:50Z,根據UnearthInsight於2026年5月13日發布的報告，全球AI與生成式AI支出預計到2030年將超過1兆美元。此增長主要由企業在垂直應用領域的投資推動，反映出GenAI從通用型向行業特定應用的轉變趨勢。該預測凸顯AI技術正從研發階段加速進入商業化部署階段。,True,2026-05-15T01:31:00.214039
迪士尼Punisher特別節目因視覺效果遭吐槽,https://kotaku.com/a-shot-from-disneys-new-punisher-special-is-going-viral-for-looking-like-a-ps3-game-2000695686,Kotaku,2026-05-13T15:38:46Z,Kotaku於2026年5月13日報導，迪士尼新推出的《Punisher: One Last Kill》特別節目因其視覺效果意外引發網路討論，被觀眾戲稱類似PS3遊戲畫面。此新聞與半導體產業無直接相關。,True,2026-05-15T01:31:00.214040
全球AI與GenAI支出2030年將超過1兆美元,https://www.thehindubusinessline.com/news/global-ai-genai-spend-to-cross-1-trillion-by-2030-unearthinsight/article70975125.ece,BusinessLine,2026-05-13T15:30:50Z,根據UnearthInsight於2026年5月13日發布的報告，全球AI與生成式AI支出預計到2030年將超過1兆美元。此增長主要由企業在垂直應用領域的投資推動，反映出GenAI從通用型向行業特定應用的轉變趨勢。該預測凸顯AI技術正從研發階段加速進入商業化部署階段。,True,2026-05-15T01:31:00.214041
Nomad Foods Limited（NOMD）股票投資評估,https://finance.yahoo.com/news/nomad-foods-limited-nomd-good-153026210.html,Yahoo Entertainment,2026-05-13T15:30:26Z,Yahoo Entertainment於2026年5月13日刊登對Nomad Foods Limited股票的投資分析。該評估基於Valueinvestorsclub.com上的看漲論點，與半導體產業無直接相關。,False,2026-05-15T01:31:00.214043
美國聯邦準備委員會發布2025年家庭經濟福祉報告,https://www.federalreserve.gov/newsevents/pressreleases/other20260513a.htm,Federalreserve.gov,2026-05-13T15:30:00Z,美國聯邦準備委員會於2026年5月13日發布《2025年美國家庭經濟福祉報告》，該報告檢視美國家庭的財務狀況。與半導體產業無直接相關。,True,2026-05-15T01:31:00.214044
dotpromptz-py 2.27.0——生成式AI提示範本格式工具,https://pypi.org/project/dotpromptz-py/2.27.0/,Pypi.org,2026-05-13T15:29:52Z,Pypi.org於2026年5月13日發布dotpromptz-py 2.27.0版本。Dotpromptz是一種語言中立的可執行提示範本檔案格式，專為生成式AI應用設計，有助於簡化GenAI應用開發流程。,True,2026-05-15T01:31:00.214046
DeepBrain AI整合Sora 2.0影片生成模型到AI STUDIOS平台,https://www.globenewswire.com/news-release/2026/05/13/3294227/0/en/DeepBrain-AI-Adds-Seedance-2-0-to-AI-STUDIOS-Same-Model-Fundamentally-Different-Result.html,GlobeNewswire,2026-05-13T15:27:00Z,據GlobeNewswire於2026年5月13日報導，DeepBrain AI宣布將ByteDance最新的多模態AI影片生成模型Sora 2.0整合至AI STUDIOS平台。該整合使Sora 2.0可跨多個平台使用，代表多模態AI能力在商業應用中的深化，推動內容生成自動化發展。,True,2026-05-15T01:31:00.214047
消費者AI應用增長停滯，市場增速放緩,https://www.cmswire.com/digital-experience/are-ais-consumer-applications-hitting-a-wall/,CMSWire,2026-05-13T15:20:48Z,CMSWire於2026年5月13日報導，最新數據顯示消費者AI應用增長已陷入平台期，生成式AI在企業外應用領域仍未找到可持續發展的模式。此現象反映GenAI市場正面臨應用拓展瓶頸，企業應用場景相對成熟而消費端應用尚需突破。,True,2026-05-15T01:31:00.214048
法國GEO GreenRed競賽揭示AI模型信息來源選擇機制,https://www.abondance.com/20260513-2265179-comment-les-ia-choisissent-leurs-sources-retour-sur-le-concours-geo-greenred.html,Abondance.com,2026-05-13T15:03:42Z,Abondance.com報導，GreenRed於2026年3月至4月期間舉辦首屆法國GEO競賽，通過測試ChatGPT、Claude等五個GenAI模型對虛構詞彙「vultifrine」的回應，揭示不同AI模型的信息來源選擇邏輯和生成差異。,True,2026-05-15T01:31:00.214050
Amazon推出Alexa+驅動的AI購物助手，替代Rufus功能,https://techcrunch.com/2026/05/13/amazon-launches-an-ai-shopping-assistant-for-the-search-bar-powered-by-alexa/,TechCrunch,2026-05-13T15:01:30Z,TechCrunch於2026年5月13日報導，Amazon在搜尋欄推出新的AI購物助手Alexa for Shopping，以Alexa+為支撐，取代原有的Rufus購物助手。該升級提升了AI在電商場景中的個性化推薦能力，代表GenAI在零售應用的演進。,True,2026-05-15T01:31:00.214051
研究揭示：半數AI健康建議有誤，卻呈現高可信度,https://decrypt.co/367689/half-ai-health-advice-wrong-seems-right,Decrypt,2026-05-13T14:55:14Z,據Decrypt報導（2026年5月13日），BMJ Open同儕審查研究發現五大AI聊天機器人中近50%的健康回應存在問題，包括虛構信息來源與過度自信的表述方式。該研究凸顯生成式AI在醫療健康領域的可靠性風險，對患者安全與信息驗證提出重要警示。,True,2026-05-15T01:31:00.214053
代理AI廣告現狀：出版商、廣告商與代理商應用現況分析,http://digiday.com/sponsored/the-state-of-agentic-advertising/,Digiday,2026-05-13T14:47:47Z,Digiday發佈業界報告（2026年5月13日），探討Agentic AI在廣告領域的最新應用趨勢。報告涵蓋投資規模、準備就緒度、主要障礙與市場影響，分析發行商、廣告商及代理機構如何與代理AI互動，為產業優化提供重要參考數據。,True,2026-05-15T01:31:00.214055
Meta推出WhatsApp「隱私模式」強化AI聊天隱私保護,https://abcnews.com/Technology/wireStory/meta-launches-whatsapp-incognito-mode-address-privacy-concerns-132919351,Abcnews.com,2026-05-13T14:45:06Z,據Abcnews.com報導（2026年5月13日），Meta Platforms為WhatsApp推出隱私模式功能，允許用戶與AI聊天機器人進行私密對話。該模式旨在解決用戶對敏感信息分享的隱私憂慮，采用安全消息處理機制以保護用戶數據。,True,2026-05-15T01:31:00.214057
招聘啟事能否反映AI對勞動力市場的早期影響？,https://libertystreeteconomics.newyorkfed.org/2026/05/do-job-postings-show-early-labor-market-effects-of-ai/,Newyorkfed.org,2026-05-13T14:16:30Z,紐約聯邦儲備銀行分析（2026年5月13日），探討生成式AI工具普及對勞動力需求的影響。研究通過檢視企業招聘啟事尋找AI技術在勞動市場早期效應的證據，為理解AI驅動的就業轉變提供新視角。,True,2026-05-15T01:31:00.214058
AI視頻監控市場規模將達108.8億美元（2032年）,https://www.prnewswire.com/news-releases/ai-in-video-surveillance-market-worth-10-88-billion-by-2032---exclusive-report-by-marketsandmarkets-302770687.html,PRNewswire,2026-05-13T14:16:00Z,MarketsandMarkets發佈市場報告（2026年5月13日），預測AI視頻監控市場於2026年達40.4億美元，2032年將達108.8億美元，預測期CAGR為17.9%。該高增長率反映企業對智慧安防解決方案的強勁需求與廣泛應用前景。,True,2026-05-15T01:31:00.214060
Meta WhatsApp隱私模式上線：保護AI對話敏感信息安全,https://www.seattlepi.com/news/world/article/meta-launches-whatsapp-incognito-mode-to-22256790.php,seattlepi.com,2026-05-13T14:09:30Z,據Seattlepi.com報導（2026年5月13日），Meta為WhatsApp推出隱私模式，使用戶能與AI聊天機器人進行加密私密對話。消息將採用安全處理、不保存聊天記錄，直接解決用戶對個人敏感信息共享的隱私顧慮。,True,2026-05-15T01:31:00.214061
遊戲新作：《The Necromancer's Tale》6月24日多平台發售,https://www.gematsu.com/2026/05/the-necromancers-tale-for-ps5-xbox-series-and-switch-2-launches-june-24,Gematsu,2026-05-13T14:08:56Z,本條目非半導體產業相關新聞，建議排除。Gematsu報導的PS5、Xbox Series及Switch 2遊戲發售公告不在專業技術產業範疇。,True,2026-05-15T01:31:00.214062
AI加速爭議解決與仲裁流程現代化轉型,https://www.abajournal.com/legalrebels/article/rebels-podcast-episode-124,Abajournal.com,2026-05-13T14:06:00Z,Abajournal.com分析（2026年5月13日），探討AI技術對替代爭議解決（ADR）與仲裁領域的推動作用。隨美國最高法院有利裁決與AI能力提升，企業逐步採用AI提升仲裁效率，降低訴訟成本，推動法律服務數位轉型。,False,2026-05-15T01:31:00.214064
AI Agent市場2026-2035：NLP與機器學習驅動增長,https://www.globenewswire.com/news-release/2026/05/13/3294151/28124/en/AI-Agents-Market-Industry-Trends-and-Global-Forecasts-Report-2026-2035-Companies-Like-Kasisto-and-Pandorabots-Stand-out-for-Their-Innovations.html,GlobeNewswire,2026-05-13T14:04:00Z,GlobeNewswire發佈產業預測（2026年5月13日），指出NLP與機器學習進展帶動AI Agent市場成長。Kasisto、Pandorabots等企業創新應用於客服互動與超個性化體驗；但隱私規範、監管合規與安全風險仍為主要挑戰。,True,2026-05-15T01:31:00.214065
RSM報告：中型企業AI採用速度超越安全治理建設,https://www.prnewswire.com/news-releases/rsms-cybersecurity-special-report-finds-middle-market-racing-into-ai-faster-than-it-can-secure-it-302771060.html,PRNewswire,2026-05-13T14:04:00Z,RSM網絡安全特別報告（2026年5月13日）指出，美國中型企業加速AI部署，但安全治理、身份管理與合規機制建設滯後。報告警示勒索軟件、數據外洩與治理漏洞風險持續存在，企業應加強安全框架與風險管理體系建設。,True,2026-05-15T01:31:00.214067
AI Agent將如何在2026年改變資料科學工作,https://www.kdnuggets.com/how-ai-agents-will-transform-data-science-work-in-2026,Kdnuggets.com,2026-05-13T14:00:38Z,根據Kdnuggets.com於2026年5月13日的報導，AI Agent將革新資料科學領域的工作方式。報導指出，AI Agent不會取代資料科學家，而是透過自動化分析流程，使分析師能更快速、更聰慧地完成工作。這預示著AI與人力協作模式將成為未來資料科學的發展方向。,True,2026-05-15T01:31:00.214068
Anthropic超越OpenAI成為企業AI領先者,https://www.businessinsider.com/anthropic-tops-openai-business-ai-adoption-ramp-index-2026-5,Business Insider,2026-05-13T14:00:01Z,根據Business Insider於2026年5月13日報導，根據Ramp的AI Index數據，Anthropic在企業AI支出方面已超越OpenAI，標誌著企業AI採購的重大轉變。這一變化反映了Claude創造者在企業市場中的競爭力上升，預示著大型語言模型供應商競爭格局的演進。,True,2026-05-15T01:31:00.214069
透過藥物交互作用聚類分析教學AI：整合專案式學習與大語言模型,https://journals.plos.org/ploscompbiol/article?id=10.1371/journal.pcbi.1014236,Plos.org,2026-05-13T14:00:00Z,Plos.org於2026年5月13日發佈的研究指出，AI在日常生活和科學研究中的影響日益增加。傳統AI課程主要針對電腦科學專業學生，該研究探索將AI教育體系擴展至早期本科生的教學機制，透過藥物交互作用聚類分析與大語言模型的整合，提供更具應用導向的AI教育路徑。,True,2026-05-15T01:31:00.214071
TechCrunch Disrupt 2026：六大主題舞台應對更嚴峻的新創市場,https://techcrunch.com/2026/05/13/introducing-the-6-stages-of-techcrunch-disrupt-2026-built-for-todays-tougher-startup-market/,TechCrunch,2026-05-13T14:00:00Z,TechCrunch於2026年5月13日宣佈，Disrupt 2026將於10月13-15日舉辦，涵蓋六大舞台、200場以上論壇會議，邀請250位以上科技領袖分享產業洞見。此活動旨在為面臨更嚴峻融資環境的新創企業提供交流與發展機會，反映當前科技產業的市場現狀。,True,2026-05-15T01:31:00.214075
具備自適應回饋抑制的多頻率全腦神經質量模型,https://journals.plos.org/ploscompbiol/article?id=10.1371/journal.pcbi.1013463,Plos.org,2026-05-13T14:00:00Z,Plos.org於2026年5月13日發佈的研究探討全腦神經模型的發展。EEG與fMRI等技術可捕捉宏觀腦活動，但無法獲取神經元與局部神經質量的細粒度細節。全腦模型作為解決方案，能夠模擬多層級神經活動，為神經科學研究提供新的分析維度。,True,2026-05-15T01:31:00.214077
WhatsApp推出Meta AI私密聊天功能，確保對話完全隱私,https://www.wired.com/story/whatsapp-incognito-chat-meta-ai/,Wired,2026-05-13T14:00:00Z,根據Wired於2026年5月13日報導，WhatsApp推出新的Incognito Chat功能，允許用戶在使用AI聊天機器人時無需擔心隱私洩露。該公司承諾，包括Meta在內的任何人都無法存取用戶對話內容，這體現了Meta在隱私保護與AI應用平衡方面的努力。,True,2026-05-15T01:31:00.214078
Relativity透過學術計畫培育下一代法律人才掌握AI技能,https://www.prnewswire.com/news-releases/relativity-equips-future-legal-talent-with-ai-through-its-relativity-academic-program-302770397.html,PRNewswire,2026-05-13T14:00:00Z,"根據PRNewswire於2026年5月13日新聞稿，Relativity擴展其第14年的學術計畫，納入aiR法律AI解決方案、大語言模型與生成式AI模組。該計畫已覆蓋超過3,000名學生，旨在透過系統化的AI教育，為學生做好進入現代法律工作領域的準備，推動法律科技人才培養。",True,2026-05-15T01:31:00.214079
透過模糊參數化軟矩陣進行軟決策方法分類與機器學習性能分析,https://journals.plos.org/plosone/article?id=10.1371/journal.pone.0348760,Plos.org,2026-05-13T14:00:00Z,Plos.org於2026年5月13日發佈的研究對35種軟決策演算法進行全面評估與分類。研究基於模糊參數化軟矩陣框架，提供強大的不確定性建模數學基礎。該研究透過統計分析方法評估各演算法在機器學習應用中的性能表現，為決策科學的發展提供理論支持。,True,2026-05-15T01:31:00.214081
Meta平台Q1面臨的業務壓力分析,https://finance.yahoo.com/news/pressured-meta-platforms-meta-q1-135248590.html,Yahoo Entertainment,2026-05-13T13:52:48Z,根據Yahoo Entertainment於2026年5月13日報導，投資管理公司Baron Capital在其Q1 2026投資者信函中分析了Meta平台面臨的業務挑戰與市場壓力。該信函為投資人提供對Meta在當前市場環境中營運狀況的深度分析，反映科技巨頭在競爭加劇背景下的發展困境。,False,2026-05-15T01:31:00.214082
Nvidia有望主導AI運算市場，隨著Agentic Inference技術演進,https://cryptobriefing.com/nvidia-agentic-inference-ai-compute/,Crypto Briefing,2026-05-13T13:47:30Z,根據Crypto Briefing於2026年5月13日報導，隨著Agentic Inference技術的發展，Nvidia在AI運算領域的主導地位預期將進一步鞏固。這一趨勢將推動從通用解決方案向專門化、整合型系統的基礎設施轉變，重塑AI運算的產業架構，強化Nvidia在晶片供應鏈中的戰略地位。,True,2026-05-15T01:31:00.214084
加州訴訟指控OpenAI聊天機器人建議導致用戶過量用藥身亡,https://www.insurancejournal.com/news/west/2026/05/13/869660.htm,Insurance Journal,2026-05-13T13:42:36Z,來源：Insurance Journal，2026年5月13日。一名男子去年因意外藥物過量身亡，其父母在加州法院起訴OpenAI及執行長Sam Altman，指控該AI聊天機器人向死者提供危險藥物組合的建議。此案凸顯生成式AI系統在提供醫療或健康建議時的安全責任與倫理風險，可能對AI企業的法律責任認定產生重大影響。,True,2026-05-15T01:31:00.214085
法律條文與現實激勵機制的矛盾,https://www.psychologytoday.com/us/blog/harnessing-hybrid-intelligence/202605/the-law-says-one-thing-reality-rewards-another,Psychology Today,2026-05-13T13:36:43Z,來源：Psychology Today，2026年5月13日。該文章探討人類心理認知如何導致政治領域的內在矛盾與衝突。文章分析政策制定與人類決策行為之間的落差，對公共政策執行具有參考價值。,False,2026-05-15T01:31:00.214086
南韓周邊靜脈營養(PPN)和全靜脈營養(TPN)市場前景智能預測,https://www.linkedin.com/pulse/south-korea-peripheral-parenteral-nutrition-ppn-total-5hccf,Linkedin.com,2026-05-13T13:35:07Z,來源：LinkedIn，2026年5月13日。針對南韓PPN及TPN市場進行智能預測分析。該醫療營養市場報告利用數據分析技術評估市場規模與成長趨勢，對醫療健康產業投資決策提供參考。,True,2026-05-15T01:31:00.214088
矛槍式網釣市場規模預計2035年達63.6億美元，受AI威脅檢測驅動,https://www.globenewswire.com/news-release/2026/05/13/3294106/0/en/Spear-Phishing-Market-Size-to-Reach-USD-6-36-Billion-by-2035-Fueled-by-Rising-Sophistication-of-Cyberattacks-and-Remote-Work-Adoption-Research-by-SNS-Insider.html,GlobeNewswire,2026-05-13T13:30:00Z,來源：GlobeNewswire，2026年5月13日。歐洲矛槍式網釣(Spear Phishing)市場預計從2025年的5.2億美元成長至2035年的16.1億美元，年複合成長率達11.98%。增長驅動因素包括嚴格網安法規、AI型威脅檢測採用增加及勒索軟體威脅上升。此趨勢反映企業網安投資持續加強。,True,2026-05-15T01:31:00.214089
Gemini驅動的新版Siri預期功能展望,https://9to5mac.com/2026/05/13/here-are-some-smart-ai-features-we-can-expect-from-the-gemini-powered-new-siri/,9to5Mac,2026-05-13T13:16:36Z,來源：9to5Mac，2026年5月13日。蘋果確認Google Gemini AI模型將支援新版Siri功能。此舉簡化了蘋果自有AI模型追趕進度的壓力，並提供消費者對Siri功能迭代的清晰預期。該合作反映科技巨頭在生成式AI領域的策略聯動趨勢。,True,2026-05-15T01:31:00.214091
Global Mofy戰略參與Moonshot AI融資輪，推進生成式AI全球策略,https://www.globenewswire.com/news-release/2026/05/13/3294081/0/en/Global-Mofy-Strategically-Participates-in-New-Financing-Round-of-Kimi-AI-s-Developer-Moonshot-AI-Advancing-Its-Global-Generative-AI-Strategy.html,GlobeNewswire,2026-05-13T13:15:00Z,來源：GlobeNewswire，2026年5月13日。納斯達克上市公司Global Mofy AI Limited宣布戰略參與Kimi AI開發商Moonshot AI的新融資輪。Global Mofy專注於生成式AI驅動的虛擬內容製作及3D數位資產開發。此投資舉措強化其在生成式AI產業的佈局，加速全球商用化進展。,True,2026-05-15T01:31:00.214092
tt-lang-sim功能模擬器上架PyPI，支援無硬體開發,https://pypi.org/project/tt-lang-sim/,Pypi.org,2026-05-13T13:12:55Z,來源：PyPI.org，2026年5月13日。tt-lang-sim為純Python函數式模擬器，支援tt-lang核心功能模擬，無需Tenstorrent硬體。該工具降低開發者門檻，加速tt-lang生態開發進展。,True,2026-05-15T01:31:00.214093
2026年智慧手機競爭：Android vs. iPhone作業系統領導力對比,https://uk.pcmag.com/ios/146901/android-vs-ios-iphone-which-os-dominates-in-2026-smartphone-war,PCMag.com,2026-05-13T13:10:06Z,來源：PCMag.com，2026年5月13日。該報告跨越14個關鍵類別評估Apple iOS與Google Android兩大行動作業系統的競爭優劣。Android提供豐富機型選擇(含Google Pixel等)，而兩陣營市場邊界逐漸模糊。報告助消費者與企業決策者評估最適作業系統方案。,True,2026-05-15T01:31:00.214095
聯想被Everest Group評為中端數位工作場景領導者與明星表現者,https://financialpost.com/pmn/business-wire-news-releases-pmn/lenovo-named-a-leader-and-star-performer-in-mid-market-digital-workplace-solutions-assessment-by-everest-group,Financial Post,2026-05-13T13:08:51Z,來源：Financial Post，2026年5月13日。聯想在Everest Group中端市場數位工作場景評估中獲得領導者及明星表現者認可。聯想因幫助中端市場CIO降低IT支持成本、加速價值實現時間及提升生產力而受表揚。此評級強化聯想在企業數位轉型市場的競爭地位。,False,2026-05-15T01:31:00.214096
Demi Moore在戛納電影節表示：AI時代已至，應與其共存而非對抗,https://www.breitbart.com/entertainment/2026/05/13/demi-moore-at-cannes-ai-is-here-we-can-work-with-it/,Breitbart News,2026-05-13T13:07:13Z,來源：Breitbart News，2026年5月13日。美國演員Demi Moore在戛納電影節宣言「AI已到來」，主張尋求與AI協作而非對抗。她認為抵禦AI是注定失敗的戰爭。該言論反映文創產業對AI長期發展的現實認知與策略轉向。,True,2026-05-15T01:31:00.214099
Bismuth Hybrid Halide 雙重抑制α-澱粉酶與乙酰膽鹼酯酶之結構與理論分析,https://pubs.rsc.org/en/content/articlelanding/2026/tb/d5tb02912k,Royal Society of Chemistry,2026-05-13T23:00:00Z,英國皇家化學會於2026年5月13日發表研究。該研究通過結構表徵、振動光譜與理論計算分析，展示bismuth hybrid halide材料對α-amylase與acetylcholinesterase的雙重抑制效應。此成果對生物醫療應用及新型治療藥物開發具有重要參考價值。,False,2026-05-15T01:31:00.501109
Apple與Intel芯片製造合作案價值達百億美元，ASML與BE Semiconductor受惠,https://www.donanimhaber.com/apple-ve-intel-ortakliginin-devasa-degeri-ortaya-cikti--205574,Donanimhaber.com,2026-05-13T06:00:00Z,Donanimhaber.com於2026年5月13日報導，Apple與Intel間的芯片代工合作協議價值可能達到100億美元。該合作對EUV光刻設備供應商ASML與半導體設備製造商BE Semiconductor帶來重大商機，凸顯晶片製造生態鏈的戰略重要性。,True,2026-05-15T01:31:00.501126
HostColor宣布在全球新增數據中心位置，擴展RDP服務,https://www.globenewswire.com/news-release/2026/05/14/3294577/0/en/HostColor-Announced-RDP-Server-Hosting-in-New-Data-Center-Locations.html,GlobeNewswire,2026-05-14T01:09:00Z,HostColor.com於2026年5月14日宣布在美國、歐洲、亞洲及南美洲等地建設新數據中心，用於提供RDP伺服器與遠端桌面託管服務。該擴展計畫旨在強化全球雲端基礎設施覆蓋範圍。,True,2026-05-15T01:31:00.889888
Cerebras IPO定價超預期，募資55.5億美元，AI芯片市場前景看好,https://www.cnbc.com/2026/05/13/cerebras-prices-ipo-above-expected-range-wall-street-expects-ai-flood.html,CNBC,2026-05-13T22:00:20Z,CNBC於2026年5月13日報導，AI芯片製造商Cerebras首次公開募股定價超出預期範圍，融資規模達55.5億美元。該IPO成功上市反映市場對AI晶片需求強勁，預示今年將有更多重大AI芯片交易案件。,False,2026-05-15T01:31:00.889901
SUSE mozjs60多項安全漏洞公告,https://www.pro-linux.de/sicherheit/2/103233/sicherheit-mehrere-probleme-in-mozjs60.html,Pro-Linux,2026-05-13T21:06:55Z,Pro-Linux於2026年5月13日發布SUSE系統mozjs60元件存在多個安全問題。該漏洞涉及開源軟體安全維護，用戶應及時更新修補以降低系統風險。,True,2026-05-15T01:31:00.889902
SUSE Mozilla Firefox多項安全漏洞公告,https://www.pro-linux.de/sicherheit/2/103224/sicherheit-mehrere-probleme-in-mozillafirefox.html,Pro-Linux,2026-05-13T21:06:55Z,Pro-Linux於2026年5月13日發布SUSE環境下Mozilla Firefox瀏覽器存在多項安全漏洞。該公告涉及廣泛應用的開源瀏覽器，建議用戶及時升級至最新安全版本。,True,2026-05-15T01:31:00.889904
SUSE Mozilla Firefox多項安全漏洞更新公告,https://www.pro-linux.de/sicherheit/2/103225/sicherheit-mehrere-probleme-in-mozillafirefox.html,Pro-Linux,2026-05-13T21:06:55Z,Pro-Linux於2026年5月13日再次發布SUSE系統Mozilla Firefox安全更新公告。該漏洞涉及開源瀏覽器核心元件，建議企業與個人用戶優先部署安全補丁。,True,2026-05-15T01:31:00.889905
萊特幣2026年面臨信心危機，市場活動量明顯下滑,https://bitcoinfoundation.org/news/altcoins/why-traders-are-losing-confidence-in-ltc-in-2026/,Bitcoinfoundation.org,2026-05-13T20:03:22Z,"Bitcoin Foundation於2026年5月13日刊載分析文章指出，萊特幣（Litecoin, LTC）雖仍存續，但其鏈上活動量出現衰退跡象。市場交易信心下降可能預示其市場地位與應用前景面臨挑戰。",True,2026-05-15T01:31:00.889908
類腦計算架構啟發新一代計算硬體設計,https://www.futurity.org/brain-inspires-better-computer-hardware-3333802/,Futurity: Research News,2026-05-13T17:44:28Z,Futurity於2026年5月13日刊登研究報導，指出生物啟發式硬體架構設計對實現真正智慧機器的重要性。該研究強調開發具備生物學習特性的計算硬體架構，將推進AI與計算技術演進。,True,2026-05-15T01:31:00.889910
Goldman Sachs警示AI基礎設施瓶頸，Ford CEO指成危機已現,https://fortune.com/2026/05/13/goldman-sachs-ai-agent-energy-bottleneck-labor-shortage/,Fortune,2026-05-13T16:00:00Z,Fortune於2026年5月13日報導，Goldman Sachs分析指出當前AI基礎設施面臨無法突破的效能瓶頸。Ford執行長警告AI算力與數據中心供應已成為「全面危機」，預示AI發展恐受制於硬體基礎設施不足的困境。,True,2026-05-15T01:31:00.889914
電腦突然完全關閉問題排查,https://www.bleepingcomputer.com/forums/t/816054/computer-suddenly-switches-off-completely/,BleepingComputer,2026-05-13T15:38:53Z,來源：BleepingComputer，日期：2026年5月13日。用戶報告在4天內PC突然關閉兩次，伴隨輕微點擊聲。該故障可能涉及硬體故障、電源供應問題或惡意軟體感染。建議進行病毒掃描、硬體診斷及驅動程式更新以排除問題根源。,False,2026-05-15T01:31:00.889916
電腦突然完全關閉問題排查,https://www.bleepingcomputer.com/forums/t/816053/computer-suddenly-switches-off-completely/,BleepingComputer,2026-05-13T15:35:02Z,來源：BleepingComputer，日期：2026年5月13日。用戶報告在4天內PC突然關閉兩次，伴隨輕微點擊聲。該故障可能涉及硬體故障、電源供應問題或惡意軟體感染。建議進行病毒掃描、硬體診斷及驅動程式更新以排除問題根源。,False,2026-05-15T01:31:00.889917
電腦突然完全關閉問題排查,https://www.bleepingcomputer.com/forums/t/816052/computer-suddenly-switches-off-completely/,BleepingComputer,2026-05-13T15:35:02Z,來源：BleepingComputer，日期：2026年5月13日。用戶報告在4天內PC突然關閉兩次，伴隨輕微點擊聲。該故障可能涉及硬體故障、電源供應問題或惡意軟體感染。建議進行病毒掃描、硬體診斷及驅動程式更新以排除問題根源。,False,2026-05-15T01:31:00.889919
Altman披露Musk與OpenAI分歧，指非營利組織曾陷困境,https://www.cnbc.com/2026/05/13/altman-musk-trial-testimony-takeaways.html,CNBC,2026-05-13T14:14:20Z,來源：CNBC，日期：2026年5月13日。OpenAI執行長Altman詳述與創辦人Musk的衝突，指稱非營利組織曾面臨困境。Musk指控Altman及另一聯合創辦人企圖「竊取慈善機構」。此爭議凸顯AI領先企業的治理結構與戰略方向分歧。,False,2026-05-15T01:31:00.889920
基於位置約束的物理逼真氣球動力學模擬方法,https://journals.plos.org/plosone/article?id=10.1371/journal.pone.0348597,Plos.org,2026-05-13T14:00:00Z,來源：Plos.org，日期：2026年5月13日。本研究基於Position-Based Dynamics (PBD)框架開發輕量級氣球動力學方法，能實時模擬充放氣及旋轉過程。相比傳統體積法與CFD方法需高計算成本，本方法提供更高效能的物理模擬解決方案，適用於實時互動應用。,True,2026-05-15T01:31:00.889923
NASA RISC-V太空晶片性能提升100倍，助力火星任務,https://hothardware.com/news/nasas-risc-v-space-chip-offers-100x-performance-boost-for-mars,Hot Hardware,2026-05-13T13:56:00Z,來源：Hot Hardware，日期：2026年5月13日。NASA與Microchip Technology聯合開發RISC-V架構輻射耐受處理器，性能較現役RAD750 PowerPC晶片提升100倍。該掌上型晶片專為深太空探測設計，將顯著提升火星任務系統能力，代表太空計算架構重要進展。,False,2026-05-15T01:31:00.889926
Hermes自我進化AI代理平台，由NVIDIA RTX與DGX Spark驅動,https://blogs.nvidia.com/blog/rtx-ai-garage-hermes-agent-dgx-spark/,Nvidia.com,2026-05-13T13:00:10Z,來源：NVIDIA.com，日期：2026年5月13日。Hermes Agent作為新興開源agentic框架，3個月內獲得14萬GitHub星標，展現社群對Agent AI的高度認可。該平台基於NVIDIA RTX PC及DGX Spark，推動agentic AI改變工作方式，代表生成式AI應用向自主化發展的趨勢。,True,2026-05-15T01:31:00.889930
IBASE推出ES1002邊緣AI伺服器，搭載AMD EPYC Embedded 8004,https://www.techpowerup.com/349007/ibase-releases-es1002-edge-ai-server-powered-by-amd-epyc-embedded-8004,Techpowerup.com,2026-05-13T11:10:35Z,來源：Techpowerup.com，日期：2026年5月13日。IBASE發布ES1002高效能邊緣AI伺服器，採用AMD EPYC Embedded 8004處理器，專為新世代邊緣AI與資料密集應用優化。該平台整合嵌入式與邊緣運算技術，滿足AI推論部署的高效能需求。,False,2026-05-15T01:31:00.889931
半導體產業漲勢面臨降溫風險，可能制約美股漲幅,https://finance.yahoo.com/news/analysis-sizzling-semiconductor-trade-risk-100412623.html,Yahoo Entertainment,2026-05-13T10:04:12Z,來源：Yahoo Entertainment，日期：2026年5月13日。半導體類股強勁上漲驅動美股行情，但漲幅過快引發市場過熱隱憂，促使投資者警惕可能回檔。業內人士指出，在AI晶片需求支撐下，估值泡沫風險逐漸浮現，短期內可能面臨獲利了結壓力。,False,2026-05-15T01:31:00.889933
分析：半導體產業漲勢面臨降溫風險，可能制約美股漲幅,https://www.channelnewsasia.com/business/analysissizzling-semiconductor-trade-risk-cooling-and-stalling-us-stocks-rally-6118411,CNA,2026-05-13T10:04:12Z,來源：CNA，日期：2026年5月13日。紐約報導指出，半導體類股強勁上漲驅動美股行情，但漲幅過快引發市場過熱隱憂。投資者擔憂估值泡沫風險，準備應對可能的市場回檔，預示半導體產業漲勢可能面臨調整壓力。,True,2026-05-15T01:31:00.889934
OpenAI 部署新公司推動 AI 實現，Apple 與 Intel 重啟合作,https://stratechery.com/2026/the-deployment-company-back-to-the-70s-apple-and-intel/,Stratechery.com,2026-05-13T10:00:00Z,據 Stratechery.com 報導（2026年5月13日），OpenAI 正籌組新公司專責 AI 部署，其他 AI 實驗室亦步亦趨，強化了 AI 影響需要自上而下實施的論點。此舉反映 AI 產業化已進入關鍵階段，企業必須建立專門部隊推進商業化。同時，Apple 與 Intel 因經濟效益考量而重啟合作，預示晶片供應鏈面臨重新調整。,True,2026-05-15T01:31:00.889936
記憶體危機暴露傳統 PC 更新週期的經濟困境,https://www.techradar.com/pro/the-rampocalypse-is-exposing-a-flaw-in-how-we-think-about-endpoints,TechRadar,2026-05-13T09:54:35Z,TechRadar 報導（2026年5月13日），所謂「RAMpocalypse」危機揭示傳統個人電腦更新週期已不再具經濟合理性。此現象反映記憶體成本持續上升與性能提升速度放緩的矛盾，迫使廠商與消費者重新評估硬體投資策略，預示 PC 產業未來發展模式將發生根本性轉變。,True,2026-05-15T01:31:00.889937
編程文化中的「極值優化」現象與學習困境,https://blog.jetbrains.com/education/2026/05/13/friction-maxxing-failure-and-learning-to-code/,Jetbrains.com,2026-05-13T09:50:33Z,Jetbrains.com 評論（2026年5月13日），網路文化沉迷於「maxxing」優化趨勢（如 tokenmaxxing、looksmaxxing 等），延伸到程式開發領域亦面臨類似問題。在過度追求單一維度極值的氛圍下，開發者與學習者往往忽略整體均衡發展的重要性，這對編程教育與實踐構成潛在負面影響。,True,2026-05-15T01:31:00.889938
SpacemiT K3 處理器驅動 DC-ROMA RISC-V 主板 III 適配 Framework Laptop 13,https://www.cnx-software.com/2026/05/13/spacemit-k3-powered-dc-roma-risc-v-motherboard-iii-is-made-for-the-framework-laptop-13/,CNX Software,2026-05-13T09:12:28Z,CNX Software 報導（2026年5月13日），Deep Computing DC-ROMA RISC-V 主板 III 搭載 SpacemiT K3 處理器正式推出，適配 Framework Laptop 13 模組化筆電。繼 K3 Pico-ITX 單板機與 K3-CoM260 後，RISC-V 生態持續擴展，預示開源指令集架構在消費級設備中的應用逐步成熟。,True,2026-05-15T01:31:00.889940
AI 運行時安全防禦機制破裂，企業普遍未察覺風險,https://www.techradar.com/pro/ai-security-is-broken-at-runtime-most-enterprises-dont-realize-it-yet,TechRadar,2026-05-13T09:02:22Z,TechRadar 報導（2026年5月13日），大多數企業仍套用傳統資安模型應對 AI 工作負載，導致運行時防禦存在重大漏洞。AI 工作負載的動態性、複雜性與傳統靜態安全機制差異巨大，企業應重新構建符合 AI 特性的防禦體系，此為當前產業面臨的緊迫課題。,True,2026-05-15T01:31:00.889941
Microsoft .NET 最新更新：性能提升、安全強化與 AI 整合,https://www.c-sharpcorner.com/article/microsofts-latest-net-updates-performance-security-and-ai-enhancements/,C-sharpcorner.com,2026-05-13T07:08:10Z,C-sharpcorner.com 報導（2026年5月13日），Microsoft 發佈 .NET 最新更新，涵蓋顯著的性能最佳化、Visual Studio AI 整合、安全防禦增強與雲原生工具。此更新體現 .NET 平台向 AI-native 方向演進，為開發者提供現代化開發環境與生態支援。,True,2026-05-15T01:31:00.889947
C# 15 新特性解析：主建構子、集合運算式與非同步增強,https://www.c-sharpcorner.com/article/c-sharp-15-new-features-and-improvements-developers-need-to-explore/,C-sharpcorner.com,2026-05-13T06:18:51Z,C-sharpcorner.com 報導（2026年5月13日），C# 15 引入主建構子（Primary Constructors）、集合運算式（Collection Expressions）、模式匹配與非同步增強等重要特性。這些改進旨在提升開發生產力與程式碼品質，使 C# 更符合現代程式語言設計趨勢。,True,2026-05-15T01:31:00.889950
Visual Studio 2026：AI 原生特性革新軟體開發流程,https://www.c-sharpcorner.com/article/visual-studio-2026-ai-native-features-that-will-change-software-development/,C-sharpcorner.com,2026-05-13T06:13:30Z,C-sharpcorner.com 報導（2026年5月13日），Visual Studio 2026 導入 AI 原生特性，包括代碼生成、智慧除錯、自動化測試與雲端最佳化功能。此版本標誌著 IDE 與 AI 深度融合的新時代，預期顯著提升 .NET 開發效率與程式品質。,True,2026-05-15T01:31:00.889953
.NET 11 Preview 4：性能躍升、ASP.NET Core 增強與 Native AOT 改進,https://www.c-sharpcorner.com/article/net-11-preview-4-explained-new-features-every-c-sharp-developer-should-know/,C-sharpcorner.com,2026-05-13T06:12:13Z,C-sharpcorner.com 報導（2026年5月13日），.NET 11 Preview 4 帶來性能提升、ASP.NET Core 功能增強、Native AOT 技術改進與 AI 就緒特性。該預覽版展示 .NET 平台朝向高性能、雲原生與 AI 友善方向發展，C# 開發者應關注相關升級。,True,2026-05-15T01:31:00.889955
Cognition 創辦人談 AI 編碼代理 Devin：人類在 AGI 時代的角色,https://colossus.com/article/scott-wu-tapes-cognition/,Colossus.com,2026-05-13T05:47:01Z,Colossus.com 報導（2026年5月13日），Cognition 創辦人 Scott Wu（數學奧林匹克金牌得主）分享 AI 編碼代理 Devin 的開發歷程。在通用人工智慧（AGI）時代來臨之際，探討人類開發者的未來定位與價值，反映軟體產業面臨的深刻變革。,True,2026-05-15T01:31:00.889956
Rust程式語言週刊第651期：社群進展與技術動態總覽,https://this-week-in-rust.org/blog/2026/05/13/this-week-in-rust-651/,This-week-in-rust.org,2026-05-13T04:00:00Z,來源：This-week-in-rust.org，2026年5月13日。本週Rust週刊匯集程式語言生態最新進展，Rust作為一門強調記憶體安全與並發性能的系統程式語言，持續推動可靠高效軟體開發。週刊涵蓋社群貢獻、技術議題與專案更新，為開發者提供業界動向參考。,True,2026-05-15T01:31:00.889958
被動元件大廠MLCC利多驅動，12日內股價勁揚逾108%,https://tw.stock.yahoo.com/news/12%E5%A4%A9%E8%82%A1%E5%83%B9%E7%8B%82%E5%99%B4108-66-%E9%80%99%E8%A2%AB%E5%8B%95%E5%85%83%E4%BB%B6%E5%A4%A7%E5%BB%A0%E5%BC%B7%E5%8B%A2%E8%82%A1-%E6%89%8B%E6%8F%A1mlcc%E5%88%A9%E5%A4%9A%E9%A3%86%E7%98%8B%E4%BA%86-%E7%B6%B2%E5%97%A8-000000648.html,Yahoo Entertainment,2026-05-14T00:00:00Z,"來源：Yahoo Entertainment，2026年5月14日。台股加權指數受壓，跌幅1.25%至41,374點，惟個別被動元件廠商因MLCC（多層陶瓷電容）供應面利多，股價呈現強勢表現。該檔個股漲幅達108.66%，反映電容器市場需求強勁，帶動投資人布局。",False,2026-05-15T01:31:01.083002
三星罷工衝擊HBM4開發，台廠記憶體廠商迎戰機遇,https://tw.stock.yahoo.com/news/%E4%B8%89%E6%98%9F%E7%BD%B7%E5%B7%A5%E6%81%90%E6%88%90%E5%AE%9A%E6%95%B8ai-hbm4%E8%BF%8E%E8%A1%9D%E6%93%8A-%E5%8F%B0%E5%BB%A0%E8%A8%98%E6%86%B6%E9%AB%94%E8%BF%8E%E5%BC%B7%E6%94%BB3%E6%AA%94%E6%BC%B2%E5%81%9C-%E9%95%B7%E6%9C%9F%E6%95%88%E6%87%89-%E8%B6%85%E7%B4%9A%E5%BE%AA%E7%92%B0-055000848.html,Yahoo Entertainment,2026-05-13T21:50:00Z,來源：Yahoo Entertainment，2026年5月13日。三星電子超過4萬員工罷工在即，將對次世代AI晶片特別是HBM4（高頻寬記憶體第4代）的研發與供應造成影響。台灣記憶體廠商因應全球AI晶片需求升溫與「超級循環」概念，有望獲得強攻機會，多檔個股漲停。,False,2026-05-15T01:31:01.083010
掌握FOPLP與SpaceX訂單，面板廠獲三大法人與政府基金青睞,https://tw.stock.yahoo.com/news/%E6%89%8B%E6%8F%A1foplp-%E6%89%93%E9%80%B2spacex%E5%88%A9%E5%A4%9A%E9%80%A3%E7%99%BC-%E9%80%99%E6%AA%94%E9%9D%A2%E6%9D%BF-%E4%B8%89%E5%A4%A7%E6%B3%95%E4%BA%BA%E7%98%8B%E6%90%B6-%E5%9C%8B%E5%AE%B6%E9%9A%8A%E8%B7%9F%E9%80%B29000%E5%BC%B5-004000392.html,Yahoo Entertainment,2026-05-13T16:40:00Z,"來源：Yahoo Entertainment，2026年5月13日。台股面板廠因掌握FOPLP（覆晶型面板級封裝）技術與SpaceX低軌衛星訂單，吸引外資、投信及自營商積極布局。國家隊跟進買進逾9,000張，聯電獲政府基金8億元輸血，顯示該領域受重視。",False,2026-05-15T01:31:01.083012
群創光電SpaceX大單帶動營收，低軌衛星與FOPLP雙題材發酵,https://tw.stock.yahoo.com/news/%E5%82%B3%E6%8B%BF%E4%B8%8Bspacex%E5%A4%A7%E5%96%AE-%E9%80%99%E6%AA%94-%E6%89%8B%E6%8F%A1%E4%BD%8E%E8%BB%8C%E8%A1%9B%E6%98%9F-foplp%E9%9B%99%E9%A1%8C%E6%9D%90-%E4%BB%8A%E7%8B%82%E5%90%B8%E8%BF%91500%E5%84%84%E6%88%90%E4%BA%A4%E9%A1%8D-114500577.html,Yahoo Entertainment,2026-05-13T11:45:00Z,來源：Yahoo Entertainment，2026年5月13日。群創光電（3481）傳獲SpaceX大單，掌握低軌衛星與FOPLP技術雙重題材，激發投資人買氣，單日成交額近500億元。該公司4月營收212億元，年增11.79%，營運前景持續受市場看好。,False,2026-05-15T01:31:01.083014
群創FOPLP技術助營運轉盈，三大法人與外資積極加碼布局,https://tw.stock.yahoo.com/news/%E4%B8%89%E5%A4%A7%E6%B3%95%E4%BA%BA%E7%9E%84%E6%BA%96foplp-%E9%80%99%E6%AA%94%E9%9D%A2%E6%9D%BF-%E7%87%9F%E9%81%8B%E8%BD%89%E7%9B%88%E5%A4%96%E8%B3%87-%E6%8A%95%E4%BF%A1-%E8%87%AA%E7%87%9F%E5%95%86%E6%90%B6%E7%98%8B%E4%BA%86-130000528.html,Yahoo Entertainment,2026-05-13T05:00:00Z,來源：Yahoo Entertainment，2026年5月13日。群創光電因FOPLP技術與SpaceX產能滿載實現營運轉盈，吸引外資、投信及自營商搶進，三大法人合計賣超480.5億元。該公司受惠衛星通訊與先進封裝應用，成為市場資金焦點。,False,2026-05-15T01:31:01.083015
群創巨量成交逼近15年新高，FOPLP題材激勵投資人看多,https://tw.stock.yahoo.com/news/%E3%80%90hot%E5%8F%B0%E8%82%A1%E3%80%91%E7%BE%A4%E5%89%B5%E7%82%B8%E7%99%BE%E8%90%AC%E5%BC%B5%E5%B7%A8%E9%87%8F%E5%A5%9415%E5%B9%B4%E6%96%B0%E9%AB%98%EF%BC%81%E7%B6%B2%E5%97%A8%E3%80%8C%E5%B7%9D%E7%BF%92%E6%9C%83%E5%9C%8B%E9%9A%9B%E5%8C%85%E5%AD%90%E6%97%A5%E3%80%8D-%E5%B0%88%E5%AE%B6%E7%BA%8C%E7%9C%8B%E5%A4%9A-034918087.html,Yahoo Entertainment,2026-05-13T03:49:18Z,來源：Yahoo Entertainment，2026年5月13日。群創光電因FOPLP技術突破與SpaceX訂單確認，股價衝刺15年新高，單日成交量達百萬張，顯示市場熱度高漲。投資人普遍看好該公司在衛星通訊與先進封裝領域的長期前景。,False,2026-05-15T01:31:01.083017
巴西左翼陣營討論2026總統大選替代人選,https://www.diariodocentrodomundo.com.br/grupo-de-whatsapp-bolsonarista-discute-substituto-para-flavio-bolsonaro-prefiro-o-lule/,Diariodocentrodomundo.com.br,2026-05-14T01:05:03Z,來源：Diariodocentrodomundo.com.br，2026年5月14日。巴西保守派WhatsApp群組「Amigos de Confiança」討論參議員Flávio Bolsonaro之替代人選，反映政治派系內部分化。該新聞與半導體產業無關。,False,2026-05-15T01:31:01.647615
美國監獄前員工揭露Ghislaine Maxwell優待待遇引爭議,https://www.rawstory.com/ghislaine-maxwell-prison-2676892294/,Raw Story,2026-05-14T00:41:11Z,來源：Raw Story，2026年5月14日。獄中管理員指控監獄對已定罪的性犯罪者Ghislaine Maxwell提供優先待遇，引發社會輿論。該新聞與半導體產業無關。,False,2026-05-15T01:31:01.647624
Windows BitLocker零時差漏洞曝光，USB裝置可繞過加密防護,https://www.itnews.com.au/news/usb-stick-opens-windows-bitlocker-drives-in-new-zero-day-625859,iTnews,2026-05-13T23:47:00Z,來源：iTnews，2026年5月13日。研究人員發布YellowKey概念驗證（Proof-of-Concept），揭露Windows BitLocker加密硬碟新型零時差漏洞，可透過USB裝置繞過防護機制。該漏洞影響資料安全與系統防護架構。,True,2026-05-15T01:31:01.647626
阿根廷金融監管部門突擊檢查40家金融機構 調查鉅額非法換匯洗錢網絡,https://www.lanacion.com.ar/economia/allanamientos-sorpresa-a-40-financieras-por-una-megaoperacion-para-sacar-dolares-del-pais-durante-el-nid13052026/,La Nacion,2026-05-13T23:36:57Z,據《La Nación》2026年5月13日報導，阿根廷檢調當局對40家金融機構進行突擊搜查，調查一起涉及資產洗錢、逃稅及外匯走私的重大犯罪網絡。該案源自美國調查，兩個月前在阿根廷境內展開，涉及人士包括體育記者及足球運動員。此舉反映該國對非法資本外流的打擊力度加強。,True,2026-05-15T01:31:01.647627
CTBN/奈米SiC複合材料增韌木本油脂膠粘劑的製備與性能研究,https://pubs.rsc.org/en/content/articlelanding/2026/ra/d5ra09970f,Royal Society of Chemistry,2026-05-13T23:00:00Z,皇家化學學會期刊《RSC Advances》2026年刊登論文，以開放獲取方式發表。研究團隊開發CTBN/nano-SiC複合增韌系統應用於木本油脂膠粘劑，探討其製備工藝與性能表現。該研究在先進材料複合化與性能優化領域具有參考價值。,False,2026-05-15T01:31:01.647629
聖地亞哥市預算提案恢復部分社區中心及圖書館經費,https://www.kpbs.org/news/economy/2026/05/13/san-diegos-latest-budget-proposal-restores-some-rec-center-library-funds-while-maintaining-other-cuts,KPBS,2026-05-13T22:24:38Z,據KPBS 2026年5月13日報導，聖地亞哥市政府提出預算提案，利用高爾夫球場收入新法律指引及觀光收入增長，恢復對社區體育中心的部分資金撥款，同時維持其他預算削減措施不變。,False,2026-05-15T01:31:01.647631
解密文件揭露CIA秘密進行心智控制實驗 MKUltra檔案爭議升溫,https://www.dailymail.com/sciencetech/article-15815775/cia-mkultra-mind-control-files.html,Dailymail.com,2026-05-13T21:29:17Z,據《Daily Mail》2026年5月13日報導，解密檔案披露美國中情局(CIA)曾秘密對美國公民進行心智控制實驗。相關檔案的缺失引發新一輪爭議與質詢，涉及歷史問責與政府透明度問題。,False,2026-05-15T01:31:01.647632
皇馬主席佩雷斯：夏季轉會將追求頂級球員 「看到好球員就去爭取」,https://www.mundodeportivo.com/futbol/real-madrid/20260513/1004182980/florentino-habra-fichajes-siempre-hemos-ido-mejores.html,Mundodeportivo.com,2026-05-13T20:48:55Z,據《Mundo Deportivo》2026年5月13日報導，皇家馬德里主席佛羅倫蒂諾·佩雷斯在接受採訪時表示，球隊將在下個轉會期進行陣容調整，有意引進實力球員。他強調管理層需對球隊進行全面評估，為新賽季做準備。,True,2026-05-15T01:31:01.647633
皇馬主席佩雷斯評比姆巴佩與維尼修斯：「他是目前球隊最強者」,https://www.mundodeportivo.com/futbol/real-madrid/20260513/1004182971/florentino-decide-mbappe-vinicius-mejor-jugador-real-madrid.html,Mundodeportivo.com,2026-05-13T20:17:59Z,據《Mundo Deportivo》2026年5月13日報導，皇家馬德里主席佩雷斯就球隊核心球員進行公開評價。佩雷斯於宣佈提前召開選舉後首次接受媒體採訪，就陣容建設及未來方向發表見解。,True,2026-05-15T01:31:01.647636
葡萄牙專家：Silva與本菲卡命中註定 但現非其時,https://expresso.pt/podcasts/jogo-aberto/2026-05-13-luis-aguilar-marco-silva-tem-escrito-nas-estrelas-que-vai-treinar-o-benfica-mas-acho-que-nao-e-este-o-momento-8cea6eaf,Expresso.pt,2026-05-13T19:50:00Z,據《Expresso》2026年5月13日報導，葡萄牙足球評論人士Luis Aguilar認為教練馬爾科·席爾瓦與本菲卡俱樂部存在緣分，惟現階段時機未熟。國際媒體同時報導穆里尼奧與皇家馬德里的談判已進入最後階段。,True,2026-05-15T01:31:01.647638
美國參議員費特曼警告民主黨基層日益「反美」 對外交政策提批評,https://www.mediaite.com/politics/fetterman-warns-the-base-of-the-democratic-party-is-becoming-increasingly-anti-american/,Mediaite,2026-05-13T19:46:38Z,據《Mediaite》2026年5月13日報導，美國參議員約翰·費特曼對民主黨基層政治立場表示擔憂，指其對古巴、委內瑞拉及伊朗政權的支持立場越來越明顯，警告黨內基層政治取向日益「反美」化。,False,2026-05-15T01:31:01.647639
華盛頓製造企業因犯罪、稅務及政治環境惡化而遷離民主黨執政州,https://www.breitbart.com/politics/2026/05/13/washington-manufacturer-fleeing-democrat-state-over-crime-taxes-political-climate/,Breitbart News,2026-05-13T18:42:57Z,據《Breitbart News》2026年5月13日報導，一家在華盛頓州運營近50年的製造企業因犯罪率上升、稅務負擔過重及政治環境惡化而決定遷離該州。此舉反映民主黨執政地區面臨的經營環境挑戰與企業信心問題。,True,2026-05-15T01:31:01.647641
葡萄牙前總理帕索斯·科埃略成新的政治代言人 改革呼聲日益高漲,https://observador.pt/programas/e-o-vencedor-e/passos-coelho-e-o-novo-medina-carreira/,Observador.pt,2026-05-13T18:38:57Z,據《Observador》2026年5月13日報導，葡萄牙前總理帕索斯·科埃略通過發表不受歡迎的政策言論，逐步成為改革派代言人。其日益活躍的政治角色反映國內對陷入僵局的政治體制改革呼聲增加，引發關於其潛在參選意圖的猜測。,False,2026-05-15T01:31:01.647642
歐洲歌唱大賽葡萄牙收視率穩定，決賽預期下滑,https://expresso.pt/blitz/noticias/2026-05-13-eurovisao-audiencia-em-portugal-mantem-se-em-noite-de-quebra-na-europa-final-falhada-promete-maior-descida-d3abdd77,Expresso.pt,2026-05-13T17:38:00Z,據Expresso.pt報導（2026年5月13日），歐洲歌唱大賽在葡萄牙當日收視排名第四，收視率與2025年基本持平，與近年葡萄牙參賽半決賽平均水準相當。然而本年決賽未如預期，業界預測收視率將進一步下滑，反映出該項目在歐洲觀眾中的吸引力面臨挑戰。,True,2026-05-15T01:31:01.647644
網路熱議《X檔案》和《辛普森家庭》預言漢病毒爆發,https://nypost.com/2026/05/13/us-news/how-the-x-files-and-the-simpsons-predicted-the-hantavirus-outbreak/,New York Post,2026-05-13T17:00:28Z,根據New York Post報導（2026年5月13日），網路用戶發現《X檔案》和《辛普森家庭》兩部經典影視作品疑似在20年前預言了漢病毒疫情爆發，引發廣泛討論和轉發。此類巧合現象再次掀起網路文化中關於虛構作品與現實事件相關性的辯論。,False,2026-05-15T01:31:01.647645
克里斯·布朗對專輯評論激烈回應,https://www.eonline.com/news/1431947/chris-brown-responds-to-pitchfork-review-of-brown-album-as-piece-of-s-t,Eonline.com,2026-05-13T16:55:50Z,根據Eonline.com報導（2026年5月13日），藝人克里斯·布朗針對音樂評論網站Pitchfork對其新專輯《Brown》的負面評論做出激烈回應。該評論將專輯貶低為「垃圾」，布朗隨即以言辭不當的方式進行反駁，展現出音樂人對批評的強烈態度。,False,2026-05-15T01:31:01.647646
Windows BitLocker零日漏洞被破解，公開PoC程式碼威脅數據安全,https://www.bleepingcomputer.com/news/security/windows-bitlocker-zero-day-gives-access-to-protected-drives-poc-released/,BleepingComputer,2026-05-13T16:37:49Z,BleepingComputer報導（2026年5月13日），資安研究人員公開了兩個未修補的Windows漏洞PoC代碼，分別命名為YellowKey和GreenPlasma。YellowKey為BitLocker繞過漏洞，GreenPlasma則為權限提升漏洞，兩者均涉及Microsoft未發佈補丁的安全缺陷，對使用BitLocker加密的系統造成直接威脅。,False,2026-05-15T01:31:01.647648
"上訴法院凍結川普應付E·卡羅爾8,300萬美元賠償金",https://freerepublic.com/focus/f-news/4379062/posts,Freerepublic.com,2026-05-13T16:17:44Z,"根據Freerepublic.com報導（2026年5月13日），美國第二巡迴上訴法院本週暫時凍結總統川普應支付給E·卡羅爾的8,300萬美元誹謗賠償金，以待最高法院作出裁決。該臨時禁令系應川普的請求而發佈，案件仍在司法程序中延續。",True,2026-05-15T01:31:01.647649
超市加油站油價比大型油企便宜超過6歐元,https://pplware.sapo.pt/motores/atestar-nos-postos-dos-hipermercados-pode-render-poupanca-de-mais-de-seis-euros/,Sapo.pt,2026-05-13T16:09:41Z,根據Sapo.pt報導（2026年5月13日），葡萄牙超級市場加油站與大型石油品牌的燃油價格差異已達可觀水準。每50升油品購買，超級市場價格可比大型油企便宜6歐元以上，為消費者提供顯著的成本節省機會。,True,2026-05-15T01:31:01.647651
Wolfspeed Inc.（WOLF）股票投資評估,https://finance.yahoo.com/news/wolfspeed-inc-wolf-good-stock-160735657.html,Yahoo Entertainment,2026-05-13T16:07:35Z,根據Yahoo Entertainment報導（2026年5月13日），投資分析網站Valueinvestorsclub.com上出現對Wolfspeed Inc.的看漲論點（用戶gri24發佈）。該報導總結了Wolfspeed作為潛在投資標的的核心價值主張，惟具體分析內容需參閱原始資料。,False,2026-05-15T01:31:01.647655
Lotta Hintsa回應社群媒體批評，發佈誠實影片說明,https://www.is.fi/viihde/art-2000011982878.html,Www.is.fi,2026-05-13T16:03:00Z,據Is.fi報導（2026年5月13日），芬蘭知名人士Lotta Hintsa針對社群媒體上關於其某項行為的批評進行了正式回應，並發佈影片進行澄清。該事件反映出公眾人物在社群媒體時代所面臨的持續關注與評論壓力。,False,2026-05-15T01:31:01.647656
川普稱讚隨行企業高管訪華，包括馬斯克與庫克,https://www.morgenpost.de/politik/article411991418/trump-nennt-sie-brilliant-diese-maechtigen-bosse-begleiten-ihn-nach-china.html,Berliner Morgenpost,2026-05-13T15:32:47Z,根據Berliner Morgenpost報導（2026年5月13日），美國總統川普本人對隨行訪華的企業領袖讚譽有加，其中包括Tesla執行長埃隆·馬斯克與Apple執行長蒂姆·庫克等多位億萬富翁。此訪問體現出科技產業領袖在美國外交戰略中扮演的重要角色。,True,2026-05-15T01:31:01.647658
Navitas Semiconductor股價上漲7%，GaN晶片與AI數據中心需求驅動,https://www.ibtimes.com.au/navitas-semiconductor-surges-ai-power-demand-1868757,Ibtimes.com.au,2026-05-13T15:32:01Z,根據Ibtimes.com.au報導（2026年5月13日），Navitas Semiconductor股價上漲超過7%，主要受惠於AI數據中心對高效能GaN（氮化鎵）電源解決方案需求增長。該公司與印度的策略合作夥伴關係擴展及新產品發佈，進一步強化了市場對其能源效率技術的認可。,False,2026-05-15T01:31:01.647659
無法處理：該文章非半導體產業相關內容,https://decider.com/2026/05/13/the-punisher-one-last-kill-disney-plus-review/,Decider,2026-05-13T14:30:00Z,此篇文章涉及娛樂影視內容評論，與半導體產業無關。根據編輯要求，僅處理半導體與科技產業新聞，故無法提供專業改寫。,True,2026-05-15T01:31:01.647661
無法處理：該文章非半導體產業相關內容,https://expresso.pt/governo/2026-05-13-primeiro-ministro-e-lider-do-chega-reunem-se-esta-tarde-em-sao-bento-dcdb4d77,Expresso.pt,2026-05-13T14:29:22Z,此篇文章為葡萄牙政治新聞，與半導體產業無關。根據編輯要求，僅處理半導體與科技產業新聞，故無法提供專業改寫。,True,2026-05-15T01:31:01.647662
無法處理：該文章非半導體產業相關內容,https://www.boredpanda.com/elementary-school-teacher-turned-in-by-husband-after-confessing-unsettling-crime/,Boredpanda.com,2026-05-13T14:09:02Z,此篇文章涉及刑事案件報導，與半導體產業無關。根據編輯要求，僅處理半導體與科技產業新聞，故無法提供專業改寫。,True,2026-05-15T01:31:01.647663
無法處理：該文章非半導體產業相關內容,https://www.tagesspiegel.de/berlin/bekennerschreiben-auf-einschlagigem-portal-neue-angriffe-auf-zwei-lap-coffee-filialen-in-berlin-15593601.html,Der Tagesspiegel,2026-05-13T14:02:50Z,此篇文章為德國社會安全事件報導，與半導體產業無關。根據編輯要求，僅處理半導體與科技產業新聞，故無法提供專業改寫。,True,2026-05-15T01:31:01.647665
Skeeper SM-300® 數位聽診器肺音數據採集應用試驗研究,https://journals.plos.org/plosone/article?id=10.1371/journal.pone.0348588,Plos.org,2026-05-13T14:00:00Z,此論文（刊登於PLOS期刊，2026年5月13日）探討數位聽診器在臨床實踐中的應用。研究強調在疫情背景下，非接觸式醫療支持與人工智慧發展對高品質數據採集的迫切需求。Skeeper SM-300® 設備展示了醫療器械與AI整合的應用潛力。,True,2026-05-15T01:31:01.647666
無法處理：該文章非半導體產業相關內容,https://www.welt.de/politik/deutschland/article6a02d078c7b823fd84bdff34/bundesregierung-trauerspiel-opposition-kritisiert-ergebnisse-von-koalitionsausschuss-scharf-liveticker.html,DIE WELT,2026-05-13T13:33:00Z,此篇文章為德國政治改革評論，與半導體產業無關。根據編輯要求，僅處理半導體與科技產業新聞，故無法提供專業改寫。,False,2026-05-15T01:31:01.647669
無法處理：該文章非半導體產業相關內容,https://www.kpbs.org/news/border-immigration/2026/05/13/california-calls-this-company-a-charity-its-the-landlord-for-an-ice-detention-center,KPBS,2026-05-13T13:00:00Z,此篇文章涉及美國稅務與非營利組織調查，與半導體產業無關。根據編輯要求，僅處理半導體與科技產業新聞，故無法提供專業改寫。,False,2026-05-15T01:31:01.647670
無法處理：該文章非半導體產業相關內容,https://www.mcsweeneys.net/articles/exploremores-girl-scout-cookie,Mcsweeneys.net,2026-05-13T12:59:00Z,此篇文章為食品評論內容，與半導體產業無關。根據編輯要求，僅處理半導體與科技產業新聞，故無法提供專業改寫。,True,2026-05-15T01:31:01.647672
無法處理：該文章非半導體產業相關內容,https://goodinternet.substack.com/p/interpolatable-archives-part-3,Substack.com,2026-05-13T12:21:52Z,此篇文章涉及檔案學與理論研究，與半導體產業無關。根據編輯要求，僅處理半導體與科技產業新聞，故無法提供專業改寫。,False,2026-05-15T01:31:01.647673
無法處理：該文章非半導體產業相關內容,https://www.lawyersgunsmoneyblog.com/2026/05/the-right-wing-dogma-on-the-covid-vaccines-and-the-mysteries-of-the-internet,Lawyersgunsmoneyblog.com,2026-05-13T12:10:23Z,此篇文章涉及疫苗政策與社會學討論，與半導體產業無關。根據編輯要求，僅處理半導體與科技產業新聞，故無法提供專業改寫。,False,2026-05-15T01:31:01.647675
未能提供摘要,https://www.nacion.com/opinion/columnistas/lo-que-mas-me-sorprendio-esta-semana-20-imagenes/TKMLEEPGWBCSTIYLBAR5VAJXCE/story/,Nacion.com,2026-05-13T12:00:00Z,本文為政治新聞，非半導體產業相關內容，不符合編輯要求。,True,2026-05-15T01:31:01.647676
未能提供摘要,https://www.gbnews.com/celebrity/john-lennon-son-julian-health-heart-disease-warning,Gbnews.com,2026-05-13T11:30:40Z,本文為娛樂及健康新聞，非半導體產業相關內容，不符合編輯要求。,True,2026-05-15T01:31:01.647677
未能提供摘要,https://www.elconfidencial.com/deportes/futbol/2026-05-13/real-madrid-florentino-perez-anas-laghrari-sociedad-anonima-deportiva_4354443/,Elconfidencial.com,2026-05-13T11:27:00Z,本文為體育產業新聞，非半導體產業相關內容，不符合編輯要求。,True,2026-05-15T01:31:01.647679
未能提供摘要,https://www.elmundo.es/madrid/2026/05/13/6a0452e2fdddffd63e8b45a0.html,El Mundo,2026-05-13T10:48:30Z,本文為犯罪新聞，非半導體產業相關內容，不符合編輯要求。,True,2026-05-15T01:31:01.647680
未能提供摘要,https://www.jornada.com.mx/2026/05/13/estados/025n2est,Jornada.com.mx,2026-05-13T10:45:12Z,本文為環境保護新聞，非半導體產業相關內容，不符合編輯要求。,True,2026-05-15T01:31:01.647681
未能提供摘要,https://www.jornada.com.mx/2026/05/13/opinion/010o1pol,Jornada.com.mx,2026-05-13T10:45:12Z,本文為國際政治評論，非半導體產業相關內容，不符合編輯要求。,True,2026-05-15T01:31:01.647683
dBase 資料庫軟體在 47 年後正式停運,https://www.theregister.com/databases/2026/05/13/dbase-debased-database-titan-fades-to-black-after-47-years/5238841,Theregister.com,2026-05-13T10:44:00Z,據 The Register 報導（2026年5月13日），傳奇資料庫應用軟體 dBase 在運營 47 年後宣告終止服務。該報導指出，紀念性文章的發布似乎加速了這款老牌軟體僅存的線上服務下線。dBase 曾是業界重要的資料庫解決方案，其衰落反映了軟體產業的激烈競爭與技術迭代。,True,2026-05-15T01:31:01.647684
Instructure 支付贖金以應對 Canvas 平台遭駭事件,https://www.zataz.com/instructure-paie-les-pirates-apres-lattaque-de-canvas/,Zataz.com,2026-05-13T10:34:16Z,據 Zataz 報導（2026年5月13日），教育軟體公司 Instructure 遭駭客組織 ShinyHunters 攻擊其 Canvas 平台後，已向對方支付贖金。事件引發美國國會對企業網路安全應對措施的調查。此案凸顯企業關鍵應用遭受網路威脅時面臨的複雜決策，以及加強網路防禦的迫切性。,True,2026-05-15T01:31:01.647686
未能提供摘要,https://www.latercera.com/culto/noticia/la-quintrala-y-el-cristo-de-mayo-el-mito-que-benjamin-vicuna-mackenna-hizo-realidad/,Latercera.com,2026-05-13T10:00:00Z,本文為智利歷史文化新聞，非半導體產業相關內容，不符合編輯要求。,True,2026-05-15T01:31:01.647687
未能提供摘要,https://www.meneame.net/m/politica/2026-feijoo-encaro-narco,Meneame.net,2026-05-13T09:34:00Z,本文為西班牙政治新聞，非半導體產業相關內容，不符合編輯要求。,False,2026-05-15T01:31:01.647688
加密訊息揭露Nvidia晶片與美國科技產品遭非法走私至中俄伊,https://www.ilfattoquotidiano.it/2026/05/13/riforma-licei-valditara-spinoza-gramsci-marx-docenti-appello-cacciari/8384554/,Ilfattoquotidiano.it,2026-05-13T09:01:38Z,根據Fortune 2026年5月13日報導，美國製造的高端科技元件遭非法走私至俄羅斯、伊朗和中國。議員擔憂此舉可能使敵對國家在戰場上獲得優勢地位。報導基於加密訊息證據，揭示了Nvidia等關鍵晶片供應商的產品如何繞過美國出口管制流入敵對國家，引發美國政府對半導體產業安全的高度關注。,True,2026-05-15T01:31:01.647694
加密訊息揭露Nvidia晶片與美國科技產品遭非法走私至中俄伊,https://www.welt.de/politik/deutschland/article6a02d078c7b823fd84bdff34/bundesregierung-steuer-arbeitsmarkt-rente-mit-dieser-sms-informiert-spahn-ueber-ergebnisse-des-koalitionsausschusses-liveticker.html,DIE WELT,2026-05-13T08:35:00Z,根據Yahoo Entertainment 2026年5月13日報導，美國製造的高端科技元件遭非法走私至俄羅斯、伊朗和中國。議員擔憂此舉可能使敵對國家在戰場上獲得優勢地位。報導基於加密訊息證據，揭示了Nvidia等關鍵晶片供應商的產品如何繞過美國出口管制流入敵對國家，引發美國政府對半導體產業安全的高度關注。,True,2026-05-15T01:31:01.647697
"Francisco Mendes da Silva: “A decisão do Tribunal Constitucional foi unânime, não se pode dizer que foi por uma maioria de juízes mais inclinados à esquerda”",https://expresso.pt/podcasts/antes-pelo-contrario/2026-05-13-a-decisao-do-tribunal-constitucional-foi-unanime-nao-se-pode-dizer-que-foi-por-uma-maioria-de-juizes-mais-inclinados-a-esquerda-c9a0151d,Expresso.pt,2026-05-13T08:30:00Z,"Daniel Oliveira e Francisco Mendes da Silva debatem a devolução ao Parlamento do decreto chumbado pelo Tribunal Constitucional sobre perda de nacionalidade, a estratégia do Chega e o futuro do pacote laboral, no Antes Pelo Contrário em podcast",True,2026-05-15T01:31:01.647699
"Rita Rocha: “A minha mãe chegou ao pé de mim e disse ‘Pronto, estás inscrita no The Voice’. E eu: ‘Nem canto fora do banho, quanto mais num palco para milhares de pessoas’”",https://expresso.pt/podcasts/geracao-2000/2026-05-13-a-minha-mae-chegou-ao-pe-de-mim-e-disse-pronto-estas-inscrita-no-the-voice.-e-eu-nem-canto-fora-do-banho-quanto-mais-num-palco-b2709d9f,Expresso.pt,2026-05-13T08:30:00Z,"No novo episódio do Geração 2000, Manel Rosa conversa com Rita Rocha, uma das vozes mais promissoras da nova geração da música portuguesa",True,2026-05-15T01:31:01.647702
Miguel Alves condenado pelo TdC a pagar 369 mil euros,https://observador.pt/2026/05/13/miguel-alves-condenado-pelo-tribunal-de-contas-a-pagar-369-mil-euros-por-centro-de-exposicoes-transfronteirico/,Observador.pt,2026-05-13T08:21:48Z,"Ex-autarca de Caminha disse que ""ainda não tinha lido a sentença"", relativa ao caso do centro de exposições: ""Vou ler, avaliar a decisão e, certamente que confirmando-se, apresentarei recurso"".",False,2026-05-15T01:31:01.647703
As notícias das 9h,https://observador.pt/programas/noticiario/as-noticias-das-9h-2348/,Observador.pt,2026-05-13T08:17:42Z,As notícias na Rádio Observador. Aconteça o que acontecer.,False,2026-05-15T01:31:01.647705
Encrypted texts reveal how Nvidia chips and U.S. tech are being smuggled to China and Russia,https://fortune.com/2026/05/13/nvidia-chip-smuggling-china-russia-iran-export-controls-supermicro/,Fortune,2026-05-13T08:13:00Z,"American-made tech components are being illegally smuggled to Russia, Iran, and China and lawmakers fear it could give them a battlefield edge.",True,2026-05-15T01:31:01.647706
Encrypted texts reveal how Nvidia chips and U.S. tech are being smuggled to China and Russia,https://finance.yahoo.com/news/encrypted-texts-reveal-nvidia-chips-081300653.html,Yahoo Entertainment,2026-05-13T08:13:00Z,"American-made tech components are being illegally smuggled to Russia, Iran, and China and lawmakers fear it could give them a battlefield edge.",False,2026-05-15T01:31:01.647707
„So kann man einfach nicht arbeiten“ – Winfried Kretschmann teilt gegen Merz aus,https://www.welt.de/politik/deutschland/article6a02d078c7b823fd84bdff34/bundesregierung-so-kann-man-einfach-nicht-arbeiten-winfried-kretschmann-teilt-bei-markus-lanz-gegen-merz-aus-liveticker.html,DIE WELT,2026-05-13T07:56:00Z,Am Vormittag kommt das Bundeskabinett zusammen – dabei soll das neue Heizungsgesetz auf den Weg gebracht werden. Der scheidende Ministerpräsident Baden-Württembergs beurteilt in einer Talkshow die Leistung der Bundesregierung. Mehr im Liveticker.,True,2026-05-15T01:31:01.647709
Sic transit gloria mundi: egyre kevesebb sört isznak a csehek,https://www.portfolio.hu/gazdasag/20260513/sic-transit-gloria-mundi-egyre-kevesebb-sort-isznak-a-csehek-836406,Portfolio.hu,2026-05-13T07:33:00Z,"Csehországban 2025-ben történelmi mélypontra esett a sörfogyasztás, miközben az alkoholmentes sörök iránti kereslet továbbra is dinamikusan növekszik – derül ki a Cseh Sör- és Malátaszövetség legfrissebb adataiból - közölte az ESM Magazine.",True,2026-05-15T01:31:01.647710
不相關文章 - 非半導體產業新聞,https://www.boredpanda.com/new-details-surface-after-nurse-mom-endures-fatal-recorded-attack/,Boredpanda.com,2026-05-13T07:32:05Z,此文章來自Boredpanda.com，內容涉及刑事案件，與半導體產業無關。建議篩選產業相關新聞後再行轉換。,True,2026-05-15T01:31:01.647712
不相關文章 - 非半導體產業新聞,https://expresso.pt/podcasts/contas-poupanca/2026-05-13-o-tipo-de-incapacidade-no-seguro-de-vida-pode-decidir-se-a-casa-fica-paga-ou-nao.-perceba-a-diferenca-enter-iad-e-itp-149f5425,Expresso.pt,2026-05-13T07:12:33Z,此文章來自Expresso.pt，內容關於保險產品（IAD與ITP差異），與半導體產業無關。建議篩選產業相關新聞後再行轉換。,True,2026-05-15T01:31:01.647713
不相關文章 - 非半導體產業新聞,https://www.cnn.com/2026/05/13/us/kouri-richins-murder-sentencing,CNN,2026-05-13T07:00:50Z,此文章來自CNN，內容涉及刑事案件，與半導體產業無關。建議篩選產業相關新聞後再行轉換。,True,2026-05-15T01:31:01.647714
不相關文章 - 非半導體產業新聞,https://observador.pt/programas/noticiario/as-noticias-das-7h-2383/,Observador.pt,2026-05-13T06:19:00Z,此文章來自Observador.pt，內容關於政治新聞，與半導體產業無關。建議篩選產業相關新聞後再行轉換。,False,2026-05-15T01:31:01.647716
不相關文章 - 非半導體產業新聞,https://www.welt.de/politik/deutschland/article6a02d078c7b823fd84bdff34/bundesregierung-kabinett-will-heute-neues-heizungsgesetz-beschliessen-koalitionsausschuss-endet-ohne-beschluesse-liveticker.html,DIE WELT,2026-05-13T06:15:00Z,此文章來自DIE WELT，內容關於德國政治改革與供暖法規，與半導體產業無關。建議篩選產業相關新聞後再行轉換。,False,2026-05-15T01:31:01.647717
不相關文章 - 非半導體產業新聞,https://expresso.pt/podcasts/assim-vamos-ter-de-falar-de-outra-maneira/2026-05-13-uma-pessoa-contou-me-que-a-caminho-do-norte-passou-por-um-portico-que-dizia-bem-vindos-a-ermesinde-terra-das-gajas-boas-33c36ff1,Expresso.pt,2026-05-13T05:40:00Z,此文章來自Expresso.pt，內容涉及喜劇表演與文化評論，與半導體產業無關。建議篩選產業相關新聞後再行轉換。,True,2026-05-15T01:31:01.647719
不相關文章 - 非半導體產業新聞,https://www.welt.de/politik/deutschland/article6a02d078c7b823fd84bdff34/bundesregierung-koalitionsausschuss-endet-ohne-konkrete-beschluesse-arbeitsprozess-fuer-reformen-vereinbart-liveticker.html,DIE WELT,2026-05-13T05:03:00Z,此文章來自DIE WELT，內容關於德國政治改革協議，與半導體產業無關。建議篩選產業相關新聞後再行轉換。,True,2026-05-15T01:31:01.647720
不相關文章 - 非半導體產業新聞,https://www.diepresse.com/23658797/selbstuebertreibungsmaschine-fast-alles-ueber-thomas-bernhard,Diepresse.com,2026-05-13T04:27:02Z,此文章來自Diepresse.com，內容涉及文學評論與藝術展覽，與半導體產業無關。建議篩選產業相關新聞後再行轉換。,True,2026-05-15T01:31:01.647721
不相關文章 - 非半導體產業新聞,https://www.americanthinker.com/blog/2026/05/come_mr_democrat_tally_me_banana.html,Americanthinker.com,2026-05-13T04:00:00Z,此文章來自Americanthinker.com，內容關於政治評論，與半導體產業無關。建議篩選產業相關新聞後再行轉換。,True,2026-05-15T01:31:01.647723
不相關文章 - 非半導體產業新聞,https://economictimes.indiatimes.com/news/new-updates/prateek-yadav-dies-at-38-his-first-instagram-post-reads-may-life-treat-you-heres-what-bjp-leader-aparna-yadavs-husband-posted/articleshow/131053461.cms,The Times of India,2026-05-13T03:05:32Z,此文章來自The Times of India，內容涉及人物訃聞，與半導體產業無關。建議篩選產業相關新聞後再行轉換。,True,2026-05-15T01:31:01.647724
顆粒水凝膠彈性性質測量：毛細管相互作用與離子條件的影響,https://pubs.rsc.org/en/content/articlelanding/2026/sm/d6sm00161k,Royal Society of Chemistry,2026-05-13T23:00:00Z,來源：Royal Society of Chemistry，發佈於2026年5月13日。該研究發表於Soft Matter期刊，探討顆粒水凝膠在濕潤條件下的彈性性質表徵。研究重點關注毛細管相互作用對材料性能的影響，以及不同離子條件下的表現差異，對軟質材料科學具有重要參考價值。,False,2026-05-15T01:31:01.948721
Ugreen Nexode Air 45W GaN充電器登陸歐洲市場,https://www.notebookcheck.net/New-Ugreen-mini-GaN-fast-charger-on-the-way-to-Europe.1296094.0.html,Notebookcheck.net,2026-05-13T19:22:00Z,來源：Notebookcheck.net，發佈於2026年5月13日。Ugreen推出的Nexode Air 45W GaN充電器已在歐洲上市，採用GaN（氮化鎵）技術實現小型化設計。該產品支援多種快充協議，並搭載ThermalGuard熱管理和Smart Care Charging智能保護功能，滿足消費者對高效率、安全充電的需求。,True,2026-05-15T01:31:01.948729
籃球：Beşiktaş GAİN客場85:72擊敗Fenerbahçe Beko,https://www.hurriyet.com.tr/sporarena/fenerbahce-beko-72-85-besiktas-gain-mac-sonucu-ozet-basketbol-super-ligi-29-hafta-erteleme-maci-43172926,Hurriyet.com.tr,2026-05-13T19:08:08Z,來源：Hurriyet.com.tr，發佈於2026年5月13日。土耳其籃球超級聯賽第29輪延期賽中，Beşiktaş GAİN在客場以85:72的比分擊敗Fenerbahçe Beko隊。,True,2026-05-15T01:31:01.948731
Ribo與Insilico Medicine宣佈AI驅動siRNA藥物開發戰略合作,https://www.prnewswire.com/news-releases/ribo-anuncia-una-colaboracion-estrategica-con-insilico-medicine-302771440.html,PRNewswire,2026-05-13T19:05:00Z,來源：PRNewswire，發佈於2026年5月13日。蘇州瑞博生命科學公司（Ribo）與Insilico Medicine達成戰略合作，聯合加速AI驅動的siRNA（小干擾RNA）藥物開發。此次合作整合雙方在生物技術與人工智慧領域的優勢，旨在提高新藥研發效率與成功率。,True,2026-05-15T01:31:01.948732
Anker Nano USB-C 45W GaN充電器：智能識別iPhone，售價$29.99,https://slickdeals.net/f/19519572-anker-smart-display-charger-anker-nano-usb-c-charger-block-45w-max-gan-phone-charger-180-foldable-plug-smart-recognition-29-99,Slickdeals.net,2026-05-13T18:28:31Z,來源：Slickdeals.net，發佈於2026年5月13日。Anker推出採用GaN技術的45W USB-C充電器，具備智能iPhone型號識別功能。該產品搭載Care Mode保護模式，可自動識別iPhone 17/16/15等系列機型並調整充電策略，提供更安全的電力傳輸。,True,2026-05-15T01:31:01.948734
籃球：Beşiktaş GAİN延期德比戰85:72勝Fenerbahçe，衝擊聯賽領先,https://www.yenicaggazetesi.com/besiktas-ertelenen-derbide-fenerbahceyi-yendi-liderlik-son-maca-kaldi-1029650h.htm,Yenicaggazetesi.com,2026-05-13T18:17:10Z,來源：Yenicaggazetesi.com，發佈於2026年5月13日。土耳其籃球超級聯賽中，Beşiktaş GAİN客場85:72擊敗Fenerbahçe Beko，完成常規賽25場勝利。聯賽領先者將於Fenerbahçe與Bahçeşehir Koleji的最後延期賽後確定。,True,2026-05-15T01:31:01.948735
籃球德比：Beşiktaş GAİN擊敗Fenerbahçe，5年首次成就,https://www.yenicaggazetesi.com/besiktas-ertelenen-derbide-fenerbahceyi-yendi-5-yil-sonra-bir-ilk-1029650h.htm,Yenicaggazetesi.com,2026-05-13T18:17:00Z,來源：Yenicaggazetesi.com，發佈於2026年5月13日。Beşiktaş GAİN在土耳其籃球超級聯賽延期賽中客場85:72勝Fenerbahçe Beko，創造5年來首次勝績。黑白軍團完成常規賽25勝，聯賽最終排名將由Fenerbahçe的延期賽結果決定。,True,2026-05-15T01:31:01.948737
籃球：Beşiktaş GAİN客場85:72勝Fenerbahçe Beko,https://www.sabah.com.tr/spor/basketbol/2026/05/13/basketbol-derbisinde-kazanan-besiktas-gain,Sabah.com.tr,2026-05-13T18:09:51Z,來源：Sabah.com.tr，發佈於2026年5月13日。土耳其籃球超級聯賽第29輪延期賽中，Beşiktaş GAİN在客場以85:72的比分擊敗Fenerbahçe Beko隊。,True,2026-05-15T01:31:01.948738
從他人購物車發現寶物：AliExpress淘寶10件商品開箱分享,https://appleinsider.ru/eto-interesno/podsmotrel-10-tovarov-v-chuzhoj-korzine-na-aliexpress-teper-oni-zhivut-u-menya-doma.html,Appleinsider.ru,2026-05-13T17:00:59Z,來源：Appleinsider.ru，發佈於2026年5月13日。用戶分享從AliExpress他人購物車發現並購買的10件商品心得。該內容為消費者分享購物經驗與產品推薦。,True,2026-05-15T01:31:01.948740
Anker Prime 8合1 240W智能充電站評測：攝影師的桌面充電樞紐,https://fstoppers.com/originals/anker-prime-charging-station-8-1-240w-review-slim-smart-desktop-hub-900833,Fstoppers,2026-05-13T16:03:01Z,來源：Fstoppers，發佈於2026年5月13日。Anker推出Prime系列8合1 240W智能充電站，具備應用程式控制功能。該產品設計輕薄，特別適合攝影師等專業用戶，透過智能管理多台設備的充電需求，提升桌面工作效率。,True,2026-05-15T01:31:01.948741
Anker 200W GaN 6埠充電器降至€60：多設備USB-C快速充電方案,https://abertoatedemadrugada.com/2026/05/carregador-anker-200-w-gan-6-portas-60.html,Abertoatedemadrugada.com,2026-05-13T15:30:00Z,據Abertoatedemadrugada.com於2026年5月13日報導，Anker推出200W GaN多埠充電器，支援6個USB-C接口，售價€60。該產品採用GaN（氮化鎵）技術，可同時為筆記型電腦及多個便攜設備提供快速充電，展現氮化鎵充電技術在高功率應用中的發展趨勢。,True,2026-05-15T01:31:01.948744
Anker Prime 3合1無線充電座降至$104.99：創歷史低價,https://www.macrumors.com/2026/05/13/ankers-new-prime-charging-deals/,MacRumors,2026-05-13T14:17:49Z,根據MacRumors於2026年5月13日報導，Anker最新推出的Prime 3-in-1 Wireless Charging Station在Amazon降價至$104.99（原價$149.99），創下歷史低價。該產品整合多設備無線充電功能，反映消費級充電配件市場競爭激烈及技術成熟度提升。,True,2026-05-15T01:31:01.948746
65W GaN假冒USB-C快充評測警示：淘寶集市假貨氾濫,https://vtm.zive.cz/clanky/analyza-a-pitva-falesne-65w-gan-usb-c-rychlonabijecky-z-aliexpressu-smejdum-z-trzist-se-vyhnete-sirokym-obloukem/sc-870-a-241115/default.aspx,Zive.cz,2026-05-13T14:08:00Z,據Zive.cz於2026年5月13日發布的技術評測，針對AliExpress上流通的假冒65W GaN USB-C快速充電器進行深度拆解分析。報導提醒消費者謹慎辨別GaN快充產品真偽，揭露電商平台充斥的低品質仿冒品安全隱患。,True,2026-05-15T01:31:01.948747
Action超市週度促銷啟動：消費電子與配件折扣優惠至5月19日,https://android.com.pl/tech/1045911-action-promocja-tygodnia-maj-2026/,Android.com.pl,2026-05-13T14:04:00Z,據Android.com.pl於2026年5月13日報導，荷蘭折扣零售連鎖Action推出新一輪週度促銷活動（至5月19日），涵蓋消費電子、照明與園藝配件等品類。報導重點關注TP-Link/Tapo智慧攝像頭等物聯網產品的市場表現。,True,2026-05-15T01:31:01.948748
聲學傳輸靛青綠生物合成氣囊腫瘤光熱療法臨床研究,https://journals.plos.org/plosbiology/article?id=10.1371/journal.pbio.3003786,Plos.org,2026-05-13T14:00:00Z,Plos.org於2026年5月13日發表研究，探討利用生物合成氣囊（biosynthetic gas vesicles）聲學傳輸FDA批准的光熱劑進行腫瘤光熱療法。該研究針對光熱療法臨床應用中光熱劑體內半衰期短的瓶頸，代表生物醫學工程與半導體應用交叉領域的創新進展。,True,2026-05-15T01:31:01.948750
越南新稅收政策：年營收低於10億盾企業享稅收優惠,https://kevesko.vn/20260513/viet-nam-cong-bo-chinh-sach-thue-moi-doanh-thu-duoi-1-ty-duoc-mien-thue-42548526.html,Kevesko.vn,2026-05-13T13:34:21Z,據Kevesko.vn於2026年5月13日報導，越南總統府於5月13日舉辦新聞發布會，公布國會第XVI屆第一次會議通過的9項法律，其中包含新稅收政策調整。新政策對年營收低於10億盾的企業實施稅收減免優惠，旨在扶持中小企業發展。,True,2026-05-15T01:31:01.948752
"UGREEN Air 45W USB-C GaN快充限時優惠+5%折扣：2,296日圓",https://web-price.info/blog/5offugreen-air-45w-usb-c-type-c-gan2296.php,Web-price.info,2026-05-13T13:00:06Z,"據Web-price.info於2026年5月13日報導，UGREEN推出45W USB-C GaN快速充電器，採用摺疊插頭設計，限時優惠加5%折扣售價2,296日圓。該產品結合GaN技術與便攜設計，滿足日本市場對高功率迷你充電器的需求。",True,2026-05-15T01:31:01.948753
Amazon限時促銷Anker USB-C快充：Samsung等設備適配方案,https://www.giga.de/tech/schluss-mit-langsamen-laden-amazon-haut-schnellladegeraet-fuer-samsung-co-zum-tiefpreis-raus--01JAJCAJV19ZWTNTSR383TXBV1,Giga,2026-05-13T12:42:57Z,據Giga於2026年5月13日報導，Amazon推出Anker compact USB-C快速充電器大幅折扣促銷。該產品相容Samsung等主流安卓設備，採用GaN技術實現小體積高功率輸出，代表消費級快充配件市場持續創新與價格下探的趨勢。,True,2026-05-15T01:31:01.948754
"UGREEN Air 65W USB-C超小型GaN快充優惠：2,996日圓含100W線材",https://web-price.info/blog/5offugreen-air-65w-usb-c-gan100w-usb-c2996.php,Web-price.info,2026-05-13T12:38:58Z,"據Web-price.info於2026年5月13日報導，UGREEN Air 65W USB-C超小型GaN快速充電器限時促銷+5%折扣至2,996日圓，並附贈100W USB-C傳輸線。產品融合65W高功率與超小型摺疊設計，滿足日本市場對便攜快充的需求。",True,2026-05-15T01:31:01.948756
德國時尚影響力人物Leonie Hanne倫敦婚禮盛典,https://www.hola.com/novias/20260513901282/leonie-hanne-boda-civil-londres-vestido-novia-invitadas/,Hola,2026-05-13T12:35:05Z,據Hola於2026年5月13日報導，德國知名時尚影響力人物Leonie Hanne在倫敦五星級飯店舉辦民事婚禮，穿著兩件禮服，邀請Lady Diana的姪女及演員Ed Westwick等名流出席。本報導與科技產業無直接關聯。,True,2026-05-15T01:31:01.948757
聲學設計在住宅建築中的角色：音響如何塑造空間氛圍,https://www.archdaily.com/1041306/designing-with-sound-how-audio-shapes-residential-architecture,ArchDaily,2026-05-13T06:45:00Z,來源：ArchDaily，2026年5月13日。本文探討聲學設計在住宅空間中的重要性，除材料選擇與自然採光外，聲音的傳播特性（如腳步聲共鳴、紡織品吸音等）對空間感知具有決定性影響。該研究強調音響環境作為建築設計要素的核心地位，對現代居住空間規劃具有重要參考價值。,True,2026-05-15T01:31:01.948761
捷克熱銷雙埠充電器：AlzaPower Compact A530促銷至209克朗,https://www.svetandroida.cz/alzapower-compact-a530-sleva-kveten-2026/,Svetandroida.cz,2026-05-13T06:00:00Z,來源：Svetandroida.cz，2026年5月13日。AlzaPower Compact A530雙埠充電器透過折扣碼ALZADNY30，降價至209克朗（原價299克朗），已累計銷售超過10萬台，用戶評分達4.7/5。該產品以高性價比與可靠性成為捷克市場消費者首選，體現快速充電應用的市場需求。,True,2026-05-15T01:31:01.948762
Schmidhuber問題集：58項合成學習問題實現開源發布,https://github.com/cybertronai/schmidhuber-problems/blob/main/VISUAL_TOUR.md,Github.com,2026-05-13T05:47:01Z,來源：GitHub，2026年5月13日。該項目包含Jürgen Schmidhuber 1989-2025年論文中58項合成學習問題的純NumPy實現，可直接在筆記型電腦運行。提供論文對標指標與算法譜系對照，為機器學習研究社群提供標準化測試基準與可復現性驗證工具。,True,2026-05-15T01:31:01.948764
Daithí Ó Sé：帕迪杯即將歸家,https://www.independent.ie/frontpage/daithi-o-se-ta-corn-phaidi-ui-she-ag-dul-abhaile-bhaile/a479519210.html,Independent.ie,2026-05-13T05:00:00Z,來源：Independent.ie，2026年5月13日。本篇為愛爾蘭蓋爾語評論文章。文章回顧Daithí Ó Sé首次參加1991年芒斯特杯決賽的往事，當時對陣Limerick僅以2分之差險勝，著重強調該獎盃對其家鄉的重要意義。,True,2026-05-15T01:31:01.948765
Máirín Ní Ghadhra：執政黨面臨民眾憤怒引發額外挑戰,https://www.independent.ie/frontpage/mairin-ni-ghadhra-dushlain-bhreise-le-saru-ag-pairtithe-an-rialtais-de-bharr-fhearg-an-phobail/a1272646076.html,Independent.ie,2026-05-13T05:00:00Z,來源：Independent.ie，2026年5月13日。本篇為愛爾蘭蓋爾語評論文章。文章論述Galway西部從Tóraigheán至Corr na Móna地區作為全國最大選區之一，執政黨因民眾不滿面臨政治困境，強調區域政治格局的複雜性。,True,2026-05-15T01:31:01.948767
超解析度前處理對LPR OCR效能測試結果：無效,https://www.wink.co/documentation/Neural-Super-Resolution-Pre-Filter-LPR-2026,Wink.co,2026-05-13T04:12:35Z,來源：Wink.co，2026年5月13日。本研究評估AI超解析度技術在車牌辨識(ALPR OCR)的實際效能，測試42K參數與121萬參數預訓練模型作為前處理層，基於數千張生產級標記影像進行評估。結果表明超解析度預處理對OCR辨識率無明顯提升，提醒業界謹慎評估AI上採樣技術的實際應用價值。,True,2026-05-15T01:31:01.948768
Elecom發布電力顯示AC充電器：即時功率監測新體驗,https://www.appbank.net/2026/05/13/goods-books/2997461.php,Appbank.net,2026-05-13T04:00:00Z,來源：Appbank.net，2026年5月13日。Elecom於5月12日推出搭載電力顯示屏的AC充電器兩款新品，可即時顯示連接設備的充電功率數值。該功能使用戶能視覺確認充電狀態，強化充電安全監控，代表消費級充電設備朝智能化方向的發展趨勢。,True,2026-05-15T01:31:01.948769
名城大學解明GaN系VCSEL共振器調諧機制，獲Applied Physics Letters認可,https://japan.cnet.com/release/31167665/,CNET,2026-05-13T02:20:59Z,來源：CNET，2026年5月13日。名城大學研究團隊揭示GaN系垂直共振器型面發光雷射(VCSEL)的共振器調諧特性機制。GaN VCSEL因具高效率與小型化優勢，在可見光領域應用前景廣闊，涵蓋次世代顯示、感測與光通信等領域，該研究成果獲頂級期刊Applied Physics Letters選定為重點論文。,True,2026-05-15T01:31:01.948771
dobot1-control函式庫已上架PyPI：Python機器臂控制方案,https://pypi.org/project/dobot1-control/,Pypi.org,2026-05-13T22:43:11Z,來源：PyPI.org，2026年5月13日。dobot1-control開源套件提供Python環境下Dobot v1機械臂(2016款)的運動規劃控制，基於open-dobot專案開發。該工具簡化機器人編程難度，促進開源硬體與軟體生態的整合發展。,True,2026-05-15T01:31:02.310811
Lattice收購AMI BIOS提供商，強化FPGA生態布局,https://prohardver.hu/hir/lattice_ami_bios_phoenix_utan_elkelt.html,Prohardver.hu,2026-05-13T08:13:00Z,來源：Prohardver.hu，2026年5月13日。FPGA廠商Lattice宣布收購AMI BIOS供應商，預計交易於夏季完成。此舉強化Lattice在韌體與FPGA整合解決方案領域的競爭力，代表FPGA產業生態垂直整合深化趨勢。,False,2026-05-15T01:31:02.310822
自主CPU設計：從處理器到計算器的完整開發路徑,https://hackaday.com/2026/05/13/build-the-cpu-then-build-the-calculator/,Hackaday,2026-05-13T08:00:46Z,來源：Hackaday，日期：2026年5月13日。文章指出Hackaday讀者社群可能是全球最大的自主CPU設計者社區，該平台已報導多個相關設計案例。此趨勢反映了開源硬體設計和FPGA/ASIC開發工具民主化對半導體產業教育的深遠影響。,True,2026-05-15T01:31:02.310823
eml-stdlib遊戲開發標準庫登陸PyPI：完整的著色器與物理模擬框架,https://pypi.org/project/eml-stdlib/,Pypi.org,2026-05-13T03:43:36Z,來源：PyPI，日期：2026年5月13日。EML標準庫原型提供PBR著色器、程序化紋理、剛體物理、粒子系統及音訊衰減等遊戲開發核心功能，整合了數學、信號處理與機器學習核心運算。該套件代表遊戲引擎與計算工具集成化發展的新方向。,True,2026-05-15T01:31:02.310825
monogate-forge 0.12.1：跨36平台的數學驗證編譯器與FPGA/ASIC設計工具,https://pypi.org/project/monogate-forge/0.12.1/,Pypi.org,2026-05-13T03:33:05Z,來源：PyPI，日期：2gegeben年5月13日。monogate-forge提供EML語言與編譯器，支援軟體、GPU著色器、硬體（FPGA/ASIC、SPICE、KiCad、JLCPCB）、形式驗證及安全關鍵系統等36個編譯目標。該工具整合了硬體描述與形式驗證能力，適用於可驗證數學計算的複雜應用場景。,True,2026-05-15T01:31:02.310826
廚櫃五金配件選搭指南：28款把手設計提升傢俱質感,https://www.trendir.com/cabinet-knob-ideas/,Trendir.com,2026-05-13T23:45:00Z,來源：Trendir.com，日期：2026年5月13日。本文屬家居設計內容，非半導體產業相關報導。,True,2026-05-15T01:31:02.701554
Recursive Superintelligence融資6.5億美元開發自我改進AI模型,https://siliconangle.com/2026/05/13/recursive-superintelligence-raises-650m-build-self-improving-ai-models/,SiliconANGLE News,2026-05-13T23:34:23Z,來源：SiliconANGLE News，日期：2026年5月13日。新興AI公司Recursive Superintelligence獲得6.5億美元融資，投資者包括Alphabet旗下GV基金、Greycroft、Nvidia及AMD。此融資象徵AI自我改進與遞迴優化技術的資本關注度升溫，對AI晶片需求將產生直接拉動效應。,True,2026-05-15T01:31:02.701563
Hisense UR9 RGB MiniLED電視墨西哥上市：RGB小間距背光技術應用,https://www.xataka.com.mx/home/hisense-rgb-miniled-lanzamiento-mexico-caracteristicas-especificaciones-ficha-tecnica,Xataka.com.mx,2026-05-13T23:01:48Z,來源：Xataka.com.mx，日期：2026年5月13日。Hisense RGB MiniLED電視系列在墨西哥正式上市，該系列於CES 2026發表，採用RGB小間距背光技術與緊湊尺寸設計。此舉反映MiniLED背光與RGB色彩分段技術在消費級顯示面板的商用化加速。,True,2026-05-15T01:31:02.701565
友達、群創轉型升級：台系面板廠布局Micro LED、光通訊與先進封裝,https://tw.news.yahoo.com/%E9%9D%A2%E6%9D%BF%E9%9B%99%E8%99%8E%E4%B8%8D%E5%8F%AA%E5%81%9A%E8%9E%A2%E5%B9%95-%E5%8F%8B%E9%81%94-%E7%BE%A4%E5%89%B5%E8%BD%89%E9%AA%A8-%E6%96%B0%E5%B8%83%E5%B1%80%E6%9B%9D%E5%85%89-051249803.html,Yahoo Entertainment,2026-05-13T21:12:49Z,來源：Yahoo Entertainment（Newtalk新聞），日期：2026年5月13日。根據TrendForce研究，台系面板廠積極轉向半導體、光通訊、先進封裝與車用系統整合領域，非顯示業務占比預期未來2-3年達50%-70%。友達重點布局Micro LED與光通訊技術，未來競爭力將取決於輕資產策略實施與非傳統顯示業務增長能力。,False,2026-05-15T01:31:02.701567
廚用電熱水壺：高效設計與安全功能指南,https://www.libertaddigital.com/compras/mejores-hervidores-de-agua-electricos-para-el-hogar-1b-1276662615/,Libertaddigital.com,2026-05-13T20:55:51Z,來源：Libertaddigital.com，日期：2026年5月13日。本文屬廚房家電內容，非半導體產業相關報導。,True,2026-05-15T01:31:02.701587
初創企業成長駭客策略：SEO、病毒迴圈與AI自動化驅動快速擴展,https://marketing.inc/blog/best-growth-hacking-tactics-for-early-stage-startups,Marketing.inc,2026-05-13T20:54:56Z,來源：Marketing.inc，日期：2026年5月13日。文章介紹初創企業增長駭客戰術包括SEO優化、病毒式增長迴圈、產品主導增長(PLG)與AI自動化工具。此類策略與半導體產業關聯度有限，屬通用創業營銷內容。,False,2026-05-15T01:31:02.701589
威爾斯王妃意大利之行著裝：英國設計師Edeline Lee高級時裝展示,http://whatkatewore.com/2026/05/13/the-princess-in-british-brands-for-italy-trip-day-one/,Whatkatewore.com,2026-05-13T20:33:12Z,來源：Whatkatewore.com，日期：2026年5月13日。本文屬時尚與皇室新聞內容，非半導體產業相關報導。,True,2026-05-15T01:31:02.701590
無相關內容,https://www.nextbigfuture.com/2026/05/why-do-commenters-want-to-silence-sonny-white.html,Next Big Future,2026-05-13T19:54:12Z,本文非半導體產業相關新聞，涉及NASA推進技術研究，不符合篩選條件。,True,2026-05-15T01:31:02.701591
無相關內容,https://www.forbes.com/sites/robertanaas/2026/05/13/kiss-drummer-eric-singer-tells-how-he-created-a-melody-for-blancpain/,Forbes,2026-05-13T17:35:18Z,本文為音樂人專訪內容，與半導體產業無關，不符合篩選條件。,True,2026-05-15T01:31:02.701593
Samsung 2026年電視新品登陸西班牙：Vision AI賦能智能體驗升級,https://www.adslzone.net/noticias/marcas/samsung-nuevos-televisores-2026/,Adslzone.net,2026-05-13T17:15:57Z,據Adslzone.net報導（2026年5月13日），Samsung在西班牙推出2026年電視陣容，主要聚焦Vision AI技術升級。新一代產品線涵蓋Micro RGB、OLED、Neo QLED、Mini LED等多種面板技術，並首次引入Vision AI Companion作為核心體驗。該舉措反映電視製造商持續強化AI應用以提升用戶交互體驗的產業趨勢。,True,2026-05-15T01:31:02.701594
無相關內容,https://economictimes.indiatimes.com/news/economy/foreign-trade/usd-1-trillion-exports-target-for-this-year-piyush-goyal/articleshow/131069790.cms,The Times of India,2026-05-13T15:21:27Z,本文涉及印度出口貿易政策目標，與半導體製造業無直接關聯，不符合篩選條件。,True,2026-05-15T01:31:02.701599
Samsung 2026電視系列登陸西班牙：Vision AI Companion引領沉浸式顯示體驗,https://www.larazon.es/tecnologia-consumo/samsung/samsung-trae-espana-sus-televisores-2026-ia-menos-reflejos-arte-casa_202605136a0492a1dd62c3164d288b10.html,Larazon.es,2026-05-13T15:19:40Z,據Larazon.es報導（2026年5月13日），Samsung新款電視整合Micro RGB、OLED、Neo QLED及Mini LED多項面板技術，以Vision AI Companion為核心創新。該平台旨在實現更個性化的用戶體驗，同時降低屏幕反射問題。該產品組合展示半導體顯示技術與AI集成的發展方向。,True,2026-05-15T01:31:02.701600
無相關內容,https://www.thehindubusinessline.com/companies/citymall-eyes-bengal-jaipur-expansion-as-grocery-drives-80-of-business/article70974934.ece,BusinessLine,2026-05-13T15:00:28Z,本文討論零售商業擴張策略，非半導體製造或相關技術領域，不符合篩選條件。,True,2026-05-15T01:31:02.701602
無相關內容,https://www.prnewswire.com/news-releases/giveaway-of-new-neon-scooters-as-micro-kickboard-celebrates-national-scooter-day-302770465.html,PRNewswire,2026-05-13T14:17:00Z,本文為滑板車推廣活動新聞稿，與半導體產業無關，不符合篩選條件。,True,2026-05-15T01:31:02.701603
Samsung Galaxy Glasses即將發佈：連接眼鏡技術進展更新,https://www.frandroid.com/marques/samsung/3098227_samsung-galaxy-glasses-voici-quand-seraient-devoilees-les-lunettes-connectees,Frandroid,2026-05-13T14:06:40Z,據Frandroid報導（2026年5月13日），Samsung連接眼鏡（Galaxy Glasses）的公開發佈時間表有望確定。該產品涉及微型顯示、感測器整合等先進半導體技術應用。眼鏡類可穿戴設備代表AR/VR終端市場新方向，對微顯示晶片與影像處理器需求持續增長。,True,2026-05-15T01:31:02.701605
無相關內容,https://www.turbo.fr/jeep/avenger/photos/photos-nouveau-jeep-avenger-restyle-le-suv-star-change-de-look-et-gagne-une-serie-speciale,Turbo.fr,2026-05-13T14:00:35Z,本文為汽車產品改款介紹，與半導體製造業無相關性，不符合篩選條件。,True,2026-05-15T01:31:02.701606
無相關內容,https://journals.plos.org/plosbiology/article?id=10.1371/journal.pbio.3003768,Plos.org,2026-05-13T14:00:00Z,本文為神經影像科學研究論文，研究領域為認知神經科學，與半導體產業無直接關聯，不符合篩選條件。,True,2026-05-15T01:31:02.701607
中國媒體對HIV/AIDS的建構研究（2010-2024）：混合方法分析,https://journals.plos.org/plosone/article?id=10.1371/journal.pone.0349242,Plos.org,2026-05-13T14:00:00Z,來源：Plos.org，發佈於2026年5月13日。本研究透過大規模新聞語料庫分析，探討傳統媒體在塑造公眾認知中的角色。在HIV/AIDS仍為中國主要傳染病死因之一的背景下，該研究揭示媒體報導與預防挑戰間的關係，為公共衛生傳播提供實證基礎。,True,2026-05-15T01:31:02.701611
三陰性乳腺癌診斷社會不平等性研究：法國巴黎大學醫院個案分析,https://journals.plos.org/plosone/article?id=10.1371/journal.pone.0349041,Plos.org,2026-05-13T14:00:00Z,來源：Plos.org，發佈於2026年5月13日。三陰性乳腺癌（TNBC）是預後不佳的侵襲性亞型，在非洲裔美國女性和撒哈拉以南非洲血統女性中發生率更高。該研究在法國法律限制下，透過醫療數據分析揭示疾病診斷的社會差異與種族因素影響。,True,2026-05-15T01:31:02.701613
Sentinel-2衛星數據與GIS技術監測土壤鹽鹼化：沙特阿拉伯案例研究,https://journals.plos.org/plosone/article?id=10.1371/journal.pone.0348799,Plos.org,2026-05-13T14:00:00Z,來源：Plos.org，發佈於2026年5月13日。本研究利用Sentinel-2遙感數據與地理資訊系統（GIS）技術，監測沙特阿拉伯Sabkhat Ghuwaymid地區的土壤鹽鹼化與植被衰退。土壤鹽鹼化驅動的土地退化對農業與全球防治荒漠化工作構成重大挑戰，該方法論有助於提升監測效能。,True,2026-05-15T01:31:02.701614
二甲基甲醯胺誘導HL-60細胞中性粒細胞分化的蛋白質體學分析,https://journals.plos.org/plosone/article?id=10.1371/journal.pone.0348783,Plos.org,2026-05-13T14:00:00Z,來源：Plos.org，發佈於2026年5月13日。本研究首次進行了二甲基甲醯胺（DMF）誘導HL-60細胞分化的全面蛋白質體學分析，與二甲基亞碸（DMSO）進行功能對比。該研究為中性粒細胞功能研究提供了詳細的分子機制證據。,True,2026-05-15T01:31:02.701616
無需恢復期的專業臉部護理療程,https://www.cosmopolitan.com/style-beauty/beauty/a71282151/glo2-facial-review/,Cosmopolitan.com,2026-05-13T13:53:04Z,來源：Cosmopolitan.com，發佈於2026年5月13日。Glo2Facial為客製化護膚療程，可根據肌膚需求進行調整。該療程以30分鐘內實現肌膚提亮與緊緻效果著稱，無需恢復期。,True,2026-05-15T01:31:02.701617
演員Colman Domingo和Marco Calvani主演Netflix《四季》詮釋大愛故事,https://www.out.com/out-exclusives/out-cover-stars-colman-domingo-marco-calvani,Out.com,2026-05-13T13:30:02Z,來源：Out.com，發佈於2026年5月13日。Colman Domingo與Marco Calvani在Netflix新劇《四季》中飾演角色Danny與Claude，透過義大利麵食的緣分演繹深情故事。,False,2026-05-15T01:31:02.701618
喀拉拉邦第二次革命：從移民福利到全球競爭力轉型,https://www.fairobserver.com/economics/keralas-second-revolution-from-migration-led-welfare-to-global-competitiveness/,Fair Observer,2026-05-13T13:12:11Z,來源：Fair Observer，發佈於2026年5月13日。本文深入分析喀拉拉邦過去兩年發展特色，強調該地區展現的是尊嚴而非傳統意義上的繁榮。與其他都市地區相異，喀拉拉邦不以炫耀性消費彰顯財富，而著重人民生活品質與社會福祉。,True,2026-05-15T01:31:02.701621
Canon正式發佈EOS R6 V專業相機,https://www.canonrumors.com/canon-officially-announces-the-eos-r6-v/,Canonrumors.com,2026-05-13T12:56:44Z,來源：Canonrumors.com，發佈於2026年5月13日。Canon推出全新EOS R6 V相機，定位於新的市場分類。該機型基於EOS R6 Mark III開發，為無需投資Cinema EOS C50的視頻工作者提供專業解決方案。,True,2026-05-15T01:31:02.701622
《星際大戰》動畫電影系列有望重啟IP：聚焦Han、Luke與Leia經典角色,https://insidethemagic.net/2026/05/star-wars-animated-film-series-with-han-luke-and-leia-could-launch-new-era-and-replace-the-sequel-trilogy-dr1mmb/,Inside the Magic,2026-05-13T12:45:12Z,來源：Inside the Magic，發佈於2026年5月13日。過去二十年來，《星際大戰》多位角色已獲動畫化呈現。包括《克隆人戰爭》（2003年迷你劇集、劇院版及2008年長篇系列）等作品為前傳三部曲角色賦予新生命。,True,2026-05-15T01:31:02.701624
三星Galaxy Glasses智慧眼鏡將於7月發佈，配合摺疊旗艦機亮相,https://gagadget.com/ru/710064-smi-samsung-predstavit-smart-ochki-galaxy-glasses-uzhe-v-iyule-odnovremenno-so-skladnyimi-flagmanami/,Gagadget.com,2026-05-13T12:25:25Z,來源：Gagadget.com，發佈於2026年5月13日。據媒體報導，三星將於7月22日在倫敦舉辦Galaxy Unpacked發佈會，屆時將同步推出Galaxy Glasses智慧眼鏡與新一代摺疊旗艦機型。,True,2026-05-15T01:31:02.701625
孟買東走廊商業地產興起：企業突破BKC傳統商圈擴展,https://economictimes.indiatimes.com/industry/services/property-/-cstruction/mumbais-eastern-corridor-gains-traction-as-firms-expand-beyond-bkc/articleshow/131065068.cms,The Times of India,2026-05-13T12:08:46Z,據《印度時報》2026年5月13日報導，孟買商業地產格局正從BKC、那裡曼點等傳統樞紐轉向Chembur等新興微市場，主要驅動因素為成本上升。Grade-A級開發項目Epicentre在Chembur提供具競爭力的成本效益方案，反映印度科技與商業地產市場的結構性轉變。,True,2026-05-15T01:31:02.701627
Panasonic W95AEG Mini LED電視：攻佔平價高端市場,https://tech.everyeye.it/notizie/panasonic-w95aeg-mini-led-punta-dominare-fascia-premium-accessibile-875846.html,Everyeye.it,2026-05-13T12:06:00Z,據Everyeye.it 2026年5月13日報導，Panasonic TV-65W95AEG在2000歐元以下價位脫穎而出，配備Mini LED背光、先進HDR技術與144 Hz高刷新率。該產品兼顧電影與遊戲應用需求，定位為平價高端市場的解決方案，展現Mini LED技術於消費級市場的成熟應用。,True,2026-05-15T01:31:02.701628
Samsung 2026新電視陣容升級：Micro RGB無反射技術領先,https://www.huffingtonpost.es/tecnologia/samsung-da-paso-adelante-nueva-gama-televisores-2026-adios-reflejos-hola-tecnologia-micro-rgb-f202605.html,Huffingtonpost.es,2026-05-13T12:03:05Z,據西班牙《赫芬頓郵報》2026年5月13日報導，三星於馬德里舉辦發佈會推出2026年新型電視陣容。新產品線以高端機型為主，搭載Micro RGB顯示技術，著重解決反射問題並提升顯示性能，標誌著三星在顯示技術創新上的戰略升級。,True,2026-05-15T01:31:02.701629
Samsung電視領導地位20周年：從OLED到無反射屏與Vision AI Companion,https://www.europapress.es/portaltic/gadgets/noticia-samsung-celebra-20-anos-liderazgo-mundial-televisores-oled-pantallas-reflejos-vision-ai-companion-20260513135429.html,Europapress.es,2026-05-13T11:54:29Z,據歐洲新聞社2026年5月13日報導，Samsung慶祝其20年全球電視品牌第一地位。該公司回顧從OLED到無反射屏幕的技術演進，並強調Vision AI Companion等AI功能整合戰略，展現其在顯示技術與人工智慧融合上的前瞻部署。,True,2026-05-15T01:31:02.701631
分析師看好AMD股票：AI基礎設施領域的新勢力,https://www.barchart.com/story/news/1900570/this-veteran-analyst-says-amd-stock-could-be-the-next-big-ai-infrastructure-winner,Barchart.com,2026-05-13T11:30:02Z,據Barchart.com 2026年5月13日報導，AMD正從AI挑戰者轉變為主流基礎設施供應商。隨著伺服器CPU需求加速增長，AMD在AI基礎設施市場的地位日益重要，展現其在數據中心與AI加速計算領域的競爭優勢。,False,2026-05-15T01:31:02.701632
Khosla Ventures等投資1200萬美元：AI短視頻應用TrueShort融資成功,https://www.businessinsider.com/khosla-ventures-jeffrey-katzenberg-backing-trueshort-ai-vertical-film-app-2026-5,Business Insider,2026-05-13T10:45:01Z,據Business Insider 2026年5月13日報導，專注AI豎屏影片製作的TrueShort完成1200萬美元融資，投資方囊括好萊塢與科技界知名人士。該融資反映AI生成內容在行動影視應用領域的商業機會與資本關注度提升。,True,2026-05-15T01:31:02.701634
Samsung波蘭市場預售優惠：最高返利5000茲羅提加速2026電視銷售,https://android.com.pl/tech/1045675-telewizory-samsung-2026-taniej-kod/,Android.com.pl,2026-05-13T10:43:00Z,據Android.com.pl 2026年5月13日報導，Samsung在波蘭啟動2026年新電視預售活動，提供最高5000茲羅提現金返利、免費配送與安裝等綜合優惠方案。通過多層次激勵機制，Samsung強化新品上市銷售動力，凸顯歐洲市場的重要性。,True,2026-05-15T01:31:02.701637
流量計市場2035年估值達187.2億美元：工業4.0與水利基礎設施驅動增長,https://www.globenewswire.com/news-release/2026/05/13/3293813/0/en/Flow-Meter-Market-Valuation-Slated-to-Reach-USD-18-72-Billion-by-2035-SNS-Insider.html,GlobeNewswire,2026-05-13T10:41:00Z,據SNS Insider 2026年5月13日報導，全球流量計市場至2035年將達187.2億美元。增長動力來自精準流體測量需求增加、水利基礎設施投資擴大與工業4.0技術快速應用，反映測量與控制技術在智慧基礎設施中的核心地位。,True,2026-05-15T01:31:02.701639
Reolink Trackmix Akku PTZ監控攝影機評測：雙鏡頭自動追蹤與6倍光學變焦,https://www.heise.de/bestenlisten/testbericht/reolink-trackmix-akku-im-test-ptz-ueberwachungskamera-mit-zwei-objektiven/pjw8t3x#article,heise online,2026-05-13T10:31:00Z,據heise online 2026年5月13日報導，Reolink Trackmix Akku PTZ監控攝影機配備兩顆獨立的旋轉變焦鏡頭，支援目標物自動追蹤與6倍光學變焦功能。該產品適用於高端監控應用，展現雙鏡頭設計在安全監控領域的創新應用。,True,2026-05-15T01:31:02.701640
Reolink Trackmix Akku PTZ監控攝影機評測：雙鏡頭自動追蹤與6倍光學變焦,https://www.heise.de/bestenlisten/testbericht/reolink-trackmix-akku-im-test/pjw8t3x#article,heise online,2026-05-13T10:31:00Z,據heise online 2026年5月13日報導，Reolink Trackmix Akku PTZ監控攝影機配備兩顆獨立的旋轉變焦鏡頭，支援目標物自動追蹤與6倍光學變焦功能。該產品適用於高端監控應用，展現雙鏡頭設計在安全監控領域的創新應用。,True,2026-05-15T01:31:02.701642
台積電CoWoS良率達98% 技術領先英特爾、三星,https://www.dailymail.com/news/article-15813989/Keir-Starmer-looked-like-boy-taken-day-school-clutched-wifes-hand-way-Kings-Speech.html,Dailymail.com,2026-05-13T10:19:28Z,根據Yahoo Entertainment報導（2026年5月13日），台積電在台灣技術論壇宣布推出A13、A12及N2U等3項先進製程，並將於今年量產全球最大尺寸CoWoS封裝產品，良率高於98%。該公司同步宣布快速擴充先進製程與先進封裝產能，全面展現在高階晶片封裝技術的領先優勢，直接對標英特爾與三星的技術升級競爭。,False,2026-05-15T01:31:02.701643
NAND/DRAM合同價暴漲逾六倍 AI芯片需求推高成本,https://www.smartworld.it/news/samsung-microled-vendite-crisi-concorrenza-cinese.html,Smartworld.it,2026-05-13T10:14:00Z,據Cnbeta報導（2026年5月13日），生成式AI與大模型訓練引發「內存搶購戰」，NAND Flash合同價自2025年9月以來累計上漲超過600%，DRAM合同價漲幅接近400%。這輪「內存荒」程度超出預期，上游廠商受益但下游整機廠商與消費者承受沉重成本壓力，市場預期短期內難以緩解。,True,2026-05-15T01:31:02.701644
KOSPI指數跌2.3% AI稅收政策風險衝擊南韓股市,https://www.xatakahome.com/televisores/despues-anos-oled-mi-siguiente-tele-sera-miniled-porque-hay-algo-que-me-importa-que-calidad-imagen-1,Xatakahome.com,2026-05-13T08:01:49Z,根據Crypto Briefing報導（2026年5月13日），南韓KOSPI指數因AI稅收提案而下跌2.3%。報導指出，該政策變動突顯市場對監管政策轉變的脆弱性，強調創新與規管之間的微妙平衡，對以AI芯片產業為主的南韓半導體企業造成估值壓力。,True,2026-05-15T01:31:02.701646
Samsung MicroLED電視銷售困境 年銷百台不敵中國廠商,https://www.mundodeportivo.com/elrecomendador/ofertas/20260513/1004182301/5-mejores-ofertas-dia-13-mayo-amazon-45-dyson-garmin-tommy-hilfiger.html,Mundodeportivo.com,2026-05-13T07:36:12Z,根據Smartworld報導（2026年5月13日），Samsung MicroLED電視年銷售量僅約100台，面臨顯著市場挑戰。同時TCL與Hisense等中國廠商以前所未有的低價策略加速推進MicroLED產品，搶占市場份額。這反映MicroLED技術成本與良率問題仍待突破，中國廠商成本優勢日益凸顯。,True,2026-05-15T01:31:02.701647
大氣甲基矽氧烷污染物廣泛分布 科學家發現新型污染威脅,https://www.livemint.com/money/outsourcing-house-chores-is-the-new-and-easy-norm-but-is-it-burning-a-hole-in-your-pocket-11778584777458.html,Livemint,2026-05-13T07:09:13Z,根據Science Daily報導（2026年5月13日），研究人員發現大氣中甲基矽氧烷（Methylsiloxanes）等矽基污染物濃度異常偏高，廣泛分布於城市、鄉村及森林地帶。污染物主要來自車輛排放，這類silicone衍生污染物的發現對環境與公共衛生領域具有重要警示意義，凸顯半導體材料與化工產品環境影響需進一步評估。,True,2026-05-15T01:31:02.701649
BenQ RD280UG tries to prove that tall is the new wide,https://www.creativebloq.com/tech/laptops/benq-rd280ug-tries-to-prove-that-tall-is-the-new-wide,Creative Bloq,2026-05-13T07:00:00Z,BenQ’s programming monitor proves to be more versatile than you might think.,True,2026-05-15T01:31:02.701650
Scientists discover a mysterious silicone pollutant that may be everywhere,https://www.sciencedaily.com/releases/2026/05/260512202353.htm,Science Daily,2026-05-13T05:47:53Z,"Researchers have uncovered unexpectedly high levels of silicone-based pollutants called methylsiloxanes floating through the atmosphere across cities, rural regions, and even forests. Much of the pollution appears to come from vehicle emissions, likely linked…",True,2026-05-15T01:31:02.701651
台積電狠甩英特爾、三星　最大尺寸CoWoS量產良率98%,https://tw.news.yahoo.com/%E5%8F%B0%E7%A9%8D%E9%9B%BB%E7%8B%A0%E7%94%A9%E8%8B%B1%E7%89%B9%E7%88%BE-%E4%B8%89%E6%98%9F-%E6%9C%80%E5%A4%A7%E5%B0%BA%E5%AF%B8cowos%E9%87%8F%E7%94%A2%E8%89%AF%E7%8E%8798-075323222.html,Yahoo Entertainment,2026-05-13T23:53:23Z,（中央社記者張建中新竹14日電）近來英特爾、三星技術提升搶單消息不斷，台積電今天在台灣技術論壇上不僅宣布推出3項先進製程，包括A13、A12及N2U，今年也將量產全球最大尺寸的CoWoS，良率高於98%，全面展現技術領先決心，並將快速擴充先進製程與先進封裝產能，支持客戶強勁需求，用技術領先輾壓對手。,False,2026-05-15T01:31:03.020253
NAND合同价自2025 9月以来暴涨逾六倍、DRAM涨近四倍,https://www.cnbeta.com.tw/articles/tech/1562388.htm,Cnbeta.com.tw,2026-05-13T23:05:53Z,"过去一年多里，由生成式 AI 和大模型训练引发的“内存抢购战”在半导体行业持续上演，非易失性 NAND 闪存和 DRAM 内存的合同价格出现罕见飙升，令上游厂商和投资者受益，却让下游整机厂商与终端消费者承受了沉重成本压力。 根据彭博社援引行业数据，NAND 合同价格自 2025 年 9 月以来累计上涨超过 600%，DRAM 合同价也接近 400% 的涨幅，市场普遍预期这种由 AI 拉动的涨价行情在短期内难以缓解。
多家研究机构认为，这一轮“内存荒”程度超出年初预期，且持续时间会更长。 Pepperstone …",True,2026-05-15T01:31:03.020262
KOSPI falls 2.3% as fears of AI taxes weigh on South Korean stocks,https://cryptobriefing.com/kospi-falls-ai-tax-fears-south-korea/,Crypto Briefing,2026-05-13T22:33:40Z,"The proposed AI tax highlights the vulnerability of markets to policy shifts, underscoring the delicate balance between innovation and regulation.
The post KOSPI falls 2.3% as fears of AI taxes weigh on South Korean stocks appeared first on Crypto Briefing.",True,2026-05-15T01:31:03.020264
Intel ZAM記憶體技術曝光：9層堆疊結構、9GB容量、頻寬媲美HBM4,https://www.techradar.com/pro/details-of-intels-hbm-killer-memory-tech-emerge-revealing-nine-layers-up-to-9gb-of-dram-capacity-and-almost-as-much-bandwidth-as-hbm4-that-powers-nvidias-vera-rubin-ai-platform,TechRadar,2026-05-13T22:30:00Z,據TechRadar於2026年5月13日報導，Intel支持的ZAM記憶體採用9層垂直堆疊架構，容量達9GB，頻寬性能接近驅動Nvidia Vera Rubin AI平台的HBM4。該技術被視為HBM記憶體的潛在替代方案，有望應用於下一代AI硬體系統，預示著高頻寬記憶體技術的多元化發展趨勢。,True,2026-05-15T01:31:03.020266
三星罷工在即：5萬員工停工恐衝擊AI記憶體供應鏈，經損估40兆韓元,https://tw.stock.yahoo.com/news/%E4%B8%89%E6%98%9F%E7%BD%B7%E5%B7%A5%E5%80%92%E6%95%B8-%E6%88%96%E9%80%A0%E6%88%9040%E5%85%86%E9%9F%93%E5%85%83%E7%B6%93%E6%90%8D-%E9%80%BE5%E8%90%AC%E4%BA%BA%E5%81%9C%E5%B7%A5%E6%81%90%E8%A1%9D%E6%93%8Aai%E8%A8%98%E6%86%B6%E9%AB%94%E9%8F%88-052822937.html,Yahoo Entertainment,2026-05-13T21:28:22Z,Yahoo Entertainment報導，三星電子與工會薪酬談判破裂，超過5萬名員工將於5月21日起罷工。工會要求包括透明化獎金標準與提高至營業利益15%等。此舉恐影響半導體生產及全球記憶體供應鏈，尤其是AI應用所需的HBM等先進記憶體產品，可能造成40兆韓元經濟損失。韓國中央勞動委員會要求雙方於5月16日恢復談判。,False,2026-05-15T01:31:03.020267
AI晶片短缺推高消費電子價格：低端產品恐於2028年消失,https://www.eldiario.es/tecnologia/portatiles-consolas-suben-precios-falta-componentes-ia-gama-baja-desaparecera-2028_1_13213781.html,Eldiario.es,2026-05-13T19:53:36Z,Eldiario.es報導，全球人工智慧數據中心已吸收70%的全球記憶體產能，導致筆電、遊戲主機等消費電子產品價格上漲。該供應鏈失衡現象使低價位設備生產在經濟上變得不可行，預計2028年前低端消費市場將被迫退出。此趨勢反映AI晶片需求與消費電子製造能力的嚴重失衡。,True,2026-05-15T01:31:03.020270
台積電技術論壇：CoWoS良率達98%，年度更新速度推進HBM整合,https://tw.stock.yahoo.com/news/%E5%8F%B0%E7%A9%8D%E9%9B%BB%E4%BB%8A%E6%8A%80%E8%A1%93%E8%AB%96%E5%A3%87-cowos%E8%89%AF%E7%8E%8798-%E6%AF%8F%E5%B9%B4%E6%9B%B4%E6%96%B0%E6%95%B4%E5%90%88%E6%9B%B4%E5%A4%9Ahbm-035228315.html,Yahoo Entertainment,2026-05-13T19:52:28Z,台積電於5月14日舉行技術論壇，業務開發資深處長袁立本宣布CoWoS先進封裝良率已達98%，最大光罩尺寸5.5倍已量產。為滿足HBM連接晶片需求，未來5年內CoWoS將維持每年更新迭代的進度，持續整合更多HBM記憶體層級，鞏固台積電在AI晶片封裝領域的領先地位。,False,2026-05-15T01:31:03.020272
iQOO Pad6 Pro平板即將發布：4K螢幕搭載Snapdragon 8 Elite Gen 5,https://droidsans.com/iqoo-pad6-pro-spec-leak/,Droidsans.com,2026-05-13T17:48:52Z,Droidsans.com報導，iQOO將於5月20日推出新款平板電腦Pad6 Pro，配備4K解析度超大螢幕與市場最強Snapdragon 8 Elite Gen 5處理器。該設備針對遊戲與生產力應用優化，為消費端AI應用裝置的代表，與當前AI晶片供應緊張形成對比。,True,2026-05-15T01:31:03.020276
三星製造基地罷工風險：全球供應鏈面臨AI記憶體短缺威脅,https://es.gizmodo.com/la-fabrica-silenciosa-detras-de-la-ia-podria-detenerse-debido-a-una-huelga-y-el-impacto-seria-enorme-2000235848,Gizmodo.com,2026-05-13T17:31:59Z,Gizmodo報導，三星製造園區規劃中的罷工行動恐對全球供應鏈造成巨大衝擊。該工廠是全球重要的記憶體與晶片製造中心，其生產中斷將直接威脅AI應用所需的HBM、DRAM等關鍵元件供應。市場對此潛在風險高度警惕。,False,2026-05-15T01:31:03.020278
美國億萬富翁Tepper看好Micron Technology為2026年最佳AI股票,https://finance.yahoo.com/news/micron-technology-inc-mu-best-170213870.html,Yahoo Entertainment,2026-05-13T17:02:13Z,"Yahoo Entertainment報導，知名投資人David Tepper認為美光科技(Micron Technology Inc., NASDAQ: MU)為2026年最值得買入的AI股票。此背書反映美光在DRAM與NAND快閃記憶體市場的關鍵地位，尤其在AI伺服器與數據中心應用需求持續增長的背景下。報導發佈於2026年5月13日。",False,2026-05-15T01:31:03.020279
伊朗濃縮鈾「危險接近」武器級水平，美國能源部長警示,https://freerepublic.com/focus/f-news/4379070/posts,Freerepublic.com,2026-05-13T16:44:56Z,美國能源部長Chris Wright於2026年5月13日向參議院武裝委員會警示，伊朗濃縮鈾濃度已危險接近武器級標準。該地緣政治風險可能對全球半導體供應鏈造成潛在威脅，特別是對中東地區關鍵元件貿易的影響。(備註：該新聞內容與半導體產業關聯度較低。),True,2026-05-15T01:31:03.020281
MinIO推出MemKV：適應Petabyte級AI推論記憶體需求,https://www.storagereview.com/news/minio-introduces-memkv-for-petabyte-scale-ai-inference-memory,Storagereview.com,2026-05-13T16:17:17Z,Storagereview報導，MinIO發布MemKV上下文記憶體存儲解決方案，專門解決大規模AI推論環境的記憶體瓶頸。MemKV為MinIO數據基礎設施組合的核心組件，與AIStor搭配使用，旨在支撐Petabyte級規模的AI應用。該技術方案反映產業對AI推論基礎設施的持續創新。,True,2026-05-15T01:31:03.020282
Broadcom持續買點分析：AI超級週期投資價值評估,https://247wallst.com/investing/2026/05/13/one-reason-i-cant-stop-buying-broadcom-stock/,24/7 Wall St.,2026-05-13T13:58:13Z,24/7 Wall St.報導，投資人持續加碼Broadcom(NASDAQ:AVGO)股票，因其坐擁當代最大資本週期的核心地位。Broadcom作為AI基礎設施晶片龍頭供應商，受惠於數據中心、高頻寬記憶體互連、AI加速晶片等需求爆發，提供長期成長動能。該評論凸顯AI晶片產業的投資吸引力。,True,2026-05-15T01:31:03.020284
三星電子勞資談判破裂 工會宣布5月21日啟動為期18天全面罷工,https://www.cnbeta.com.tw/articles/tech/1562366.htm,Cnbeta.com.tw,2026-05-13T13:35:11Z,據Cnbeta.com.tw 2026年5月13日報導，三星電子與全國三星電子工會（NSEU）在韓國政府主導的第二轮事后调解中未达共识，逾5万名員工將於5月21日起發動全面罷工。董事會主席申濟允警告罷工將損害投資者和員工利益，並對韓國經濟造成嚴重衝擊。受此消息影響，三星電子股價早盤一度暴跌逾6%。,True,2026-05-15T01:31:03.020285
HBM供應緊張帶動記憶體超級週期 台韓雙雄ETF年報酬狂飆189%,https://consent.yahoo.com/v2/collectConsent?sessionId=1_cc-session_40405bc6-d63c-4176-90e9-d8afcd3010e3,Yahoo Entertainment,2026-05-13T13:15:00Z,根據Yahoo Entertainment 2026年5月13日報導，AI競賽引爆HBM缺貨潮，國泰臺韓科技ETF（00735）同時布局台積電及三星、SK海力士等記憶體廠商，一年期績效達189%，領先同類產品。隨著科技巨頭搶搶產能，市場預期此波記憶體超級週期將延長至2030年，為投資人帶來長線成長機會。,False,2026-05-15T01:31:03.020287
資生堂關閉新竹廠 170員工受影響,https://tw.news.yahoo.com/%E8%B3%87%E7%94%9F%E5%A0%82%E9%97%9C%E9%96%89%E6%96%B0%E7%AB%B9%E5%BB%A0-170%E5%93%A1%E5%B7%A5%E5%8F%97%E5%BD%B1%E9%9F%BF-120705337.html,Yahoo Entertainment,2026-05-13T12:07:05Z,日本美妝大廠資生堂（Shiseido）公布2026年第一季財報，受惠成本改革與營運效率提升，獲利表現明顯改善，並維持全年財測不變。新竹廠關閉案影響170名員工，為公司營運優化策略之一。,False,2026-05-15T01:31:03.020288
AI晶片荒推升記憶體價格 深圳囤貨商五個月身家暴漲320億人民幣,https://unwire.hk/2026/05/13/ai-memory-chip-shortage-demlion-couple-wealth/wireless-home/desktop-pc/,Unwire.hk,2026-05-13T11:52:58Z,據Unwire.hk 2026年5月13日報導，深圳記憶體模組廠德明利創辦人李虎與妻子田華，憑藉提前布局囤積記憶體晶片，乘上AI浪潮供應緊張之勢。首季單季淨利潤達33.46億人民幣，超過過去10年利潤總和，李虎帳面身價暴漲逾320億人民幣。,True,2026-05-15T01:31:03.020290
美光科技（MU）在AI基礎設施競賽中的戰略地位與投資價值,https://finance.yahoo.com/news/why-micron-technology-mu-matters-105646324.html,Yahoo Entertainment,2026-05-13T10:56:46Z,"根據Yahoo Entertainment 2026年5月13日報導，美光科技（Micron Technology, NASDAQ:MU）為最具潛力的AI概念股之一。公司在AI基礎設施領域的最新動態於5月5日公布，突顯其在HBM與記憶體供應鏈中的核心角色與投資機會。",False,2026-05-15T01:31:03.020291
三星罷工威脅全球記憶體與AI晶片供應 價格與產能陷入危機,https://www.numerama.com/tech/2252375-greve-samsung-lia-et-le-prix-de-la-ram-menaces-par-un-scenario-catastrophe.html,Numerama,2026-05-13T09:51:56Z,根據Numerama 2026年5月13日報導，三星與南韓工會於5月12日談判破裂，逾5萬員工威脅罷工，恐擾亂全球DRAM、NAND Flash及HBM等記憶體與晶片生產。罷工風險對全球AI基礎設施建設與記憶體價格構成嚴峻威脅，可能引發供應鏈「災難性」局面。,True,2026-05-15T01:31:03.020292
2025年全球半導體材料市場創新高 營收達732億美元年增6.8%,https://tw.news.yahoo.com/semi-2025%E5%B9%B4%E5%85%A8%E7%90%83%E5%8D%8A%E5%B0%8E%E9%AB%94%E6%9D%90%E6%96%99%E5%B8%82%E5%A0%B4%E7%87%9F%E6%94%B6%E9%81%94732%E5%84%84%E7%BE%8E%E5%85%83-%E5%89%B5%E6%AD%B7%E5%8F%B2%E6%96%B0%E9%AB%98-090747793.html,Yahoo Entertainment,2026-05-13T09:07:47Z,SEMI國際半導體產業協會2026年5月13日公布最新《半導體材料市場報告》，2025年全球半導體材料營收達732億美元，創歷史新高。晶圓製造與封裝材料同步成長，反映先進製程複雜度提升及HBM製造投資持續推進，其中晶圓製造材料營收年增5.4%至458億美元。,False,2026-05-15T01:31:03.020294
記憶體短缺衝擊遊戲市場 NVIDIA GDDR7X可能面臨供應困境,https://elchapuzasinformatico.com/2026/05/gddr7x-quedarse-fuera-plan-nvidia-crisis-memoria/,Elchapuzasinformatico.com,2026-05-13T08:43:22Z,根據Elchapuzasinformatico.com 2026年5月13日報導，全球記憶體危機已蔓延至遊戲晶片領域，NVIDIA與美光合作開發的GDDR7X後繼產品可能因記憶體短缺而面臨上市延遲或產能限制。記憶體供應緊張對下一代GPU架構部署造成重大挑戰。,True,2026-05-15T01:31:03.020295
韓國2兆韓元AI GPU專案進入現場評估階段 記憶體供應成關鍵變數,https://zdnet.co.kr/view/?no=20260513172238,Zdnet.co.kr,2026-05-13T08:29:04Z,據Zdnet.co.kr 2026年5月13日報導，韓國政府2兆韓元規模AI GPU建置事業已進入現場實查階段，網禾雲、三星SDS與Elice Group為主要候選者。惟記憶體價格飆升與供應不穩，使政府原訂目標物量確保與年內服務啟動面臨困難，預計成為重大課題。,True,2026-05-15T01:31:03.020297
AMD推出首款16Pin卡與首款PCIe Instinct加速器 MI350P正式亮相,https://diit.cz/clanek/prvni-16pin-karta-od-amd-zaroven-prvni-pcie-instinct-po-4-letech-mi350p,Diit.cz,2026-05-13T08:00:00Z,根據Diit.cz 2026年5月13日報導，AMD正式推出MI350P AI加速器，為AMD四年來首款PCIe Instinct產品，亦為首款採用16Pin電源連接器的AMD卡。該產品填補消費級與專業級AI加速器之間的市場空白，加強AMD在AI基礎設施領域競爭力。,True,2026-05-15T01:31:03.020300
亞馬遜員工刻意虛增AI Token消耗量衝排行榜，續Meta與微軟後再爆類似醜聞,https://www.ithome.com/0/949/900.htm,Ithome.com,2026-05-13T07:46:38Z,據英國《金融時報》5月13日報道，亞馬遜成為第三家被揭露員工存在虛增AI Token消耗量行為的科技巨頭。公司設定考核目標要求超80%研發人員周使用AI工具，並透過內部排行榜實時統計Token數據。多名員工利用亞馬遜自研智能體平台MeshClaw，刻意觸發代碼部署、郵件處理等功能來刷高AI使用量。此現象反映出企業AI普及考核指標可能導致的數據失真問題。,True,2026-05-15T01:31:03.020302
龍芯2027推8核CPU 3B6600與GPU 9A1000，目標對標Intel第12代與Radeon RX 550,https://www.pcgameshardware.de/CPU-CPU-154106/News/Loongson-3B6600-9A1000-China-GPU-2027-1534302/,PC Games Hardware,2026-05-13T06:46:00Z,龍芯科技宣布將於2027年發布8核心處理器3B6600與獨立顯卡9A1000。其中CPU性能目標對標Intel第12代產品線，GPU性能瞄準AMD Radeon RX 550級別。此舉標誌著中國在自主CPU與GPU設計領域的進一步推進，旨在降低國內產業對境外晶片的依賴。,True,2026-05-15T01:31:03.020304
三星市值突破1兆美元，李氏家族躍升南韓首富前四名,https://www.donanimhaber.com/samsung-un-piyasa-degeri-1-trilyon-dolara-ulasti--205572,Donanimhaber.com,2026-05-13T06:30:00Z,受惠於AI記憶體晶片需求爆發，三星市值突破1兆美元大關。該公司在高頻寬記憶體（HBM）領域的領先地位，以及AI晶片投資熱潮，推動股價創新高。Lee家族資產隨之大幅增長，現已佔據南韓最富有人士排行榜前四席位，反映出三星在AI時代的核心地位。,True,2026-05-15T01:31:03.020305
AI與HBM投資熱潮引爆，2025全球半導體材料市場達732億美元創新高，台灣連16年居冠,https://consent.yahoo.com/v2/collectConsent?sessionId=1_cc-session_3f334837-6946-4aa1-9802-eadf2c867131,Yahoo Entertainment,2026-05-13T06:14:32Z,SEMI國際半導體產業協會公布數據顯示，2025年全球半導體材料市場營收年增6.8%，達732億美元（約新台幣2.31兆元），創歷史紀錄。增長主要驅動力為AI與HBM製造需求擴大，推升晶圓製造與先進封裝材料同步成長。台灣以217億美元消費額，連續16年穩居全球最大半導體材料消費市場，光罩與光阻劑等微影材料表現亮眼。,False,2026-05-15T01:31:03.020307
SEMI報告：先進製程與HBM驅動材料市場，2025年達732億美元歷史高位,https://tw.news.yahoo.com/%E8%A8%98%E6%86%B6%E9%AB%94-%E5%85%88%E9%80%B2%E5%B0%81%E8%A3%9D%E5%85%A5%E6%89%8B-%E5%A0%B1%E5%91%8A-%E6%AC%A1%E7%9C%8B-140500079.html,Yahoo Entertainment,2026-05-13T06:05:00Z,根據SEMI最新《半導體材料市場報告》，2025年全球市場營收年增6.8%達732億美元創新高。晶圓製造與封裝材料雙引擎並行成長，受惠於先進製程複雜度提升、高效能運算與HBM需求激增。台灣以217億美元營收連16年領跑全球，微影相關材料與打線材料需求強勁，顯示產業鏈持續擴張態勢。,False,2026-05-15T01:31:03.020308
SEMI：2025全球半導體材料市場營收732億美元創歷史新高，晶圓與封裝齊驅,https://technews.tw/2026/05/13/semi-materials-market-data-subscription-2025/,Technews.tw,2026-05-13T04:00:22Z,國際半導體產業協會（SEMI）公布最新數據，2025年全球半導體材料市場營收年增6.8%，達732億美元創新高。晶圓製造材料與先進封裝材料同步成長，反映製程複雜度提升、先進製程與高頻寬記憶體（HBM）需求大幅增加。此趨勢顯示在AI與高效能運算驅動下，半導體材料市場將持續保持強勁成長動能。,False,2026-05-15T01:31:03.020309
64Gb MLC NAND現貨價暴漲超300%，三星與鎧俠減產引發2D NAND供應斷崖式下跌,https://www.ithome.com/0/949/711.htm,Ithome.com,2026-05-13T03:41:34Z,據韓媒報道，全球存儲廠商正將產能轉向HBM與高層數3D NAND，導致傳統2D NAND與MLC NAND供應迅速收緊。64Gb MLC NAND現貨價較2025年底暴漲逾300%，近期成交價區間已達20至28美元。三星自3月起逐步調整產能配置，加劇2D NAND市場供應危機，反映業界向先進記憶體製程集中的發展趨勢。,True,2026-05-15T01:31:03.020311
群創7季來首度本業轉盈，AI與先進封裝題材引爆，外資單日狂搶12萬張居冠,https://www.ledauphine.com/faits-divers-justice/2026/05/13/reconverti-en-mule-le-boulanger-ramene-des-pays-bas-pres-d-un-kilo-de-cocaine-et-d-heroine,Le Dauphiné Libéré,2026-05-13T14:05:00Z,群創光電因AI應用與先進封裝需求增溫，實現七季來首度本業轉盈。相關題材激發市場熱情，外資單日淨買12萬張股票，為當日融資餘額冠軍。儘管台股受美伊局勢與通膨數據影響下跌523.82點，群創作為顯示驅動與封裝材料商，受惠於HBM與先進製程建設周期。,True,2026-05-15T01:31:03.421653
本業睽違7季轉盈！群創AI、先進封裝題材點火 外資單日瘋搶12萬張霸榜,https://tw.stock.yahoo.com/news/%E6%9C%AC%E6%A5%AD%E7%9D%BD%E9%81%957%E5%AD%A3%E8%BD%89%E7%9B%88-%E7%BE%A4%E5%89%B5ai-%E5%85%88%E9%80%B2%E5%B0%81%E8%A3%9D%E9%A1%8C%E6%9D%90%E9%BB%9E%E7%81%AB-%E5%A4%96%E8%B3%87%E5%96%AE%E6%97%A5%E7%98%8B%E6%90%B612%E8%90%AC%E5%BC%B5%E9%9C%B8%E6%A6%9C-120000113.html,Yahoo Entertainment,2026-05-13T12:00:00Z,[FTNN新聞網]記者邱梓欣／綜合報導由於美伊局勢再度緊張，以及美國通膨數據高於預期影響，台股今（13）日開低走低，加權指數終場大跌523.82點，以41374.5點作...,False,2026-05-15T01:31:03.421669
Met 1 ticket door heel Europa sporen: zo wil Europese Commissie reizen met trein makkelijker en goedkoper maken,https://www.vrt.be/vrtnws/nl/2026/05/12/verschillende-treinritten-voortaan-op-1-ticket-europa-wil-reize/,Www.vrt.be,2026-05-13T09:59:31Z,Je treinreis doorheen Europa met 1 enkel treinticket van begin tot einde afleggen: dat wil de Europese Commissie realiseren met een nieuw voorstel voor een eengemaakt reisbiljet over alle spoorwegmaatschappijen heen. Het moet reizen eenvoudiger én goedkoper m…,True,2026-05-15T01:31:03.421671
台系面板廠轉進半導體先進封裝、光通訊領域，積極實踐輕資產策略,https://technews.tw/2026/05/13/taiwanese-panel-makers-light-asset-strategy-shift-semiconductor-advanced-packaging-optical-communication/,Technews.tw,2026-05-13T06:20:53Z,據 TrendForce 最新研究報告（2026年5月13日），台系面板廠因應中系廠商主導傳統面板市場的挑戰，正積極轉向半導體、光通訊、先進封裝和車用系統整合等高附加價值領域發展。韓系廠商聚焦 AMOLED 面板，日廠則逐步退出傳統顯示市場。短期內台系廠商仍需依靠傳統顯示業務維持營收與現金流，未來兩至三年的策略轉型將成為關鍵。,False,2026-05-15T01:31:03.421673
法國 Alstom 公布 2025/26 財年成績：商業表現創紀錄，執行面臨挑戰,https://www.globenewswire.com/news-release/2026/05/13/3293650/0/en/ALSTOM-S-A-Alstom-s-Fiscal-Year-2025-26-Results-Record-commercial-performance-Challenging-execution-Action-plan-for-2026-27.html,GlobeNewswire,2026-05-13T05:30:00Z,全球永續智慧交通領導廠商 Alstom 公布 2025/26 財年財務成績（2026年5月13日）。首席執行官 Martin Sion 表示該公司商業表現創下歷史新高，但營運執行面臨困難。Alstom 已制定 2026/27 年度行動計畫以應對挑戰，持續推進軌道交通與城市機動力解決方案的市場領導地位。,True,2026-05-15T01:31:03.421674
法國 Alstom 公布 2025/26 財年績效：商業表現創紀錄，執行困難及 2026/27 行動計畫,https://www.globenewswire.com/news-release/2026/05/13/3293650/0/fr/ALSTOM-S-A-Exercice-fiscal-2025-26-d-Alstom-Performance-commerciale-record-Ex%C3%A9cution-difficile-Plan-d-action-pour-2026-27.html,GlobeNewswire,2026-05-13T05:30:00Z,全球智慧永續交通領導企業 Alstom 於 2026年5月13日發佈 2025/26 財年財務結果。首席執行官 Martin Sion 公開聲明指出，Alstom 達成創紀錄的商業表現，但在執行層面面臨挑戰。公司已規劃 2026/27 年度行動方案，以優化營運效率並維持市場競爭力。,True,2026-05-15T01:31:03.421676
基因靶向 mTORC1 抑制劑 TerminaTOR 揭示核 mTORC1 的轉錄調控機制,https://www.nature.com/articles/s41589-026-02188-z,Nature.com,2026-05-14T00:00:00Z,Nature 期刊研究（2026年5月14日）報導，科學家開發了遺傳編碼多肽抑制劑 TerminaTOR，可精準抑制亞細胞層級的 mTORC1 活性。研究發現核 mTORC1 能調控特定基因集合，促進癌細胞增殖。該成果揭示了 mTORC1 信號通路的新型轉錄調控機制，對癌症治療開發具有重要意義。,True,2026-05-15T01:31:04.119173
JavaTide 產品聲稱評估：成份純度與效能檢驗,https://www.globenewswire.com/news-release/2026/05/13/3294320/0/en/JavaTide-Claims-Evaluated-Investigating-the-Java-Tide-Ingredients-for-Purity-and-Potency.html,GlobeNewswire,2026-05-13T17:01:00Z,GlobeNewswire 報導（2026年5月13日）對腸道益菌補充劑產品 JavaTide 進行成份檢驗與評估，包括產品純度、減重支持聲稱及微生物體（microbiome）功效驗證，深入分析該產品的合法性與實際功效。,True,2026-05-15T01:31:04.119182
化學遺傳學揭示利什曼蟲 KKT2 和 CRK9 激酶活性對細胞週期進展的必要性,https://journals.plos.org/plospathogens/article?id=10.1371/journal.ppat.1014194,Plos.org,2026-05-13T14:00:00Z,PLOS 期刊研究（2026年5月13日）透過化學遺傳學方法探討利什曼蟲（Leishmania）的蛋白激酶功能。研究證實 KKT2 和 CRK9 激酶對寄生蟲細胞週期進展至關重要，相關發現有助於開發治療利什曼病原蟲感染的新策略，該疾病全球影響數百萬人口。,True,2026-05-15T01:31:04.119184
阿拉斯加狹鱈蛋白作為功能性膳食來源促進骨骼肌肥大與脂質代謝重塑,https://journals.plos.org/plosone/article?id=10.1371/journal.pone.0348366,Plos.org,2026-05-13T14:00:00Z,PLOS 期刊研究（2026年5月13日）報告指出，阿拉斯加狹鱈蛋白（APP）能促進骨骼肌肥大，特別是快速肌纖維的生長。時間控制進食模型實驗發現，攝取 APP 後 90 分鐘血漿明顯增強 C2C12 肌管肥大與收縮能力，揭示其作為運動營養補充的潛力。,True,2026-05-15T01:31:04.119185
肝臟巨噬細胞透過 Clec4d 介導捕獲機制抑制鉤端螺旋體播散,https://journals.plos.org/plospathogens/article?id=10.1371/journal.ppat.1014232,Plos.org,2026-05-13T14:00:00Z,PLOS 期刊研究（2026年5月13日）闡述肝臟巨噬細胞在鉤端螺旋體感染防禦中的關鍵角色。研究發現肝臟巨噬細胞透過 Clec4d 信號途徑經由 C/EBPβ 活化，有效捕獲並限制循環中的病原體。該機制對全球重要人獸共通傳染病鉤端螺旋體病的防控有重要啟示。,True,2026-05-15T01:31:04.119187
